date,Momentum-20d,MeanReversion-20d/1σ,RSI-14d(oversold<40),BollingerBands-20d/2σ,SMACross-10/30d,Buy&Hold
2021-04-13,1000000.0,1000000.0,1000000.0,1000000.0,1000000.0,1000000.0
2021-04-14,1000000.0,1000000.0,1000000.0,1000000.0,1000000.0,974329.5385694696
2021-04-15,1000000.0,1000000.0,1000000.0,1000000.0,1000000.0,1029197.3596096813
2021-04-16,1000000.0,1000000.0,1000000.0,1000000.0,1000000.0,1014860.1677349404
2021-04-19,1000000.0,1000000.0,1000000.0,1000000.0,1000000.0,979737.8742944609
2021-04-20,1000000.0,1000000.0,1000000.0,1000000.0,1000000.0,967588.2521764087
2021-04-21,1000000.0,1000000.0,1000000.0,1000000.0,1000000.0,979654.9634873561
2021-04-22,1000000.0,1000000.0,1000000.0,1000000.0,1000000.0,947115.6605759113
2021-04-23,1000000.0,1000000.0,1000000.0,1000000.0,1000000.0,973583.3413055262
2021-04-26,1000000.0,1000000.0,1000000.0,1000000.0,1000000.0,987148.8248987531
2021-04-27,1000000.0,1000000.0,1000000.0,1000000.0,1000000.0,981013.4251729965
2021-04-28,1000000.0,1000000.0,1000000.0,1000000.0,1000000.0,974316.7830606842
2021-04-29,1000000.0,1000000.0,1000000.0,1000000.0,1000000.0,977378.10516917
2021-04-30,1000000.0,1000000.0,1000000.0,1000000.0,1000000.0,957269.045569055
2021-05-03,1000000.0,1000000.0,1000000.0,1000000.0,1000000.0,946254.6637328996
2021-05-04,1000000.0,1000000.0,1000000.0,1000000.0,1000000.0,915290.6661564463
2021-05-05,1000000.0,1000000.0,1007469.7065771045,1000000.0,1000000.0,922127.6188653975
2021-05-06,1000000.0,1000000.0,1011964.0729411271,1000000.0,1000000.0,926241.270448675
2021-05-07,1000000.0,1000000.0,1032122.525485496,1000000.0,1000000.0,944692.1139066934
2021-05-10,1000000.0,1000000.0,1032122.525485496,1000000.0,1000000.0,909837.6861507064
2021-05-11,1000000.0,1002838.9575067644,1035052.6774771238,1000000.0,1000000.0,912420.676679741
2021-05-12,1000000.0,964439.4285634174,995419.658686663,1000000.0,1000000.0,877483.3381166491
2021-05-13,1000000.0,957906.3214120484,988676.6916343247,993226.005741905,1000000.0,871539.2710226729
2021-05-14,1000000.0,998401.772070266,1030472.9584383576,1035214.5946142385,1000000.0,908383.5581491756
2021-05-17,1000000.0,998401.772070266,1024865.8774667243,1029581.7131227967,1000000.0,903440.7984948499
2021-05-18,1000000.0,987850.7329061759,1014035.1675124855,1018701.1665515862,1000000.0,893893.3001690105
2021-05-19,1000000.0,991374.7940832267,1017652.6391070876,1022335.283642839,1000000.0,897082.1773653496
2021-05-20,1000000.0,991374.7940832267,1057206.0735224672,1062070.7199185959,1000000.0,931949.3606301221
2021-05-21,1000000.0,991374.7940832267,1057206.0735224672,1062070.7199185959,1000000.0,956140.183041551
2021-05-24,1000000.0,991374.7940832267,1057206.0735224672,1062070.7199185959,1000000.0,995695.015784942
2021-05-25,1002293.1078657443,991374.7940832267,1057206.0735224672,1062070.7199185959,1000000.0,997978.2518575209
2021-05-26,1005636.6897258519,991374.7940832267,1057206.0735224672,1062070.7199185959,1000000.0,1001307.439650499
2021-05-27,992057.3917499359,991374.7940832267,1057206.0735224672,1062070.7199185959,1000000.0,987786.600338021
2021-05-28,1040513.7074045604,991374.7940832267,1057206.0735224672,1062070.7199185959,1000000.0,1036034.3123186324
2021-06-01,1041794.7732513451,991374.7940832267,1057206.0735224672,1062070.7199185959,1001231.1859398568,1037309.8631971682
2021-06-02,1074705.3548552396,991374.7940832267,1057206.0735224672,1062070.7199185959,1032860.3527347721,1070078.7652667495
2021-06-03,1086971.5603382012,991374.7940832267,1057206.0735224672,1062070.7199185959,1044648.9581088985,1082292.1649287285
2021-06-04,1125947.9887266203,991374.7940832267,1057206.0735224672,1062070.7199185959,1082107.7903290344,1121100.8004081761
2021-06-07,1128554.9577248269,991374.7940832267,1057206.0735224672,1062070.7199185959,1084613.2537166427,1123696.5464459963
2021-06-08,1118178.3243658722,991374.7940832267,1057206.0735224672,1062070.7199185959,1074640.6476038045,1113364.5843298575
2021-06-09,1111856.2644119905,991374.7940832267,1057206.0735224672,1062070.7199185959,1068564.7449906124,1107069.7407442837
2021-06-10,1116128.619011017,991374.7940832267,1057206.0735224672,1062070.7199185959,1072670.750100034,1111323.7029242006
2021-06-11,1141769.151934409,991374.7940832267,1057206.0735224672,1062070.7199185959,1097312.9366862632,1136853.8537580916
2021-06-14,1154163.4640020493,991374.7940832267,1057206.0735224672,1062070.7199185959,1109224.6606543756,1149194.8085079242
2021-06-15,1139411.9907763256,991374.7940832267,1057206.0735224672,1062070.7199185959,1095047.5545569272,1134506.840141586
2021-06-16,1140808.3525493208,991374.7940832267,1057206.0735224672,1062070.7199185959,1096389.547231371,1135897.19059919
2021-06-17,1195061.4911606454,991374.7940832267,1057206.0735224672,1062070.7199185959,1148530.2717842967,1189916.7703051753
2021-06-18,1193876.5052523697,991374.7940832267,1057206.0735224672,1062070.7199185959,1147391.4247899293,1188736.88574253
2021-06-21,1180329.2339226233,991374.7940832267,1057206.0735224672,1062070.7199185959,1134371.633475946,1175247.9352020153
2021-06-22,1209761.7217524978,991374.7940832267,1057206.0735224672,1062070.7199185959,1162658.1304441507,1204553.7166363723
2021-06-23,1220682.808096336,991374.7940832267,1057206.0735224672,1062070.7199185959,1173153.990581428,1215427.787875889
2021-06-24,1230175.506021009,991374.7940832267,1057206.0735224672,1062070.7199185959,1182277.078395765,1224879.6198858384
2021-06-25,1218998.206507814,991374.7940832267,1057206.0735224672,1062070.7199185959,1171534.9810705164,1213750.4384706144
2021-06-28,1280105.0473994357,991374.7940832267,1057206.0735224672,1062070.7199185959,1230262.5504016746,1274594.2153767657
2021-06-29,1282782.4750192154,991374.7940832267,1057206.0735224672,1062070.7199185959,1232835.729015975,1277260.1167129055
2021-06-30,1281225.9800153722,991374.7940832267,1057206.0735224672,1062070.7199185959,1231339.8380990494,1275710.3223954847
2021-07-01,1294645.1447604399,991374.7940832267,1057206.0735224672,1062070.7199185959,1244236.5108190468,1289071.7178481456
2021-07-02,1312259.800153727,991374.7940832267,1057206.0735224672,1062070.7199185959,1261165.3174920743,1306610.542428011
2021-07-06,1325807.0714834733,991374.7940832267,1057206.0735224672,1062070.7199185959,1274185.1088060576,1320099.4929685257
2021-07-07,1304880.8608762482,991374.7940832267,1057206.0735224672,1062070.7199185959,1254073.6864785007,1299263.3693676456
2021-07-08,1274839.866769151,991374.7940832267,1057206.0735224672,1062070.7199185959,1225202.3761888642,1269351.701265984
2021-07-09,1284281.3220599531,991374.7940832267,1057206.0735224672,1062070.7199185959,1234276.216565607,1278752.511240792
2021-07-12,1313893.1591083773,991374.7940832267,1057206.0735224672,1062070.7199185959,1262735.0795653916,1308236.8697981439
2021-07-13,1297079.1698693305,991374.7940832267,1057206.0735224672,1062070.7199185959,1246575.7641047742,1291495.2645173634
2021-07-14,1270913.3999487564,991374.7940832267,1057206.0735224672,1062070.7199185959,1221428.7912832038,1265442.1378232723
2021-07-15,1214853.9584934658,991374.7940832267,1057206.0735224672,1062070.7199185959,1167552.0945550804,1209624.0313785516
2021-07-16,1163271.842172687,991374.7940832267,1057206.0735224672,1062070.7199185959,1117978.3926867559,1158263.9752543129
2021-07-19,1163271.842172687,1025153.9209252894,1057206.0735224672,1062070.7199185959,1156071.2856659181,1197729.5194362064
2021-07-20,1152877.854211336,1015994.0348811747,1047759.7972502452,1062070.7199185959,1145741.6356305215,1187027.6475652922
2021-07-21,1202308.1426091788,1059555.3523019345,1092683.0896533024,1062070.7199185959,1194865.9546307987,1237922.1276188653
2021-07-22,1213705.6025906361,1059555.3523019345,1092683.0896533024,1062070.7199185959,1206192.865277479,1249657.1957013935
2021-07-23,1211475.664768177,1059555.3523019345,1092683.0896533024,1062070.7199185959,1203976.7305857372,1247361.2041200292
2021-07-26,1195122.7874034774,1059555.3523019345,1092683.0896533024,1062070.7199185959,1187725.0761796306,1230523.9325233586
2021-07-27,1189795.7137164916,1059555.3523019345,1087812.6249642703,1062070.7199185959,1187725.0761796306,1225039.063745655
2021-07-28,1189795.7137164916,1059555.3523019345,1104519.4515138569,1062070.7199185959,1187725.0761796306,1243853.439204056
2021-07-29,1189795.7137164916,1059555.3523019345,1104519.4515138569,1062070.7199185959,1187725.0761796306,1253994.0686884148
2021-07-30,1189795.7137164916,1059555.3523019345,1104519.4515138569,1062070.7199185959,1187725.0761796306,1243598.329028349
2021-08-02,1189795.7137164916,1059555.3523019345,1104519.4515138569,1062070.7199185959,1187725.0761796306,1259606.4925539717
2021-08-03,1189795.7137164916,1059555.3523019345,1104519.4515138569,1062070.7199185959,1187725.0761796306,1263752.0329092126
2021-08-04,1189795.7137164916,1059555.3523019345,1104519.4515138569,1062070.7199185959,1187725.0761796306,1293025.925571606
2021-08-05,1189795.7137164916,1059555.3523019345,1104519.4515138569,1062070.7199185959,1187725.0761796306,1316177.1740170284
2021-08-06,1174171.6095144677,1059555.3523019345,1104519.4515138569,1062070.7199185959,1172128.1630796315,1298893.4596128704
2021-08-09,1170078.2095205795,1059555.3523019345,1104519.4515138569,1062070.7199185959,1168041.8869538016,1294365.2539940686
2021-08-10,1170078.2095205795,1059555.3523019345,1104519.4515138569,1062070.7199185959,1147380.2935851682,1271469.1157243534
2021-08-11,1170078.2095205795,1059555.3523019345,1104519.4515138569,1062070.7199185959,1133740.188770778,1256353.837813706
2021-08-12,1170078.2095205795,1059555.3523019345,1104519.4515138569,1062070.7199185959,1145596.1448541721,1269492.0118626233
2021-08-13,1186713.835408262,1059555.3523019345,1104519.4515138569,1062070.7199185959,1161883.696172621,1287541.0567939028
2021-08-16,1172723.4503861119,1059555.3523019345,1104519.4515138569,1062070.7199185959,1148186.03817336,1272362.0013393282
2021-08-17,1143802.150256289,1059555.3523019345,1104519.4515138569,1062070.7199185959,1119869.8712169041,1240983.4497273508
2021-08-18,1119230.8017720087,1059555.3523019345,1104519.4515138569,1062070.7199185959,1095812.639940891,1214324.4363659553
2021-08-19,1119230.8017720087,1101737.2302979883,1104519.4515138569,1062070.7199185959,1139437.9540729914,1262667.8146624572
2021-08-20,1176780.9056311816,1101737.2302979883,1104519.4515138569,1062070.7199185959,1198027.0962715116,1327593.3543799229
2021-08-23,1241341.0417875424,1101737.2302979883,1104519.4515138569,1062070.7199185959,1263752.8333940168,1400427.3095443093
2021-08-24,1232013.1762308003,1101737.2302979883,1104519.4515138569,1062070.7199185959,1254256.5578903274,1389904.0147963902
2021-08-25,1255756.8340115987,1101737.2302979883,1104519.4515138569,1062070.7199185959,1278428.8955360826,1416690.5832456392
2021-08-26,1247559.6188253707,1101737.2302979883,1104519.4515138569,1062070.7199185959,1270083.68372981,1407442.8393762556
2021-08-27,1279670.089347974,1101737.2302979883,1104519.4515138569,1062070.7199185959,1302773.8927364498,1443668.4843266685
2021-08-30,1282609.7803113107,1101737.2302979883,1104519.4515138569,1062070.7199185959,1305766.6583497336,1446984.9166108612
2021-08-31,1265480.4271980207,1101737.2302979883,1104519.4515138569,1062070.7199185959,1288328.0433338676,1427660.320801046
2021-09-01,1268646.2482354601,1101737.2302979883,1104519.4515138569,1062070.7199185959,1291551.0216866345,1431231.8632609458
2021-09-02,1266102.2849018031,1101737.2302979883,1104519.4515138569,1062070.7199185959,1288961.1283674466,1428361.8737842406
2021-09-03,1291372.3206827955,1101737.2302979883,1104519.4515138569,1062070.7199185959,1314687.4020047144,1456870.4359195125
2021-09-07,1281139.9348296418,1101737.2302979883,1104519.4515138569,1062070.7199185959,1304270.2755430914,1445326.7004687649
2021-09-08,1262879.9313458374,1101737.2302979883,1104519.4515138569,1062070.7199185959,1285680.5968298083,1424726.5537804137
2021-09-09,1253721.6633446724,1101737.2302979883,1104519.4515138569,1062070.7199185959,1276356.9808807315,1414394.591664275
2021-09-10,1270737.9514209114,1101737.2302979883,1104519.4515138569,1062070.7199185959,1293680.489526856,1433591.6323862367
2021-09-13,1252308.35038153,1101737.2302979883,1104519.4515138569,1062070.7199185959,1274918.1512589604,1412800.1530661054
2021-09-14,1257396.277048844,1101737.2302979883,1104519.4515138569,1062070.7199185959,1280097.9378973364,1418540.1320195158
2021-09-15,1262992.9963828893,1101737.2302979883,1104519.4515138569,1062070.7199185959,1285795.7031995503,1424854.1088682676
2021-09-16,1257396.2770488441,1101737.2302979883,1104519.4515138569,1062070.7199185959,1280097.9378973367,1418540.1320195158
2021-09-17,1238062.155713051,1101737.2302979883,1104519.4515138569,1062070.7199185959,1260414.7486715075,1396728.2119965558
2021-09-20,1193571.0636333174,1101737.2302979883,1064827.35980877,1062070.7199185959,1215120.3921781525,1346535.2849261775
2021-09-21,1201089.8885972367,1108677.5538725457,1071535.1720028953,1068761.1668351484,1222774.965765975,1355017.6982684394
2021-09-22,1201089.8885972367,1144944.65826591,1106587.2733180611,1103722.524782547,1262774.4292512124,1399343.0912975539
2021-09-23,1230705.2037483742,1144944.65826591,1106587.2733180611,1130937.049458148,1293910.7022663397,1433846.7425619438
2021-09-24,1208753.7409468843,1144944.65826591,1106587.2733180611,1130937.049458148,1270831.875133131,1408271.9474473037
2021-09-27,1185707.4420954448,1144944.65826591,1106587.2733180611,1130937.049458148,1246601.9843025052,1381421.6014541278
2021-09-28,1185707.4420954448,1094146.3287832907,1057490.7650235712,1130937.049458148,1191293.3736416232,1320131.3817404893
2021-09-29,1185707.4420954448,1084525.8335014626,1048192.570944906,1120993.0645795844,1191293.3736416232,1308523.8687458145
2021-09-30,1185707.4420954448,1095044.9464744506,1058359.2776572928,1131865.8832105412,1191293.3736416232,1321215.5999872445
2021-10-01,1185707.4420954448,1096419.3029432832,1059687.591097102,1133286.4524789073,1191293.3736416232,1322873.8161293408
2021-10-04,1185707.4420954448,1043030.840115556,1008087.7228583558,1078102.800130836,1191293.3736416232,1258458.4967632894
2021-10-05,1185707.4420954448,1081037.0824651956,1044820.6983669287,1117387.0041291167,1191293.3736416232,1304314.550846647
2021-10-06,1185707.4420954448,1094199.1886474767,1057541.8540020254,1130991.6867377006,1191293.3736416232,1320195.159284416
2021-10-07,1185707.4420954448,1094199.1886474767,1076700.220922352,1151480.6665699054,1191293.3736416232,1344111.7382569597
2021-10-08,1185707.4420954448,1094199.1886474767,1076700.220922352,1138149.1703590841,1191293.3736416232,1328550.0175388246
2021-10-11,1185707.4420954448,1094199.1886474767,1076700.220922352,1130718.500339938,1191293.3736416232,1319876.2715647821
2021-10-12,1185707.4420954448,1094199.1886474767,1076700.220922352,1129407.2056306768,1191293.3736416232,1318345.610510539
2021-10-13,1185707.4420954448,1094199.1886474767,1090659.6645490362,1144049.996550759,1191293.3736416232,1335437.9922829173
2021-10-14,1185707.4420954448,1094199.1886474767,1132694.2578577457,1188142.2811496635,1191293.3736416232,1386906.4702318313
2021-10-15,1185707.4420954448,1094199.1886474767,1132694.2578577457,1188142.2811496635,1191293.3736416232,1394304.665327338
2021-10-18,1185707.4420954448,1094199.1886474767,1132694.2578577457,1188142.2811496635,1191293.3736416232,1417264.5811409804
2021-10-19,1189335.7431512673,1094199.1886474767,1132694.2578577457,1188142.2811496635,1191293.3736416232,1421601.4541280014
2021-10-20,1179357.9152477551,1094199.1886474767,1132694.2578577457,1188142.2811496635,1191293.3736416232,1409675.053413693
2021-10-21,1210785.405275395,1094199.1886474767,1132694.2578577457,1188142.2811496635,1191293.3736416232,1447240.0267865683
2021-10-22,1212599.5558033062,1094199.1886474767,1132694.2578577457,1188142.2811496635,1193078.31876342,1449408.463280079
2021-10-25,1236076.7979292173,1094199.1886474767,1132694.2578577457,1188142.2811496635,1216177.6085749092,1477470.5826078637
2021-10-26,1318834.0764230536,1094199.1886474767,1132694.2578577457,1188142.2811496635,1297602.6051604087,1576389.5532383046
2021-10-27,1304641.016410571,1094199.1886474767,1132694.2578577457,1188142.2811496635,1283638.0345016448,1559424.7265537805
2021-10-28,1330786.126959881,1094199.1886474767,1132694.2578577457,1188142.2811496635,1309362.2436098943,1590675.723077904
2021-10-29,1364187.8396208363,1094199.1886474767,1132694.2578577457,1188142.2811496635,1342226.2332053313,1630600.4655760706
2021-11-01,1378060.7554225111,1094199.1886474767,1132694.2578577457,1188142.2811496635,1355875.8135484841,1647182.6269970345
2021-11-02,1408687.8849231312,1094199.1886474767,1132694.2578577457,1188142.2811496635,1386009.8870752903,1683790.9372110078
2021-11-03,1419199.2865113232,1094199.1886474767,1132694.2578577457,1188142.2811496635,1396352.0691045253,1696355.1133645843
2021-11-04,1590102.937714262,1094199.1886474767,1132694.2578577457,1188142.2811496635,1564504.3992549798,1900634.5865620712
2021-11-05,1587488.426659331,1094199.1886474767,1132694.2578577457,1188142.2811496635,1561931.9783441548,1897509.4869096589
2021-11-08,1643620.3782876455,1094199.1886474767,1132694.2578577457,1188142.2811496635,1617160.2803479882,1964603.4631206351
2021-11-09,1635776.8451228526,1094199.1886474767,1132694.2578577457,1188142.2811496635,1609443.0176155136,1955228.1641633979
2021-11-10,1571854.717698213,1094199.1886474767,1132694.2578577457,1188142.2811496635,1546549.9512651407,1878822.6665391114
2021-11-11,1621530.4277419022,1094199.1886474767,1132694.2578577457,1188142.2811496635,1595425.9485708147,1938199.559934947
2021-11-12,1621530.4277419022,1094199.1886474767,1132694.2578577457,1188142.2811496635,1595425.9485708147,1938199.559934947
2021-11-15,1602054.9882510896,1094199.1886474767,1132694.2578577457,1188142.2811496635,1576264.0377044657,1914920.7564016709
2021-11-16,1611552.59983839,1094199.1886474767,1132694.2578577457,1188142.2811496635,1585608.7504009318,1926273.1592206385
2021-11-17,1561289.9587415531,1094199.1886474767,1132694.2578577457,1188142.2811496635,1536155.2708499709,1866194.7128416083
2021-11-18,1690094.6462232561,1094199.1886474767,1132694.2578577457,1188142.2811496635,1662886.3744975508,2020153.7038808635
2021-11-19,1759992.7989163094,1094199.1886474767,1132694.2578577457,1188142.2811496635,1731659.2600726662,2103702.2864249498
2021-11-22,1705088.0667627582,1094199.1886474767,1132694.2578577457,1188142.2811496635,1677638.4209453424,2038075.1937242895
2021-11-23,1693883.0193844824,1094199.1886474767,1132694.2578577457,1188142.2811496635,1666613.7598989496,2024681.909499665
2021-11-24,1743398.6573227674,1094199.1886474767,1132694.2578577457,1188142.2811496635,1715332.2620468177,2083867.47026372
2021-11-26,1680917.1788467632,1094199.1886474767,1132694.2578577457,1188142.2811496635,1653856.6521166952,2009183.9663254567
2021-11-29,1780855.529987289,1094199.1886474767,1132694.2578577457,1188142.2811496635,1752186.1289733301,2128639.306100322
2021-11-30,1743505.3720597036,1094199.1886474767,1132694.2578577457,1188142.2811496635,1715437.2588186883,2083995.0253515735
2021-12-01,1677288.8777909407,1094199.1886474767,1132694.2578577457,1188142.2811496635,1650286.7618731016,2004847.0933384355
2021-12-02,1714158.8194023145,1094199.1886474767,1132694.2578577457,1188142.2811496635,1686563.1465543266,2048917.3761918424
2021-12-03,1637697.7103876998,1094199.1886474767,1132694.2578577457,1188142.2811496635,1611332.959509181,1957524.1557447622
2021-12-06,1602695.276672705,1094199.1886474767,1132694.2578577457,1188142.2811496635,1576894.018335688,1915686.086928792
2021-12-07,1730219.3873111764,1094199.1886474767,1132694.2578577457,1188142.2811496635,1702365.1607208226,2068114.4169138044
2021-12-08,1698151.6088619207,1094199.1886474767,1132694.2578577457,1188142.2811496635,1670813.6307737657,2029784.113013808
2021-12-09,1626866.1645886998,1094199.1886474767,1132694.2578577457,1188142.2811496635,1600675.7871643347,1944577.314327625
2021-12-10,1611285.8129960499,1094199.1886474767,1132694.2578577457,1188142.2811496635,1585346.2584712554,1925954.2715010045
2021-12-13,1611285.8129960499,1020390.2030433007,1132694.2578577457,1188142.2811496635,1478407.0463212472,1796039.4145221468
2021-12-14,1611285.8129960499,1026767.415348816,1139773.3455812982,1195567.906712759,1487646.7622458427,1807264.2622532605
2021-12-15,1611285.8129960499,1103656.3046232695,1225124.6191573124,1285097.3240132662,1487646.7622458427,1942600.2104658948
2021-12-16,1501676.6923903893,1103656.3046232695,1225124.6191573124,1197677.4594295477,1487646.7622458427,1810453.1394495997
2021-12-17,1501676.6923903893,1080873.2491926413,1225124.6191573124,1172953.5015887853,1487646.7622458427,1773079.4987085045
2021-12-20,1501676.6923903893,1077685.1765897209,1221511.0722068108,1169493.8351332522,1487646.7622458427,1767849.7401065086
2021-12-21,1501676.6923903893,1130405.011340457,1281266.7998273033,1226704.9048125583,1487646.7622458427,1854332.0896712265
2021-12-22,1501676.6923903893,1130405.011340457,1281266.7998273033,1240416.997471684,1487646.7622458427,1875059.791447431
2021-12-23,1501676.6923903893,1130405.011340457,1281266.7998273033,1250542.8505122692,1487646.7622458427,1890366.4019898593
2021-12-27,1501676.6923903893,1130405.011340457,1281266.7998273033,1305602.176420451,1487646.7622458427,1973596.0968143116
2021-12-28,1501676.6923903893,1130405.011340457,1281266.7998273033,1305602.176420451,1487646.7622458427,1933862.6869479255
2021-12-29,1501676.6923903893,1130405.011340457,1281266.7998273033,1305602.176420451,1487646.7622458427,1913390.095347428
2021-12-30,1501676.6923903893,1130405.011340457,1281266.7998273033,1305602.176420451,1487646.7622458427,1886922.414617813
2021-12-31,1501676.6923903893,1130405.011340457,1281266.7998273033,1305602.176420451,1487646.7622458427,1875761.3444306261
2022-01-03,1501676.6923903893,1130405.011340457,1281266.7998273033,1305602.176420451,1487646.7622458427,1921043.4006186419
2022-01-04,1501676.6923903893,1130405.011340457,1281266.7998273033,1305602.176420451,1487646.7622458427,1868044.2616154852
2022-01-05,1501676.6923903893,1130405.011340457,1281266.7998273033,1305602.176420451,1487646.7622458427,1760515.3225549283
2022-01-06,1501676.6923903893,1153910.7524109331,1307909.5741752554,1305602.176420451,1487646.7622458427,1797123.632768902
2022-01-07,1501676.6923903893,1115785.5870161366,1307909.5741752554,1305602.176420451,1487646.7622458427,1737746.7393730665
2022-01-10,1501676.6923903893,1122051.0545837025,1307909.5741752554,1305602.176420451,1487646.7622458427,1747504.7035938643
2022-01-11,1501676.6923903893,1139127.5250129509,1307909.5741752554,1305602.176420451,1487646.7622458427,1774099.9394113333
2022-01-12,1501676.6923903893,1139127.5250129509,1307909.5741752554,1305602.176420451,1487646.7622458427,1785707.4524060078
2022-01-13,1501676.6923903893,1139127.5250129509,1307909.5741752554,1305602.176420451,1487646.7622458427,1694888.2298542683
2022-01-14,1501676.6923903893,1154858.8439849077,1325971.7684827745,1305602.176420451,1487646.7622458427,1718294.5884753978
2022-01-18,1501676.6923903893,1110322.4940888227,1274836.564435057,1305602.176420451,1487646.7622458427,1652029.7203354696
2022-01-19,1501676.6923903893,1074487.6639510684,1233692.1654130248,1305602.176420451,1487646.7622458427,1598711.693612679
2022-01-20,1501676.6923903893,1035180.798835852,1188561.287538379,1257840.6893746315,1487646.7622458427,1540227.6858318185
2022-01-21,1501676.6923903893,1001917.8464591802,1150369.8358145785,1217423.1169127387,1487646.7622458427,1490736.3117446345
2022-01-24,1501676.6923903893,1001832.1172004775,1150271.404237971,1217318.9479115484,1487646.7622458427,1490608.756656781
2022-01-25,1501676.6923903893,956909.9856402302,1098693.2580955187,1162734.391287755,1487646.7622458427,1423769.8906215122
2022-01-26,1501676.6923903893,976113.3395896489,1120741.9312556507,1186068.2475544147,1487646.7622458427,1452342.230300711
2022-01-27,1501676.6923903893,940621.4264867053,1079991.2585400492,1142942.2810615702,1487646.7622458427,1399534.4239293344
2022-01-28,1501676.6923903893,979028.1343855427,1124088.6048603137,1189609.9935948898,1487646.7622458427,1456679.1032877322
2022-01-31,1501676.6923903893,1049583.314297916,1205097.7924084782,1275341.0815746267,1487646.7622458427,1561656.9405912177
2022-02-01,1501676.6923903893,1049583.314297916,1212578.592230666,1283257.9256651008,1487646.7622458427,1571351.127268089
2022-02-02,1501676.6923903893,1049583.314297916,1242304.9283662015,1314716.9640246155,1487646.7622458427,1609872.763799866
2022-02-03,1501676.6923903893,1049583.314297916,1178619.698300998,1247319.6202543972,1487646.7622458427,1527344.6219586083
2022-02-04,1501676.6923903893,1049583.314297916,1196878.7557617323,1266642.9699752247,1487646.7622458427,1551006.0907554447
2022-02-07,1501676.6923903893,1049583.314297916,1217008.013178014,1287945.530718671,1487646.7622458427,1577091.1062214994
2022-02-08,1501676.6923903893,1049583.314297916,1217008.013178014,1307737.6409448558,1487646.7622458427,1601326.572913677
2022-02-09,1501676.6923903893,1049583.314297916,1217008.013178014,1307737.6409448558,1487646.7622458427,1703179.3105647499
2022-02-10,1501676.6923903893,1049583.314297916,1217008.013178014,1307737.6409448558,1487646.7622458427,1646991.294365254
2022-02-11,1501676.6923903893,1049583.314297916,1217008.013178014,1307737.6409448558,1487646.7622458427,1527408.3995025351
2022-02-14,1501676.6923903893,1049583.314297916,1217008.013178014,1307737.6409448558,1487646.7622458427,1547689.658471252
2022-02-15,1501676.6923903893,1049583.314297916,1217008.013178014,1307737.6409448558,1487646.7622458427,1689786.0263401256
2022-02-16,1502583.536212931,1049583.314297916,1217008.013178014,1307737.6409448558,1487646.7622458427,1690806.4670429542
2022-02-17,1389001.3474395648,1049583.314297916,1217008.013178014,1307737.6409448558,1487646.7622458427,1562996.2690136803
2022-02-18,1339975.103283396,1049583.314297916,1217008.013178014,1307737.6409448558,1435138.725793292,1507828.6935170125
2022-02-22,1325692.3130783618,1049583.314297916,1217008.013178014,1307737.6409448558,1419841.58684989,1491756.7524474633
2022-02-23,1268844.5409527698,1049583.314297916,1217008.013178014,1307737.6409448558,1358956.5457378575,1427787.8758888994
2022-02-24,1345982.9436077357,1113391.9036917365,1290995.0550297706,1307737.6409448558,1441573.2366186911,1514589.1131732515
2022-02-25,1369164.1388214615,1113391.9036917365,1290995.0550297706,1307737.6409448558,1441573.2366186911,1540674.128639306
2022-02-28,1382086.663292683,1113391.9036917365,1290995.0550297706,1307737.6409448558,1441573.2366186911,1555215.4086546127
2022-03-01,1330623.276363433,1113391.9036917365,1290995.0550297706,1307737.6409448558,1441573.2366186911,1497305.3987690934
2022-03-02,1330623.276363433,1113391.9036917365,1290995.0550297706,1307737.6409448558,1487196.1405164502,1544692.1139066934
2022-03-03,1330623.276363433,1113391.9036917365,1290995.0550297706,1307737.6409448558,1487196.1405164502,1512420.676679741
2022-03-04,1330623.276363433,1113391.9036917365,1290995.0550297706,1307737.6409448558,1487196.1405164502,1462801.7475047035
2022-03-07,1330623.276363433,1036499.1248528932,1290995.0550297706,1307737.6409448558,1487196.1405164502,1361778.1179246786
2022-03-08,1330623.276363433,1044363.1590523203,1300789.9781711542,1317659.5919486524,1487196.1405164502,1372110.0800408174
2022-03-09,1330623.276363433,1117178.2905284977,1391483.710961743,1409529.5086504733,1487196.1405164502,1467776.3959309927
2022-03-10,1330623.276363433,1117178.2905284977,1369959.06504611,1387725.7150865744,1487196.1405164502,1445071.5902930577
2022-03-11,1330623.276363433,1117178.2905284977,1369959.06504611,1353550.106073497,1487196.1405164502,1409483.7207819126
2022-03-14,1330623.276363433,1078253.9790485455,1369959.06504611,1306390.2154998954,1487196.1405164502,1360375.0119582894
2022-03-15,1330623.276363433,1161309.360557067,1369959.06504611,1407018.3975939567,1487196.1405164502,1465161.5166299946
2022-03-16,1330623.276363433,1161309.360557067,1369959.06504611,1500296.986351872,1487196.1405164502,1562294.7160304855
2022-03-17,1330623.276363433,1161309.360557067,1369959.06504611,1500296.986351872,1487196.1405164502,1579514.652890717
2022-03-18,1330623.276363433,1161309.360557067,1369959.06504611,1500296.986351872,1487196.1405164502,1687107.3694952005
2022-03-21,1344757.9733981031,1161309.360557067,1369959.06504611,1500296.986351872,1487196.1405164502,1705028.859338627
2022-03-22,1334194.6766818017,1161309.360557067,1369959.06504611,1500296.986351872,1487196.1405164502,1691635.5751140025
2022-03-23,1289426.4191698576,1161309.360557067,1369959.06504611,1500296.986351872,1487196.1405164502,1634873.5610191652
2022-03-24,1415984.7741137352,1161309.360557067,1369959.06504611,1500296.986351872,1633165.7702870432,1795337.861538952
2022-03-25,1392946.7269896113,1161309.360557067,1369959.06504611,1500296.986351872,1606594.1922127462,1766127.7464204852
2022-03-28,1419455.5716062344,1161309.360557067,1369959.06504611,1500296.986351872,1637168.9119619923,1799738.5120699
2022-03-29,1441437.2890587281,1161309.360557067,1369959.06504611,1500296.986351872,1662522.1425700006,1827609.2987659043
2022-03-30,1392846.1241637417,1161309.360557067,1369959.06504611,1500296.986351872,1606478.159120719,1766000.1913326317
2022-03-31,1372524.3533380951,1161309.360557067,1369959.06504611,1500296.986351872,1583039.4745311642,1740234.0635862113
2022-04-01,1343651.3423135378,1161309.360557067,1369959.06504611,1500296.986351872,1549737.977119272,1703625.7533722373
2022-04-04,1376246.657895268,1161309.360557067,1369959.06504611,1500296.986351872,1587332.6989361818,1744953.6018367931
2022-04-05,1304365.9388114838,1161309.360557067,1369959.06504611,1500296.986351872,1504427.0546825342,1653815.4915654198
2022-04-06,1227706.5854988964,1161309.360557067,1369959.06504611,1500296.986351872,1416009.8385575803,1556618.514621002
2022-04-07,1217696.6043248775,1161309.360557067,1369959.06504611,1500296.986351872,1404464.545900844,1543926.7833795717
2022-04-08,1162918.3656389145,1161309.360557067,1308331.2799405574,1500296.986351872,1341284.527291871,1474473.0380433048
2022-04-11,1102456.0672913229,1100930.71738956,1240308.692523777,1500296.986351872,1271548.6389833444,1397812.4302433112
2022-04-12,1081681.5837492633,1080184.9772662818,1216936.5389438015,1472025.6601957683,1247587.805479666,1371472.3046015499
2022-04-13,1081681.5837492633,1115297.0168453895,1256493.7673999825,1519874.708581038,1288141.3711432768,1416052.8078063712
2022-04-14,1081681.5837492633,1067827.9504616174,1203015.1109034289,1455186.0809357162,1288141.3711432768,1355783.028795561
2022-04-18,1081681.5837492633,1094199.6540081578,1232725.4756237366,1491124.2074053397,1288141.3711432768,1389266.2393571225
2022-04-19,1081681.5837492633,1115045.857763994,1256210.8115455036,1519532.4407098987,1288141.3711432768,1415733.9200867375
2022-04-20,1081681.5837492633,1079079.8773081412,1215691.5331840934,1470519.6815627555,1288141.3711432768,1370069.1986351605
2022-04-21,1081681.5837492633,1013828.7479615591,1142179.602190418,1381598.4886407733,1288141.3711432768,1287222.169074269
2022-04-22,1081681.5837492633,980273.8946871044,1104376.7000320074,1335871.501056567,1288141.3711432768,1244618.7697311777
2022-04-25,1081681.5837492633,999713.6075871255,1126277.4831686914,1362363.0342827467,1288141.3711432768,1269300.6792308427
2022-04-26,1081681.5837492633,943755.3642521814,1063234.9187907435,1286105.7525929175,1288141.3711432768,1198252.495296406
2022-04-27,1081681.5837492633,925018.896780068,1042126.4120466011,1260572.569405928,1288141.3711432768,1174463.471411716
2022-04-28,1081681.5837492633,993685.7896336307,1119486.5426611928,1354148.6053754042,1288141.3711432768,1261647.3739596289
2022-04-29,1081681.5837492633,993685.7896336307,1049596.44660485,1269608.4412040047,1288141.3711432768,1182882.1072100513
2022-05-02,1081681.5837492633,1046512.3485692407,1105395.3411081326,1337103.6653926685,1288141.3711432768,1245766.7655218598
2022-05-03,1081681.5837492633,1046512.3485692407,1109300.1318999443,1341826.9620143902,1288141.3711432768,1250167.4160528078
2022-05-04,1081681.5837492633,1046512.3485692407,1109300.1318999443,1391934.9783491793,1288141.3711432768,1296852.5782072132
2022-05-05,1081681.5837492633,1046512.3485692407,1109300.1318999443,1289939.1527496772,1288141.3711432768,1201824.0377563061
2022-05-06,1081681.5837492633,1037126.836633972,1099351.5157732677,1278370.49870517,1288141.3711432768,1191045.6328326794
2022-05-09,1081681.5837492633,941327.9722059343,997804.9902199137,1160288.083162122,1288141.3711432768,1081029.3695589781
2022-05-10,1081681.5837492633,977148.4171659831,1035774.5606442112,1204440.6385390877,1288141.3711432768,1122165.8853917534
2022-05-11,1081681.5837492633,923556.5886598636,978967.3738853785,1138382.939409209,1288141.3711432768,1060620.5555024075
2022-05-12,1081681.5837492633,898287.9026802944,952182.6381597113,1107236.5631355357,1288141.3711432768,1031601.7730157212
2022-05-13,1081681.5837492633,983312.8658335265,1042308.8588102532,1212038.9852783799,1288141.3711432768,1129245.1927676264
2022-05-16,1081681.5837492633,983312.8658335265,1042308.8588102532,1181782.5054696684,1288141.3711432768,1101055.5183519882
2022-05-17,1081681.5837492633,1035314.9885458765,1042308.8588102532,1244280.618739699,1288141.3711432768,1159284.4159571414
2022-05-18,1081681.5837492633,1035314.9885458765,1042308.8588102532,1159466.640271388,1288141.3711432768,1080264.0390318567
2022-05-19,1081681.5837492633,1046684.0160502768,1053754.687582169,1172199.0050777688,1288141.3711432768,1092126.6622022386
2022-05-20,1081681.5837492633,1046684.0160502768,1053754.687582169,1142763.9681597918,1288141.3711432768,1064702.3183137216
2022-05-23,1081681.5837492633,1059474.4520916243,1066631.5269416252,1156728.497302274,1288141.3711432768,1077712.9372747855
2022-05-24,1081681.5837492633,1059474.4520916243,1019668.9363365495,1105799.0380767507,1288141.3711432768,1030262.4445932587
2022-05-25,1081681.5837492633,1113320.4670208816,1071491.9025822042,1161999.4225178186,1288141.3711432768,1082623.808157148
2022-05-26,1081681.5837492633,1113320.4670208816,1071491.9025822042,1221964.7535414184,1288141.3711432768,1138492.93663701
2022-05-27,1081681.5837492633,1113320.4670208816,1071491.9025822042,1221964.7535414184,1288141.3711432768,1199719.3788067221
2022-05-31,1073688.721055034,1113320.4670208816,1071491.9025822042,1221964.7535414184,1288141.3711432768,1190854.3002008994
2022-06-01,1073688.721055034,1113320.4670208816,1071491.9025822042,1221964.7535414184,1288141.3711432768,1168404.6047386713
2022-06-02,1073688.721055034,1113320.4670208816,1071491.9025822042,1221964.7535414184,1288141.3711432768,1249529.6406135398
2022-06-03,1073688.721055034,1113320.4670208816,1071491.9025822042,1221964.7535414184,1288141.3711432768,1193915.6223093846
2022-06-06,1073688.721055034,1113320.4670208816,1071491.9025822042,1221964.7535414184,1288141.3711432768,1198124.9402085526
2022-06-07,1081690.2339341836,1113320.4670208816,1071491.9025822042,1221964.7535414184,1288141.3711432768,1207053.7963583022
2022-06-08,1065801.5155027295,1113320.4670208816,1071491.9025822042,1221964.7535414184,1269220.1357434127,1189323.6391466565
2022-06-09,1031509.3174492309,1113320.4670208816,1071491.9025822042,1221964.7535414184,1228382.9370386696,1151057.1127905862
2022-06-10,970126.2829334689,1113320.4670208816,1071491.9025822042,1221964.7535414184,1155284.3513571797,1082560.030613221
2022-06-13,894283.371571815,1113320.4670208816,1071491.9025822042,1221964.7535414184,1064966.0802218565,997927.2298223794
2022-06-14,894283.371571815,1126768.256901814,1071491.9025822042,1221964.7535414184,1077829.7978138505,1009981.1856245415
2022-06-15,894283.371571815,1175934.5151437407,1071491.9025822042,1221964.7535414184,1124860.6383221461,1054051.468477949
2022-06-16,894283.371571815,1175934.5151437407,1071491.9025822042,1221964.7535414184,1061835.2283211595,994993.4628017475
2022-06-17,894283.371571815,1196964.303601218,1090653.8948147811,1221964.7535414184,1061835.2283211595,1012787.3975573201
2022-06-21,894283.371571815,1248671.9555074165,1137769.0441751678,1221964.7535414184,1061835.2283211595,1056538.7926910934
2022-06-22,894283.371571815,1248671.9555074165,1123620.763171903,1221964.7535414184,1061835.2283211595,1043400.618642176
2022-06-23,894283.371571815,1248671.9555074165,1114348.8314464628,1221964.7535414184,1061835.2283211595,1034790.6502120603
2022-06-24,943944.3464738923,1248671.9555074165,1176230.3905918102,1221964.7535414184,1061835.2283211595,1092254.2172900923
2022-06-27,929779.1183386715,1248671.9555074165,1158579.3798256011,1221964.7535414184,1061835.2283211595,1075863.3885009089
2022-06-28,929779.1183386715,1248671.9555074165,1097659.3543406697,1221964.7535414184,1061835.2283211595,1019292.7070378519
2022-06-29,929779.1183386715,1248671.9555074165,1067439.725013308,1221964.7535414184,1061835.2283211595,991230.5877100673
2022-06-30,929779.1183386715,1217901.053502569,1041134.9113033545,1221964.7535414184,1061835.2283211595,966803.7883861093
2022-07-01,929779.1183386715,1166803.68098277,997453.810730168,1221964.7535414184,1061835.2283211595,926241.270448675
2022-07-05,929779.1183386715,1202234.406267725,1027742.1210332736,1221964.7535414184,1061835.2283211595,954367.1673203865
2022-07-06,929779.1183386715,1215571.1418625154,1027742.1210332736,1221964.7535414184,1061835.2283211595,964954.2396122324
2022-07-07,929779.1183386715,1274059.958205933,1027742.1210332736,1221964.7535414184,1061835.2283211595,1011384.2915909308
2022-07-08,929779.1183386715,1274059.958205933,1027742.1210332736,1221964.7535414184,1061835.2283211595,1010108.7407123949
2022-07-11,929779.1183386715,1274059.958205933,1027742.1210332736,1221964.7535414184,1061835.2283211595,966357.3455786216
2022-07-12,929779.1183386715,1268173.9895500187,1027742.1210332736,1221964.7535414184,1061835.2283211595,961892.9175037469
2022-07-13,929779.1183386715,1275068.9814040898,1033329.89811355,1221964.7535414184,1061835.2283211595,967122.676105743
2022-07-14,929779.1183386715,1275068.9814040898,1047503.7716830316,1221964.7535414184,1061835.2283211595,980388.405242514
2022-07-15,929779.1183386715,1275068.9814040898,1047503.7716830316,1221964.7535414184,1061835.2283211595,1005261.6473739595
2022-07-18,929779.1183386715,1275068.9814040898,1070032.8783065912,1221964.7535414184,1061835.2283211595,1026882.2347651392
2022-07-19,981231.4004602638,1275068.9814040898,1070032.8783065912,1221964.7535414184,1061835.2283211595,1083708.0264039033
2022-07-20,1028294.9357342229,1275068.9814040898,1070032.8783065912,1221964.7535414184,1061835.2283211595,1135686.7247042316
2022-07-21,1042327.376312839,1275068.9814040898,1070032.8783065912,1221964.7535414184,1061835.2283211595,1151184.6678784399
2022-07-22,1000114.561238895,1275068.9814040898,1070032.8783065912,1221964.7535414184,1061835.2283211595,1104563.2832679613
2022-07-25,983079.2938697933,1275068.9814040898,1070032.8783065912,1221964.7535414184,1043748.6533252163,1085748.9078095604
2022-07-26,983079.2938697933,1275068.9814040898,1070032.8783065912,1221964.7535414184,1013645.2352811209,1054434.1337415096
2022-07-27,983079.2938697933,1275068.9814040898,1070032.8783065912,1221964.7535414184,1090712.4378909539,1134602.5064574762
2022-07-28,993799.7763324545,1275068.9814040898,1070032.8783065912,1221964.7535414184,1102606.660091676,1146975.3499792723
2022-07-29,1003691.3555119201,1275068.9814040898,1070032.8783065912,1221964.7535414184,1113581.225936672,1158391.5303421665
2022-08-01,1019053.6963604756,1275068.9814040898,1070032.8783065912,1221964.7535414184,1130625.5237294591,1176121.687553812
2022-08-02,1023750.8149652497,1275068.9814040898,1070032.8783065912,1221964.7535414184,1135836.9097452394,1181542.7787875887
2022-08-03,1044031.3152940983,1275068.9814040898,1070032.8783065912,1221964.7535414184,1158337.8352486673,1204949.1374087185
2022-08-04,1061825.1057733605,1275068.9814040898,1070032.8783065912,1221964.7535414184,1178079.7916849172,1225485.5065531426
2022-08-05,1049336.296306549,1275068.9814040898,1070032.8783065912,1221964.7535414184,1164223.6359253132,1211071.7816256895
2022-08-08,983245.0745264326,1275068.9814040898,1070032.8783065912,1221964.7535414184,1090896.369162099,1134793.8390892565
2022-08-09,944176.0997784875,1275068.9814040898,1070032.8783065912,1221964.7535414184,1047549.8995955501,1089703.1155330206
2022-08-10,1000044.1810658604,1275068.9814040898,1070032.8783065912,1221964.7535414184,1109534.7379714781,1154182.2124429988
2022-08-11,991478.8471395075,1275068.9814040898,1070032.8783065912,1221964.7535414184,1100031.6222956434,1144296.6931343474
2022-08-12,1033863.4350202343,1275068.9814040898,1070032.8783065912,1221964.7535414184,1147056.717285096,1193214.06932619
2022-08-15,1051712.4857183762,1275068.9814040898,1070032.8783065912,1221964.7535414184,1166859.984145061,1213814.2160145412
2022-08-16,1043257.6722297828,1275068.9814040898,1070032.8783065912,1221964.7535414184,1157479.4893166567,1204056.2517937433
2022-08-17,1013196.113159228,1275068.9814040898,1070032.8783065912,1221964.7535414184,1124126.6188156628,1169361.2678975733
2022-08-18,1037400.0890285347,1275068.9814040898,1070032.8783065912,1221964.7535414184,1150980.58440286,1197295.8321375041
2022-08-19,986339.6467836956,1275068.9814040898,1070032.8783065912,1221964.7535414184,1094329.7528901426,1138365.3815491565
2022-08-22,941302.5683967432,1275068.9814040898,1070032.8783065912,1221964.7535414184,1044361.7575623669,1086386.683248828
2022-08-23,949425.8205720587,1286072.5707117338,1070032.8783065912,1221964.7535414184,1053374.3898484812,1095761.9822060652
2022-08-24,951691.4895461263,1289141.599022029,1072586.3587798215,1221964.7535414184,1055888.1172207987,1098376.8615070635
2022-08-25,951691.4895461263,1340865.9542028569,1115621.8467554837,1221964.7535414184,1098253.6200079063,1142447.1443604706
2022-08-26,951691.4895461263,1340865.9542028569,1115621.8467554837,1221964.7535414184,996907.4896069089,1037022.8642494979
2022-08-29,951691.4895461263,1303014.9411045103,1115621.8467554837,1187470.1765503043,996907.4896069089,1007748.9715871041
2022-08-30,951691.4895461263,1275554.4021900238,1115621.8467554837,1162444.6991253786,996907.4896069089,986511.0494594853
2022-08-31,951691.4895461263,1244712.8359617414,1088647.2818029008,1134338.0067622487,996907.4896069089,962658.2480308682
2022-09-01,951691.4895461263,1149301.894448045,1005199.229262424,1047387.6242378071,996907.4896069089,888867.6297075799
2022-09-02,951691.4895461263,1125387.3110090026,984283.1227483893,1025593.6649188028,996907.4896069089,870372.1419688128
2022-09-06,951691.4895461263,1110378.848298983,971156.4627982018,1011916.076656531,996907.4896069089,858764.6289741382
2022-09-07,951691.4895461263,1130912.4044242296,989115.4645981834,1030628.8210373312,996907.4896069089,874645.2374119073
2022-09-08,951691.4895461263,1153672.490731732,1009021.8280391269,1051370.6581823148,996907.4896069089,892247.8395356995
2022-09-09,951691.4895461263,1186410.7308189727,1037655.2566117884,1081205.8369741933,996907.4896069089,917567.5244746325
2022-09-12,951691.4895461263,1186410.7308189727,1046165.948227844,1090073.7238695123,996907.4896069089,925093.274657993
2022-09-13,951691.4895461263,1186410.7308189727,947066.8780544515,986815.4476477468,996907.4896069089,837462.9293025925
2022-09-14,951691.4895461263,1186139.675134527,946850.5045387892,986589.9928961708,996907.4896069089,837271.5966708122
2022-09-15,951691.4895461263,1168159.6480662934,932497.7279998481,971634.8277083023,996907.4896069089,824579.8654293823
2022-09-16,951691.4895461263,1192464.3077715943,951899.2199042459,991850.6037662755,996907.4896069089,841736.024745687
2022-09-19,951691.4895461263,1209089.056417599,965170.1288648748,1005678.4951962644,996907.4896069089,853471.0928282151
2022-09-20,951691.4895461263,1209089.056417599,950312.4807893881,990197.2689213854,996907.4896069089,840332.9187792977
2022-09-21,951691.4895461263,1209089.056417599,956443.0637331568,996585.1535493693,996907.4896069089,845754.0100130743
2022-09-22,951691.4895461263,1209089.056417599,905955.9100785902,943979.0448483244,996907.4896069089,801109.729264326
2022-09-23,951691.4895461263,1204757.473937001,902710.3073436538,940597.2235746859,996907.4896069089,798239.7397876207
2022-09-26,951691.4895461263,1177035.3460611736,881938.4498400606,918953.5674233987,996907.4896069089,779871.8071367071
2022-09-27,951691.4895461263,1194842.9629258544,895281.4833059104,932856.6104372464,996907.4896069089,791670.652763162
2022-09-28,951691.4895461263,1225934.0993977024,918577.6984922318,957130.5720235857,996907.4896069089,812270.7994515131
2022-09-29,951691.4895461263,1225934.0993977024,881361.4537982941,918352.3547525296,996907.4896069089,779361.5867852928
2022-09-30,951691.4895461263,1217808.0223067682,875519.3688754084,912265.0764599801,996907.4896069089,774195.6057272233
2022-10-03,951691.4895461263,1255228.1057008225,902421.8093227705,940296.6172392513,996907.4896069089,797984.6296119136
2022-10-04,951691.4895461263,1255228.1057008225,902421.8093227705,989520.9046666577,996907.4896069089,839758.9208839566
2022-10-05,951691.4895461263,1255228.1057008225,902421.8093227705,989520.9046666577,996907.4896069089,842437.5777288816
2022-10-06,951691.4895461263,1255228.1057008225,902421.8093227705,989520.9046666577,996907.4896069089,837399.1517586658
2022-10-07,951691.4895461263,1255228.1057008225,902421.8093227705,989520.9046666577,996907.4896069089,770177.6204598361
2022-10-10,951691.4895461263,1213026.8295402946,872082.0234180797,989520.9046666577,996907.4896069089,744283.937625562
2022-10-11,951691.4895461263,1204295.5310243233,865804.8263343506,982398.389157489,996907.4896069089,738926.6239357122
2022-10-12,951691.4895461263,1195356.344448448,859378.1721771994,975106.2899457209,996907.4896069089,733441.7551580088
2022-10-13,951691.4895461263,1243170.598226386,893753.2990642875,1014110.5415435497,996907.4896069089,762779.4253643292
2022-10-14,951691.4895461263,1243170.598226386,893753.2990642875,951958.1145409225,996907.4896069089,716030.485665997
2022-10-17,951691.4895461263,1316363.4160252316,893753.2990642875,1008005.5282499765,996907.4896069089,758187.4422016008
2022-10-18,951691.4895461263,1316363.4160252316,893753.2990642875,1014704.0845026472,996907.4896069089,763225.8681718167
2022-10-19,951691.4895461263,1316363.4160252316,893753.2990642875,1021826.6000118159,996907.4896069089,768583.1818616665
2022-10-20,951691.4895461263,1316363.4160252316,893753.2990642875,1033951.8347476628,996907.4896069089,777703.3706431965
2022-10-21,951691.4895461263,1316363.4160252316,893753.2990642875,1057015.2183011614,996907.4896069089,795050.8625912815
2022-10-24,951691.4895461263,1316363.4160252316,893753.2990642875,1057015.2183011614,996907.4896069089,803533.2759335437
2022-10-25,1001697.026976044,1316363.4160252316,893753.2990642875,1057015.2183011614,996907.4896069089,845754.0100130743
2022-10-26,974125.9980305455,1316363.4160252316,893753.2990642875,1057015.2183011614,996907.4896069089,822475.2064797984
2022-10-27,995276.376399695,1316363.4160252316,893753.2990642875,1057015.2183011614,996907.4896069089,840332.9187792977
2022-10-28,1044979.7655671964,1316363.4160252316,893753.2990642875,1057015.2183011614,996907.4896069089,882298.5426831213
2022-10-31,1019523.7744586129,1316363.4160252316,893753.2990642875,1057015.2183011614,972622.5522064804,860805.5103797952
2022-11-01,1022998.4794764017,1316363.4160252316,893753.2990642875,1057015.2183011614,975937.4101305744,863739.2774004273
2022-11-02,998524.4702206716,1316363.4160252316,893753.2990642875,1057015.2183011614,952589.2804043464,843075.3531681494
2022-11-03,1013782.9574727009,1316363.4160252316,893753.2990642875,1057015.2183011614,967145.8304188466,855958.4170413597
2022-11-04,1069302.7006917186,1316363.4160252316,893753.2990642875,1057015.2183011614,1020111.4950755676,902834.9118275455
2022-11-07,1080255.5752043137,1316363.4160252316,893753.2990642875,1057015.2183011614,1030560.5037493424,912082.6556969291
2022-11-08,1102992.2319511496,1316363.4160252316,893753.2990642875,1057015.2183011614,1052251.2045135235,931279.6964188908
2022-11-09,1040598.6157621583,1316363.4160252316,893753.2990642875,1057015.2183011614,992727.8861373989,878599.4451353678
2022-11-10,1189708.7832646626,1316363.4160252316,893753.2990642875,1057015.2183011614,1134978.5283583067,1004496.3168468381
2022-11-11,1233293.6701182318,1316363.4160252316,893753.2990642875,1057015.2183011614,1176558.3766670525,1041295.9596925924
2022-11-14,1230876.4840189004,1316363.4160252316,893753.2990642875,1057015.2183011614,1174252.3885459437,1039255.0782869352
2022-11-15,1258900.7353580233,1316363.4160252316,893753.2990642875,1057015.2183011614,1200987.4383250503,1062916.5470837718
2022-11-16,1201794.7137613194,1316363.4160252316,893753.2990642875,1057015.2183011614,1146508.4689638515,1014700.7238751235
2022-11-17,1184194.5774755627,1316363.4160252316,893753.2990642875,1057015.2183011614,1129717.992957027,999840.556140183
2022-11-18,1163950.6438936626,1316363.4160252316,893753.2990642875,1057015.2183011614,1110405.3424427398,982748.174367805
2022-11-21,1157001.233858085,1316363.4160252316,893753.2990642875,1057015.2183011614,1103775.6265945516,976880.640326541
2022-11-22,1211463.458158645,1316363.4160252316,893753.2990642875,1057015.2183011614,1155732.4214482876,1022864.2494977518
2022-11-23,1247796.7867142197,1316363.4160252316,893753.2990642875,1057015.2183011614,1190394.3053937063,1053541.2481265345
2022-11-25,1228988.0573787976,1316363.4160252316,893753.2990642875,1057015.2183011614,1172450.8353263275,1037660.6396887655
2022-11-28,1195525.1373161788,1316363.4160252316,893753.2990642875,1057015.2183011614,1140527.3122747256,1009407.1877292006
2022-11-29,1181324.1689826068,1316363.4160252316,893753.2990642875,1057015.2183011614,1126979.6320632107,997417.0094709651
2022-11-30,1278313.7612182784,1316363.4160252316,893753.2990642875,1057015.2183011614,1219507.405422707,1079307.375872955
2022-12-01,1294327.6191263492,1316363.4160252316,893753.2990642875,1057015.2183011614,1234784.5767250543,1092828.2151854332
2022-12-02,1274763.5191348859,1316363.4160252316,893753.2990642875,1057015.2183011614,1216120.4853698288,1076309.8313083963
2022-12-05,1254670.6596841938,1316363.4160252316,893753.2990642875,1057015.2183011614,1196951.9591131106,1059345.004623872
2022-12-06,1207611.067812836,1316363.4160252316,893753.2990642875,1057015.2183011614,1152057.2528802708,1019611.5947574858
2022-12-07,1217657.497538182,1316363.4160252316,893753.2990642875,1057015.2183011614,1161641.51600863,1028094.008099748
2022-12-08,1296895.8793568886,1316363.4160252316,893753.2990642875,1057015.2183011614,1237234.6891037324,1094996.6516789438
2022-12-09,1284205.6523353988,1316363.4160252316,893753.2990642875,1057015.2183011614,1225128.2514679104,1084282.0242992444
2022-12-12,1324542.4453679912,1316363.4160252316,893753.2990642875,1057015.2183011614,1263609.4282389157,1118339.2327561465
2022-12-13,1365105.8495973959,1316363.4160252316,893753.2990642875,1057015.2183011614,1302306.7913962752,1152587.773844829
2022-12-14,1335042.0974869619,1316363.4160252316,893753.2990642875,1057015.2183011614,1273626.0641399827,1127204.3113619694
2022-12-15,1280504.3361207978,1316363.4160252316,893753.2990642875,1057015.2183011614,1221597.2071574624,1081156.924646832
2022-12-16,1251724.7141256335,1316363.4160252316,893753.2990642875,1057015.2183011614,1194141.536090509,1056857.6804107274
2022-12-19,1227779.4643291319,1316363.4160252316,893753.2990642875,1057015.2183011614,1171297.8412657736,1036640.198985937
2022-12-20,1215013.700242038,1316363.4160252316,893753.2990642875,1057015.2183011614,1159119.341501167,1025861.7940623107
2022-12-21,1246437.1195333458,1316363.4160252316,893753.2990642875,1057015.2183011614,1189097.1870755833,1052393.2523358525
2022-12-22,1158663.0493013752,1316363.4160252316,893753.2990642875,1057015.2183011614,1105360.9934278147,978283.7462929302
2022-12-23,1158663.0493013752,1304949.6123658433,886003.8246020962,1057015.2183011614,1095776.7302994556,969801.332950668
2022-12-27,1158663.0493013752,1211837.003565571,822784.4276736947,1057015.2183011614,1017589.3205681056,900602.697790108
2022-12-28,1158663.0493013752,1204542.4673922777,817831.7560249259,1050652.6169587919,1017589.3205681056,895181.6065563314
2022-12-29,1158663.0493013752,1253201.314571775,850868.9892584777,1093094.910619068,1017589.3205681056,931343.4739628176
2022-12-30,1158663.0493013752,1254145.3133706718,851509.9232365537,1093918.306086904,1017589.3205681056,932045.0269460123
2023-01-03,1158663.0493013752,1228485.709655205,834088.1723779434,1071536.9201884514,1017589.3205681056,912975.541311904
2023-01-04,1158663.0493013752,1265730.753175314,859375.9311493041,1104023.6141012553,1017589.3205681056,940654.9953761281
2023-01-05,1158663.0493013752,1265730.753175314,831174.8361139619,1067794.2135164693,1017589.3205681056,909786.6641155649
2023-01-06,1158663.0493013752,1318436.2608785133,865785.2709300638,1112257.5687796157,1017589.3205681056,947670.5252080741
2023-01-09,1158663.0493013752,1318436.2608785133,910592.3826701014,1169820.397394699,1017589.3205681056,996715.4564877707
2023-01-10,1158663.0493013752,1318436.2608785133,910592.3826701014,1190854.408891238,1017589.3205681056,1014636.9463311968
2023-01-11,1158663.0493013752,1318436.2608785133,910592.3826701014,1190854.408891238,1017589.3205681056,1020504.4803724608
2023-01-12,1158663.0493013752,1318436.2608785133,910592.3826701014,1190854.408891238,1017589.3205681056,1053031.0277751202
2023-01-13,1158663.0493013752,1318436.2608785133,910592.3826701014,1190854.408891238,1017589.3205681056,1077776.7148187123
2023-01-17,1158663.0493013752,1318436.2608785133,910592.3826701014,1190854.408891238,1017589.3205681056,1128990.0825919195
2023-01-18,1137390.5664732794,1318436.2608785133,910592.3826701014,1190854.408891238,1017589.3205681056,1108262.3808157146
2023-01-19,1097332.8449631426,1318436.2608785133,910592.3826701014,1190854.408891238,1017589.3205681056,1069230.5239325233
2023-01-20,1167630.2189858335,1318436.2608785133,910592.3826701014,1190854.408891238,1082778.1622197693,1137727.6061098888
2023-01-23,1256254.6551373452,1318436.2608785133,910592.3826701014,1190854.408891238,1164962.232607435,1224082.4005867534
2023-01-24,1260967.328256185,1318436.2608785133,910592.3826701014,1190854.408891238,1169332.434282407,1228674.3837494818
2023-01-25,1264763.6482685835,1318436.2608785133,910592.3826701014,1190854.408891238,1172852.8745205787,1232373.481297235
2023-01-26,1296116.0152675305,1318436.2608785133,910592.3826701014,1190854.408891238,1201926.8551082388,1262922.9248381644
2023-01-27,1332966.5009051235,1318436.2608785133,910592.3826701014,1190854.408891238,1236099.4043166994,1298829.6820689433
2023-01-30,1254225.5875445115,1318436.2608785133,910592.3826701014,1190854.408891238,1163080.6179973774,1222105.296725023
2023-01-31,1278770.7600384678,1318436.2608785133,910592.3826701014,1190854.408891238,1185842.0850545226,1246021.8756975667
2023-02-01,1370798.793442475,1318436.2608785133,910592.3826701014,1190854.408891238,1271182.4122074458,1335693.1024586242
2023-02-02,1420936.399123463,1318436.2608785133,910592.3826701014,1190854.408891238,1317676.5022495077,1384546.7011065402
2023-02-03,1381075.038993278,1318436.2608785133,910592.3826701014,1190854.408891238,1280711.879748704,1345706.1768551292
2023-02-06,1380355.0472667885,1318436.2608785133,910592.3826701014,1190854.408891238,1280044.2100483608,1345004.6238719344
2023-02-07,1451306.9592226516,1318436.2608785133,910592.3826701014,1190854.408891238,1345840.0241548817,1414139.4814885678
2023-02-08,1453401.4806088025,1318436.2608785133,910592.3826701014,1190854.408891238,1347782.3360104247,1416180.3628942247
2023-02-09,1462041.3813266752,1318436.2608785133,910592.3826701014,1190854.408891238,1355794.3724145398,1424598.9986925602
2023-02-10,1391874.9148906188,1318436.2608785133,910592.3826701014,1190854.408891238,1290726.9252538474,1356229.4716030485
2023-02-13,1426107.2487955233,1318436.2608785133,910592.3826701014,1190854.408891238,1322471.5846428792,1389585.1270767562
2023-02-14,1503539.086289791,1318436.2608785133,910592.3826701014,1190854.408891238,1394276.4260524865,1465033.961542141
2023-02-15,1489990.1510731268,1318436.2608785133,910592.3826701014,1190854.408891238,1381712.0962369423,1451832.0099492967
2023-02-16,1440114.3605654074,1318436.2608785133,910592.3826701014,1190854.408891238,1335460.7951768232,1403233.5214770876
2023-02-17,1399925.7314686363,1318436.2608785133,910592.3826701014,1190854.408891238,1298192.6864485908,1364074.109506043
2023-02-21,1351948.1009671162,1318436.2608785133,910592.3826701014,1190854.408891238,1253701.6055075577,1317325.1698077107
2023-02-22,1358428.0265055206,1318436.2608785133,910592.3826701014,1190854.408891238,1259710.6328106439,1323639.1466564622
2023-02-23,1548898.5650586218,1318436.2608785133,910592.3826701014,1190854.408891238,1436339.6171740906,1509231.799483402
2023-02-24,1524157.0311847138,1318436.2608785133,910592.3826701014,1190854.408891238,1413396.058380488,1485123.8878790778
2023-02-27,1538229.5967479155,1318436.2608785133,910592.3826701014,1190854.408891238,1426445.966159918,1498836.059823336
2023-02-28,1519575.2656525085,1318436.2608785133,910592.3826701014,1190854.408891238,1409147.2511964878,1480659.459804203
2023-03-01,1485670.20071419,1318436.2608785133,910592.3826701014,1190854.408891238,1377706.0780348845,1447622.6920501292
2023-03-02,1525989.7373975955,1318436.2608785133,910592.3826701014,1190854.408891238,1415095.5812540883,1486909.6591090276
2023-03-03,1563691.1223483128,1318436.2608785133,910592.3826701014,1190854.408891238,1450057.1946538636,1523645.5244108548
2023-03-06,1541698.6477937277,1318436.2608785133,910592.3826701014,1190854.408891238,1429662.9201706613,1502216.2696514556
2023-03-07,1524287.938771348,1318436.2608785133,910592.3826701014,1190854.408891238,1413517.4528714598,1485251.4429669313
2023-03-08,1582738.176203623,1318436.2608785133,910592.3826701014,1190854.408891238,1467720.0930902082,1542204.7896935488
2023-03-09,1533975.1001822962,1318436.2608785133,910592.3826701014,1190854.408891238,1422500.6452033464,1494690.5194680954
2023-03-10,1503146.363529887,1318436.2608785133,910592.3826701014,1190854.408891238,1393912.2425795721,1464651.2962785803
2023-03-13,1503211.8173232044,1318436.2608785133,910592.3826701014,1190854.408891238,1393972.939825058,1464715.073822507
2023-03-14,1575014.628592191,1318436.2608785133,910592.3826701014,1190854.408891238,1460557.818122893,1534679.0395101884
2023-03-15,1585814.504489532,1318436.2608785133,910592.3826701014,1190854.408891238,1470572.863628037,1545202.334258108
2023-03-16,1671755.3351150379,1318436.2608785133,910592.3826701014,1190854.408891238,1550268.346950788,1628942.2494339743
2023-03-17,1683798.8330854059,1318436.2608785133,910592.3826701014,1190854.408891238,1561436.6401201608,1640677.3175165025
2023-03-20,1695253.2469159185,1318436.2608785133,910592.3826701014,1190854.408891238,1572058.6580801615,1651838.3877036893
2023-03-21,1714823.9311177668,1318436.2608785133,910592.3826701014,1190854.408891238,1590207.1344803923,1670907.8733377978
2023-03-22,1732431.0015200982,1318436.2608785133,910592.3826701014,1190854.408891238,1606534.6935160512,1688064.0326541024
2023-03-23,1779754.0940884459,1318436.2608785133,910592.3826701014,1190854.408891238,1650418.802002227,1734175.1969131667
2023-03-24,1752787.1312417525,1318436.2608785133,910592.3826701014,1190854.408891238,1625411.53686211,1707898.848815332
2023-03-27,1736554.5904990826,1318436.2608785133,910592.3826701014,1190854.408891238,1610358.6199816512,1692082.0179214897
2023-03-28,1728634.6815076994,1318436.2608785133,910592.3826701014,1190854.408891238,1603014.2532778792,1684364.935106349
2023-03-29,1766205.158871782,1318436.2608785133,910592.3826701014,1190854.408891238,1637854.4721866827,1720973.245320323
2023-03-30,1792321.2224053512,1318436.2608785133,910592.3826701014,1190854.408891238,1662072.673135485,1746420.485347109
2023-03-31,1818110.016972335,1318436.2608785133,910592.3826701014,1190854.408891238,1685987.3878568592,1771548.8376542618
2023-04-03,1830415.3301159716,1318436.2608785133,910592.3826701014,1190854.408891238,1697398.4700081744,1783539.0159124972
2023-04-04,1796902.9879375566,1318436.2608785133,910592.3826701014,1190854.408891238,1666321.4803194855,1750884.9134219838
2023-04-05,1759463.4181601086,1318436.2608785133,910592.3826701014,1190854.408891238,1631602.6559016535,1714404.158295864
2023-04-06,1769674.2099175944,1318436.2608785133,910592.3826701014,1190854.408891238,1641071.4261974257,1724353.4551484422
2023-04-10,1805150.165895526,1318436.2608785133,910592.3826701014,1190854.408891238,1673969.3332506863,1758920.8839567588
2023-04-11,1778314.110635467,1318436.2608785133,910592.3826701014,1190854.408891238,1649083.4626015408,1732772.0909467777
2023-04-12,1734198.2539396628,1318436.2608785133,910592.3826701014,1190854.408891238,1608173.519144165,1689786.0263401256
2023-04-13,1732103.7325535119,1318436.2608785133,910592.3826701014,1190854.408891238,1606231.207288622,1687745.1449344684
2023-04-14,1751412.6015820906,1318436.2608785133,910592.3826701014,1190854.408891238,1624136.8947069093,1706559.5203928696
2023-04-17,1767383.3271514915,1318436.2608785133,910592.3826701014,1190854.408891238,1638947.0226054252,1722121.2411110047
2023-04-18,1810910.0997074412,1318436.2608785133,910592.3826701014,1190854.408891238,1679310.6908534297,1764533.3078223157
2023-04-19,1828189.9011431865,1318436.2608785133,910592.3826701014,1190854.408891238,1695334.7636616598,1781370.5794189866
2023-04-20,1774059.614069848,1318436.2608785133,910592.3826701014,1190854.408891238,1645138.141644969,1728626.5505915366
2023-04-21,1775041.4209696064,1318436.2608785133,910592.3826701014,1190854.408891238,1646048.6003272547,1729583.2137504383
2023-04-24,1775041.4209696064,1318436.2608785133,910592.3826701014,1190854.408891238,1641374.9124248545,1724672.3428680762
2023-04-25,1722463.6464634065,1318436.2608785133,910592.3826701014,1190854.408891238,1592756.4187907923,1673586.5301827227
2023-04-26,1722463.6464634065,1354360.2701208491,935403.6914467913,1190854.408891238,1636154.9493130825,1719187.4740903727
2023-04-27,1739716.3985239912,1354360.2701208491,935403.6914467913,1190854.408891238,1652543.205594227,1736407.4109506044
2023-04-28,1773135.618256161,1354360.2701208491,935403.6914467913,1190854.408891238,1684287.864983259,1769763.0664243118
2023-05-01,1847322.4521166752,1354360.2701208491,935403.6914467913,1190854.408891238,1754757.3669921807,1843808.7949233076
2023-05-02,1802593.0949225668,1354360.2701208491,935403.6914467913,1190854.408891238,1712269.2951521762,1799164.5141745592
2023-05-03,1776522.2695865722,1354360.2701208491,935403.6914467913,1190854.408891238,1687504.8189940022,1773143.2762524313
2023-05-04,1761186.4899771637,1354360.2701208491,935403.6914467913,1190854.408891238,1672937.4800774294,1757836.6657100036
2023-05-05,1832625.663324325,1354360.2701208491,935403.6914467913,1190854.408891238,1740797.0005304648,1829139.9598201471
2023-05-08,1862722.1308077893,1354360.2701208491,935403.6914467913,1190854.408891238,1769385.403154239,1859179.1830096622
2023-05-09,1825660.6634183852,1354360.2701208491,935403.6914467913,1190854.408891238,1734181.0007725211,1822188.2075321279
2023-05-10,1845724.9750740281,1354360.2701208491,935403.6914467913,1190854.408891238,1753239.9358550375,1842214.356325138
2023-05-11,1826107.9569903263,1354360.2701208491,935403.6914467913,1190854.408891238,1734605.8814909214,1822634.6503396153
2023-05-12,1810899.9755443295,1354360.2701208491,935403.6914467913,1190854.408891238,1720159.9370653199,1807455.5948850408
2023-05-15,1850070.112630027,1354360.2701208491,935403.6914467913,1190854.408891238,1757367.3485480663,1846551.2293121591
2023-05-16,1866683.873873553,1354360.2701208491,935403.6914467913,1190854.408891238,1773148.6323743537,1863133.3907331228
2023-05-17,1928346.4877197165,1354360.2701208491,935403.6914467913,1190854.408891238,1831721.474268074,1924678.7206224687
2023-05-18,2024195.11027852,1354360.2701208491,935403.6914467913,1190854.408891238,1922767.3424966547,2020345.0365126438
2023-05-19,1997740.8904522902,1354360.2701208491,935403.6914467913,1190854.408891238,1897638.6828655663,1993941.1333269554
2023-05-22,1992117.7712621735,1354360.2701208491,935403.6914467913,1190854.408891238,1892297.325262823,1988328.7094613984
2023-05-23,1960935.0193897095,1354360.2701208491,935403.6914467913,1190854.408891238,1862677.0694657913,1957205.2680251282
2023-05-24,1951350.1571338293,1354360.2701208491,935403.6914467913,1190854.408891238,1853572.4826429335,1947638.6364361106
2023-05-25,2426887.1231889063,1354360.2701208491,935403.6914467913,1190854.408891238,2305281.383547665,2422271.1183392326
2023-05-26,2488613.636116776,1354360.2701208491,935403.6914467913,1190854.408891238,2363914.922686871,2483880.225772505
2023-05-30,2563056.0663041133,1354360.2701208491,935403.6914467913,1190854.408891238,2434627.2136777355,2558181.064447208
2023-05-31,2417557.8572598496,1354360.2701208491,935403.6914467913,1190854.408891238,2296419.5857067504,2412959.596925922
2023-06-01,2541266.479442412,1354360.2701208491,935403.6914467913,1190854.408891238,2413929.4529671054,2536432.921968175
2023-06-02,2512959.1862467118,1354360.2701208491,935403.6914467913,1190854.408891238,2387040.573216931,2508179.4700086094
2023-06-05,2502990.929500596,1354360.2701208491,935403.6914467913,1190854.408891238,2377571.8029211587,2498230.173156032
2023-06-06,2469955.104258662,1354360.2701208491,935403.6914467913,1190854.408891238,2346191.3270050413,2465257.1829458848
2023-06-07,2394618.0869274423,1354360.2701208491,935403.6914467913,1190854.408891238,2274629.274577377,2390063.458656207
2023-06-08,2460753.6364930165,1354360.2701208491,935403.6914467913,1190854.408891238,2337450.9236550974,2456073.2166204276
2023-06-09,2477367.3977365424,1354360.2701208491,935403.6914467913,1190854.408891238,2353232.2074813847,2472655.3780413917
2023-06-12,2522863.543911121,1354360.2701208491,935403.6914467913,1190854.408891238,2396448.6462672176,2518064.989317261
2023-06-13,2621268.129738159,1354360.2701208491,935403.6914467913,1190854.408891238,2489922.4043152267,2616282.4069645074
2023-06-14,2747468.8161072503,1354360.2701208491,935403.6914467913,1190854.408891238,2609799.4641495245,2742243.056219905
2023-06-15,2725487.5320004313,1354360.2701208491,935403.6914467913,1190854.408891238,2588919.6117024366,2720303.5811090916
2023-06-16,2727979.59618696,1354360.2701208491,935403.6914467913,1190854.408891238,2591286.8042763798,2722790.905322236
2023-06-20,2799290.97137071,1354360.2701208491,935403.6914467913,1190854.408891238,2659024.930238444,2793966.644344526
2023-06-21,2750535.972029132,1354360.2701208491,935403.6914467913,1190854.408891238,2612712.931932839,2745304.3783283904
2023-06-22,2749257.990395014,1354360.2701208491,935403.6914467913,1190854.408891238,2611498.9870231245,2744028.8274498545
2023-06-23,2697116.3397230254,1354360.2701208491,935403.6914467913,1190854.408891238,2561970.0347067765,2691986.3516055997
2023-06-26,2596347.4878728697,1354360.2701208491,935403.6914467913,1190854.408891238,2466250.478575795,2591409.164833062
2023-06-27,2675837.9455149705,1354360.2701208491,935403.6914467913,1190854.408891238,2541757.851960031,2670748.4294779804
2023-06-28,2627338.5425002156,1354360.2701208491,935403.6914467913,1190854.408891238,2495688.642636369,2622341.273637552
2023-06-29,2608488.3133969847,1354360.2701208491,935403.6914467913,1190854.408891238,2477782.955218082,2603526.898179151
2023-06-30,2703058.954321671,1354360.2701208491,935403.6914467913,1190854.408891238,2567614.878536948,2697917.66319079
2023-07-03,2710151.752391022,1354360.2701208491,935403.6914467913,1190854.408891238,2574352.272785863,2704996.970566663
2023-07-05,2704017.440547259,1354360.2701208491,935403.6914467913,1190854.408891238,2568525.337219234,2698874.326349692
2023-07-06,2690343.037062203,1354360.2701208491,935403.6914467913,1190854.408891238,2555536.12668529,2685225.9319493608
2023-07-07,2715902.6697445503,1354360.2701208491,935403.6914467913,1190854.408891238,2579815.024879578,2710736.949520074
2023-07-10,2695263.2663535546,1354360.2701208491,935403.6914467913,1190854.408891238,2560209.8145876904,2690136.802831723
2023-07-11,2709640.5597373755,1354360.2701208491,935403.6914467913,1190854.408891238,2573866.6948219775,2704486.750215249
2023-07-12,2805297.4850510615,1354360.2701208491,935403.6914467913,1190854.408891238,2664730.471314101,2799961.7334736437
2023-07-13,2937888.0795907397,1354360.2701208491,935403.6914467913,1190854.408891238,2790677.255696971,2932300.137121719
2023-07-14,2905427.3460841584,1354360.2701208491,935403.6914467913,1190854.408891238,2759843.054990225,2899901.1448069136
2023-07-17,2968815.2351363804,1354360.2701208491,935403.6914467913,1190854.408891238,2820054.72251206,2963168.468382282
2023-07-18,3034822.986538543,1354360.2701208491,935403.6914467913,1190854.408891238,2882754.977098809,3029050.67125865
2023-07-19,3008177.0694671953,1354360.2701208491,935403.6914467913,1190854.408891238,2857444.2257312634,3002455.4354411806
2023-07-20,2908686.1992511577,1354360.2701208491,935403.6914467913,1190854.408891238,2762938.614509997,2903153.7995471796
2023-07-21,2831304.41130535,1354360.2701208491,935403.6914467913,1190854.408891238,2689434.250226789,2825919.193851845
2023-07-24,2850665.8330622287,1354360.2701208491,935403.6914467913,1190854.408891238,2707825.515608963,2845243.78966166
2023-07-25,2918846.1532423906,1354360.2701208491,935403.6914467913,1190854.408891238,2772589.4765422265,2913294.429031538
2023-07-26,2904341.061695158,1354360.2701208491,935403.6914467913,1190854.408891238,2758811.2018169677,2898816.926560158
2023-07-27,2932967.8502993877,1354360.2701208491,935403.6914467913,1190854.408891238,2786003.5677945707,2927389.266239357
2023-07-28,2987282.0697493767,1354360.2701208491,935403.6914467913,1190854.408891238,2837596.2264574333,2981600.1785771227
2023-07-31,2985940.1890335535,1354360.2701208491,935403.6914467913,1190854.408891238,2836321.584302233,2980260.85015466
2023-08-01,2971754.5928948503,1354360.2701208491,935403.6914467913,1190854.408891238,2822846.795804403,2966102.235402914
2023-08-02,2828748.4480371154,1354360.2701208491,935403.6914467913,1190854.408891238,2687006.3604073604,2823368.092094773
2023-08-03,2844467.622136759,1354360.2701208491,935403.6914467913,1190854.408891238,2701937.8827968477,2839057.367900762
2023-08-04,2855010.970618227,1354360.2701208491,935403.6914467913,1190854.408891238,2711952.9283019914,2849580.662648681
2023-08-07,2902072.6442945995,1354360.2701208491,935403.6914467913,1190854.408891238,2756656.4496022244,2896552.823750757
2023-08-08,2853988.585310933,1354360.2701208491,919905.1110230751,1190854.408891238,2710981.7723742197,2848560.221945853
2023-08-09,2719161.5229115495,1354360.2701208491,876447.2974761763,1190854.408891238,2582910.5843993495,2713989.60426034
2023-08-10,2719161.5229115495,1349077.0110890293,873028.3415288846,1186208.9741054142,2572834.8416487197,2703402.531968494
2023-08-11,2719161.5229115495,1300286.4321987894,841454.4893168487,1143308.6637038006,2479785.9643191104,2605631.5571287344
2023-08-14,2719161.5229115495,1392520.6772241744,901142.0455533004,1224407.8806273993,2479785.9643191104,2790458.8794285534
2023-08-15,2719161.5229115495,1392520.6772241744,901142.0455533004,1229640.9908981768,2479785.9643191104,2802385.2801428614
2023-08-16,2719161.5229115495,1392520.6772241744,901142.0455533004,1216936.0066044177,2479785.9643191104,2773430.2752001015
2023-08-17,2719161.5229115495,1392520.6772241744,901142.0455533004,1212948.208670804,2479785.9643191104,2764341.975190535
2023-08-18,2719161.5229115495,1392520.6772241744,900216.8590541224,1211702.8963336404,2479785.9643191104,2761503.8744857935
2023-08-21,2719161.5229115495,1392520.6772241744,976477.1754358059,1314350.2143722046,2479785.9643191104,2995439.9056092347
2023-08-22,2643955.7227058285,1392520.6772241744,976477.1754358059,1314350.2143722046,2479785.9643191104,2912592.8760483433
2023-08-23,2643955.7227058285,1392520.6772241744,976477.1754358059,1314350.2143722046,2479785.9643191104,3004942.7596543254
2023-08-24,2646593.1689866497,1392520.6772241744,976477.1754358059,1314350.2143722046,2479785.9643191104,3007940.3042188846
2023-08-25,2582340.488315579,1392520.6772241744,976477.1754358059,1314350.2143722046,2479785.9643191104,2934915.0164227174
2023-08-28,2582340.488315579,1392520.6772241744,976477.1754358059,1314350.2143722046,2479785.9643191104,2987021.269810899
2023-08-29,2689802.4635846526,1392520.6772241744,976477.1754358059,1314350.2143722046,2582980.2174302014,3111323.7029242003
2023-08-30,2716268.2142922753,1392520.6772241744,976477.1754358059,1314350.2143722046,2608394.9129116405,3141936.9240090563
2023-08-31,2721285.679530595,1392520.6772241744,976477.1754358059,1314350.2143722046,2613213.1155966627,3147740.6805063933
2023-09-01,2674639.793908411,1392520.6772241744,976477.1754358059,1314350.2143722046,2568419.7148106275,3093784.878344335
2023-09-05,2676790.1361534055,1392520.6772241744,976477.1754358059,1314350.2143722046,2570484.6588184945,3096272.2025574795
2023-09-06,2594801.445940418,1392520.6772241744,976477.1754358059,1314350.2143722046,2491752.050108288,3001434.9947383525
2023-09-07,2549589.1218148973,1392520.6772241744,976477.1754358059,1314350.2143722046,2448335.2786608306,2949137.40871839
2023-09-08,2512702.481766149,1392520.6772241744,976477.1754358059,1314350.2143722046,2412913.5468335757,2906470.231831372
2023-09-11,2490978.511393642,1392520.6772241744,976477.1754358059,1314350.2143722046,2392052.3176258947,2881341.8795242193
2023-09-12,2473996.3213562514,1392520.6772241744,976477.1754358059,1314350.2143722046,2375744.5546919717,2861698.39599477
2023-09-13,2507905.5644503925,1392520.6772241744,976477.1754358059,1314350.2143722046,2408307.1332775652,2900921.5855097417
2023-09-14,2513198.714591917,1392520.6772241744,976477.1754358059,1314350.2143722046,2413390.0723738535,2907044.229726713
2023-09-15,2420513.450134599,1392520.6772241744,976477.1754358059,1314350.2143722046,2324385.6909065656,2799834.1783857904
2023-09-18,2424152.490856897,1394614.216283327,977945.2276813359,1314350.2143722046,2327880.2115352633,2804043.496284958
2023-09-19,2399561.397491065,1380466.96748966,968024.7534160883,1314350.2143722046,2304265.7236504266,2775598.711693613
2023-09-20,2399561.397491065,1339833.277568836,939531.193923303,1314350.2143722046,2304265.7236504266,2693899.6779234027
2023-09-21,2399561.397491065,1301071.0846857396,912349.9841651585,1314350.2143722046,2304265.7236504266,2615963.519244874
2023-09-22,2399561.397491065,1319881.215929337,925540.2111590862,1333352.3275721634,2304265.7236504266,2653783.602793456
2023-09-25,2399561.397491065,1339294.0326596606,939153.059254,1352963.2774513792,2304265.7236504266,2692815.459676648
2023-09-26,2399561.397491065,1329429.0228506238,932235.4191273364,1342997.5823330197,2304265.7236504266,2672980.6435154183
2023-09-27,2399561.397491065,1347097.22369832,944624.8903509752,1360846.1102459661,2304265.7236504266,2708504.7354826364
2023-09-28,2399561.397491065,1347097.22369832,958437.9273884611,1380745.4564469347,2304265.7236504266,2748110.590261169
2023-09-29,2399561.397491065,1347097.22369832,967557.6458834198,1393883.5111045795,2304265.7236504266,2774259.3832711503
2023-10-02,2399561.397491065,1347097.22369832,967557.6458834198,1434996.0089722814,2304265.7236504266,2856085.9721292127
2023-10-03,2399561.397491065,1347097.22369832,967557.6458834198,1434996.0089722814,2304265.7236504266,2775407.3790618326
2023-10-04,2399561.397491065,1347097.22369832,967557.6458834198,1434996.0089722814,2304265.7236504266,2808826.8120794664
2023-10-05,2399561.397491065,1347097.22369832,967557.6458834198,1434996.0089722814,2304265.7236504266,2850090.8830000954
2023-10-06,2399561.397491065,1347097.22369832,967557.6458834198,1434996.0089722814,2304265.7236504266,2918587.9651774606
2023-10-09,2373920.3520085,1347097.22369832,967557.6458834198,1434996.0089722814,2304265.7236504266,2887400.746197264
2023-10-10,2401449.0818210696,1347097.22369832,967557.6458834198,1434996.0089722814,2304265.7236504266,2920883.956758825
2023-10-11,2454304.243061203,1347097.22369832,967557.6458834198,1434996.0089722814,2304265.7236504266,2985171.7210370223
2023-10-12,2461592.8020020546,1347097.22369832,967557.6458834198,1434996.0089722814,2304265.7236504266,2994036.7996428455
2023-10-13,2383778.2590651913,1347097.22369832,967557.6458834198,1434996.0089722814,2231424.519392311,2899390.9244554993
2023-10-16,2417022.4775436083,1347097.22369832,967557.6458834198,1434996.0089722814,2262544.0096211825,2939825.8873050795
2023-10-17,2303918.7247708226,1347097.22369832,967557.6458834198,1434996.0089722814,2156669.0247257953,2802257.725055008
2023-10-18,2212575.777468925,1347097.22369832,967557.6458834198,1434996.0089722814,2071164.0531505677,2691157.243534551
2023-10-19,2212575.777468925,1344064.371384088,967557.6458834198,1434996.0089722814,2066501.0380531817,2685098.376861507
2023-10-20,2175052.2244627536,1321270.0918855432,967557.6458834198,1434996.0089722814,2031454.7982686167,2639561.2104977835
2023-10-23,2175052.2244627536,1371966.6126750242,1004682.3841264157,1434996.0089722814,2109400.7769491337,2740839.9502535155
2023-10-24,2209873.3048683465,1371966.6126750242,1004682.3841264157,1434996.0089722814,2143170.8231280977,2784718.900475142
2023-10-25,2114520.2300367514,1371966.6126750242,1004682.3841264157,1434996.0089722814,2050695.8710915148,2664562.007717083
2023-10-26,2114520.2300367514,1324252.0314687528,969741.3011867646,1434996.0089722814,2050695.8710915148,2571893.2363914666
2023-10-27,2114520.2300367514,1329965.9592938672,973925.5740233093,1441187.7786881267,2050695.8710915148,2582990.529034727
2023-10-30,2114520.2300367514,1351672.3172961697,989821.0012931713,1464709.386631654,2050695.8710915148,2625147.4855703306
2023-10-31,2114520.2300367514,1339160.785679109,980658.886633841,1451151.5460469585,2050695.8710915148,2600848.241334226
2023-11-01,2114520.2300367514,1389896.5241262452,1017812.3437169524,1506130.1909376536,2050695.8710915148,2699384.5467011062
2023-11-02,2114520.2300367514,1389896.5241262452,1046212.4944063727,1548155.9382618677,2050695.8710915148,2774705.8260786375
2023-11-03,2114520.2300367514,1389896.5241262452,1046212.4944063727,1548155.9382618677,2050695.8710915148,2870308.3644248857
2023-11-06,2114520.2300367514,1389896.5241262452,1046212.4944063727,1548155.9382618677,2050695.8710915148,2917886.412194266
2023-11-07,2123948.7043198817,1389896.5241262452,1046212.4944063727,1548155.9382618677,2050695.8710915148,2930897.0311553297
2023-11-08,2152557.6532476153,1389896.5241262452,1046212.4944063727,1548155.9382618677,2050695.8710915148,2970375.330846009
2023-11-09,2152557.6532476153,1389896.5241262452,1046212.4944063727,1548155.9382618677,2050695.8710915148,2994355.6873624795
2023-11-10,2216056.9578215866,1389896.5241262452,1046212.4944063727,1548155.9382618677,2050695.8710915148,3082687.585701075
2023-11-13,2229123.6017230893,1389896.5241262452,1046212.4944063727,1548155.9382618677,2062787.4884135602,3100864.1857202076
2023-11-14,2276621.9985018866,1389896.5241262452,1046212.4944063727,1548155.9382618677,2106741.578047383,3166937.721228355
2023-11-15,2241410.831777836,1389896.5241262452,1046212.4944063727,1548155.9382618677,2074157.851369028,3117956.5674925856
2023-11-16,2268552.772794292,1389896.5241262452,1046212.4944063727,1548155.9382618677,2099274.4740169263,3155712.873497241
2023-11-17,2260208.4598466656,1389896.5241262452,1046212.4944063727,1548155.9382618677,2091552.8096217955,3144105.360502567
2023-11-20,2311145.447125858,1389896.5241262452,1046212.4944063727,1548155.9382618677,2138688.903814051,3214962.211805223
2023-11-21,2289826.1860234058,1389896.5241262452,1046212.4944063727,1548155.9382618677,2118960.475551766,3185305.653879269
2023-11-22,2233524.997563596,1389896.5241262452,1046212.4944063727,1548155.9382618677,2066860.4542483548,3106986.829937179
2023-11-24,2190427.996625305,1389896.5241262452,1046212.4944063727,1548155.9382618677,2026979.330449327,3047035.9386460027
2023-11-27,2211793.105601096,1389896.5241262452,1046212.4944063727,1548155.9382618677,2046750.1854390579,3076756.2741158833
2023-11-28,2192491.150925542,1389896.5241262452,1046212.4944063727,1548155.9382618677,2028888.5331843868,3049905.928122708
2023-11-29,2207116.622520558,1389896.5241262452,1046212.4944063727,1548155.9382618677,2042422.6592395888,3070250.9646353517
2023-11-30,2144305.036046666,1389896.5241262452,1046212.4944063727,1548155.9382618677,1984298.0426388776,2982875.7294556587
2023-12-01,2144075.796679973,1389896.5241262452,1046212.4944063727,1548155.9382618677,1984085.9090016487,2982556.8417360247
2023-12-04,2086536.7156400208,1389896.5241262452,1046212.4944063727,1548155.9382618677,1930840.3660572015,2902516.024107911
2023-12-05,2134952.06988559,1422147.2542839537,1070488.4863662305,1548155.9382618677,1975642.9902399397,2969865.1104945946
2023-12-06,2086215.7805266504,1389682.7408770937,1046051.5740051237,1548155.9382618677,1930543.3789650812,2902069.581300424
2023-12-07,2086215.7805266504,1423063.4682088885,1071178.1452287263,1548155.9382618677,1976915.7920633126,2971778.436812398
2023-12-08,2126958.6846445845,1423063.4682088885,1092097.7973911038,1548155.9382618677,2015524.1140389675,3029816.001785771
2023-12-11,2087603.725611987,1423063.4682088885,1092097.7973911038,1548155.9382618677,1978231.0206141318,2973755.5406741286
2023-12-12,2087603.725611987,1423063.4682088885,1116222.4618840548,1548155.9382618677,1978231.0206141318,3039446.410918715
2023-12-13,2087603.725611987,1423063.4682088885,1116222.4618840548,1548155.9382618677,1978231.0206141318,3066934.532351159
2023-12-14,2087603.725611987,1423063.4682088885,1116222.4618840548,1548155.9382618677,1978231.0206141318,3083644.2488599764
2023-12-15,2087603.725611987,1423063.4682088885,1116222.4618840548,1548155.9382618677,1978231.0206141318,3118084.1225804393
2023-12-18,2087603.725611987,1423063.4682088885,1116222.4618840548,1548155.9382618677,1978231.0206141318,3193788.067221531
2023-12-19,2067885.3606497394,1423063.4682088885,1116222.4618840548,1548155.9382618677,1978231.0206141318,3163621.2889441624
2023-12-20,2067885.3606497394,1423063.4682088885,1116222.4618840548,1548155.9382618677,1978231.0206141318,3068401.415861475
2023-12-21,2067885.3606497394,1423063.4682088885,1116222.4618840548,1548155.9382618677,2014373.7960110228,3124461.8769731177
2023-12-22,2061131.7036237346,1423063.4682088885,1116222.4618840548,1548155.9382618677,2007794.906291452,3114257.4699448324
2023-12-26,2080084.15365296,1423063.4682088885,1116222.4618840548,1548155.9382618677,2026256.9155669974,3142893.5871679583
2023-12-27,2085909.182837889,1423063.4682088885,1116222.4618840548,1548155.9382618677,2031931.207950127,3151694.888229854
2023-12-28,2090341.2702612046,1423063.4682088885,1116222.4618840548,1548155.9382618677,2036248.6043285953,3158391.5303421663
2023-12-29,2090341.2702612046,1423063.4682088885,1116222.4618840548,1548155.9382618677,2036248.6043285953,3158391.5303421663
2024-01-02,2033188.4476786419,1423063.4682088885,1116222.4618840548,1548155.9382618677,1980574.750076729,3072036.735865302
2024-01-03,2007904.444187538,1423063.4682088885,1116222.4618840548,1548155.9382618677,1955945.031689087,3033833.9870531587
2024-01-04,2026012.6870885123,1423063.4682088885,1116222.4618840548,1548155.9382618677,1973584.6797496856,3061194.5533977486
2024-01-05,2072401.8687858805,1423063.4682088885,1116222.4618840548,1548155.9382618677,2018773.4285109863,3131286.0741732833
2024-01-08,2205617.7536238185,1423063.4682088885,1116222.4618840548,1548155.9382618677,2148542.0282295165,3332568.002806212
2024-01-09,2243058.3397617307,1423063.4682088885,1116222.4618840548,1548155.9382618677,2185013.748112386,3389138.684269269
2024-01-10,2294132.8710208894,1423063.4682088885,1116222.4618840548,1548155.9382618677,2234766.6016166387,3466309.5124206766
2024-01-11,2314056.159247603,1423063.4682088885,1116222.4618840548,1548155.9382618677,2254174.326289372,3496412.513154119
2024-01-12,2309328.5993293994,1423063.4682088885,1116222.4618840548,1548155.9382618677,2249569.1034856727,3489269.4282343183
2024-01-16,2379904.315251146,1423063.4682088885,1116222.4618840548,1548155.9382618677,2318318.501055185,3595905.4816799
2024-01-17,2366017.1079914244,1423063.4682088885,1116222.4618840548,1548155.9382618677,2304790.6590693183,3574922.6697279885
2024-01-18,2410506.823650229,1423063.4682088885,1116222.4618840548,1548155.9382618677,2348129.09509699,3642144.2010268182
2024-01-19,2511136.3133376953,1423063.4682088885,1116222.4618840548,1548155.9382618677,2446154.5519185923,3794189.86574827
2024-01-22,2518016.601432937,1423063.4682088885,1116222.4618840548,1548155.9382618677,2452856.795820405,3804585.6054083356
2024-01-23,2527260.669487281,1423063.4682088885,1116222.4618840548,1548155.9382618677,2461861.6511240667,3818552.887528301
2024-01-24,2590111.890185535,1423063.4682088885,1116222.4618840548,1548155.9382618677,2523086.443576821,3913517.650435282
2024-01-25,2600875.5310707297,1423063.4682088885,1116222.4618840548,1548155.9382618677,2533571.549067387,3929780.924136611
2024-01-26,2576140.2622129885,1423063.4682088885,1116222.4618840548,1548155.9382618677,2509476.3654694594,3892407.283395516
2024-01-29,2636669.913308554,1423063.4682088885,1116222.4618840548,1548155.9382618677,2568439.664581111,3983864.281386524
2024-01-30,2649712.913440025,1423063.4682088885,1116222.4618840548,1548155.9382618677,2581145.1453520316,4003571.5424599
2024-01-31,2597076.5989936027,1423063.4682088885,1116222.4618840548,1548155.9382618677,2529870.923600128,3924040.9451832008
2024-02-01,2660392.1336123943,1423063.4682088885,1116222.4618840548,1548155.9382618677,2591548.014721102,4019707.2610733756
2024-02-02,2792637.180252844,1423063.4682088885,1116222.4618840548,1548155.9382618677,2720370.899042444,4219522.306195988
2024-02-05,2926528.4307933827,1423063.4682088885,1116222.4618840548,1548155.9382618677,2850797.387732931,4421824.675531744
2024-02-06,2879717.1455318895,1423063.4682088885,1116222.4618840548,1548155.9382618677,2805197.4583641575,4351095.379316942
2024-02-07,2958903.774161792,1423063.4682088885,1116222.4618840548,1548155.9382618677,2882334.9403261226,4470742.051723588
2024-02-08,2939571.4309248542,1423063.4682088885,1116222.4618840548,1548155.9382618677,2863502.868503852,4441531.936605122
2024-02-09,3044759.6391048734,1423063.4682088885,1116222.4618840548,1548155.9382618677,2965969.075886164,4600465.576070664
2024-02-12,3049613.830092314,1423063.4682088885,1116222.4618840548,1548155.9382618677,2970697.6528721056,4607799.993622246
2024-02-13,3044548.5873228107,1423063.4682088885,1116222.4618840548,1548155.9382618677,2965763.4855824276,4600146.68835103
2024-02-14,3119345.33888581,1423063.4682088885,1116222.4618840548,1548155.9382618677,3038624.689226672,4713160.496189292
2024-02-15,3066920.0762214507,1423063.4682088885,1116222.4618840548,1548155.9382618677,2987556.057778505,4633948.786632226
2024-02-16,3065020.610182887,1423063.4682088885,1116222.4618840548,1548155.9382618677,2985705.745044876,4631078.797155522
2024-02-20,2931593.673562886,1423063.4682088885,1116222.4618840548,1548155.9382618677,2855731.5550226094,4429477.980802959
2024-02-21,2848017.167866081,1423063.4682088885,1116222.4618840548,1548155.9382618677,2774317.794742923,4303198.443827927
2024-02-22,3315116.9719271148,1423063.4682088885,1116222.4618840548,1548155.9382618677,3229330.2549727256,5008960.744921713
2024-02-23,3326893.6613662103,1423063.4682088885,1116222.4618840548,1548155.9382618677,3240802.193921227,5026754.679677284
2024-02-26,3338501.509379656,1423063.4682088885,1116222.4618840548,1548155.9382618677,3252109.6606267397,5044293.50425715
2024-02-27,3321997.260022357,1423063.4682088885,1116222.4618840548,1548155.9382618677,3236032.4988745386,5019356.484581779
2024-02-28,3278182.910066153,1423063.4682088885,1116222.4618840548,1548155.9382618677,3193351.9518188243,4953155.393985777
2024-02-29,3339345.716507906,1423063.4682088885,1116222.4618840548,1548155.9382618677,3252932.0218416858,5045569.055135686
2024-03-01,3473025.9152663816,1423063.4682088885,1116222.4618840548,1548155.9382618677,3383152.920228436,5247552.536751809
2024-03-04,3597884.1495346385,1423063.4682088885,1116222.4618840548,1548155.9382618677,3504780.143918997,5436206.511687234
2024-03-05,3628571.078646546,1423063.4682088885,1116222.4618840548,1548155.9382618677,3534672.9740822962,5482572.786122006
2024-03-06,3744058.6137912227,1423063.4682088885,1116222.4618840548,1548155.9382618677,3647171.9882869534,5657068.146305686
2024-03-07,3911591.5183925456,1423063.4682088885,1116222.4618840548,1548155.9382618677,3810369.5713930517,5910201.218151088
2024-03-08,3694588.07607574,1423063.4682088885,1116222.4618840548,1548155.9382618677,3598981.621091099,5582320.864823496
2024-03-11,3620551.1109281657,1423063.4682088885,1116222.4618840548,1548155.9382618677,3526860.5425403058,5470455.052775918
2024-03-12,3879680.488944674,1423063.4682088885,1116222.4618840548,1548155.9382618677,3779284.3174680797,5861985.39494244
2024-03-13,3836414.873621833,1423063.4682088885,1116222.4618840548,1548155.9382618677,3737138.305202081,5796613.412417487
2024-03-14,3712147.584343351,1423063.4682088885,1116222.4618840548,1548155.9382618677,3616086.734361982,5608852.323097038
2024-03-15,3707609.971029004,1423063.4682088885,1116222.4618840548,1548155.9382618677,3611666.5428316453,5601996.237124908
2024-03-18,3733717.0764701525,1423063.4682088885,1116222.4618840548,1548155.9382618677,3637098.06340386,5641442.648043624
2024-03-19,3773521.442567166,1423063.4682088885,1116222.4618840548,1548155.9382618677,3675872.3946885793,5701584.87196658
2024-03-20,3814634.329712969,1423063.4682088885,1116222.4618840548,1548155.9382618677,3715921.385856466,5763704.199751268
2024-03-21,3859503.938579486,1423063.4682088885,1116222.4618840548,1548155.9382618677,3759629.8844308634,5831499.728945438
2024-03-22,3979972.295780841,1423063.4682088885,1116222.4618840548,1548155.9382618677,3876980.8298037043,6013520.839312478
2024-03-25,4010068.279902973,1423063.4682088885,1116222.4618840548,1548155.9382618677,3906298.007116541,6058994.228132274
2024-03-26,3907032.799899993,1423063.4682088885,1116222.4618840548,1548155.9382618677,3805928.8208323424,5903313.243406996
2024-03-27,3809484.666230641,1423063.4682088885,1116222.4618840548,1548155.9382618677,3710904.982445294,5755923.3393922
2024-03-28,3813958.9640103686,1423063.4682088885,1116222.4618840548,1548155.9382618677,3715263.4968845095,5762683.759048439
2024-04-01,3814254.4365052567,1423063.4682088885,1116222.4618840548,1548155.9382618677,3715551.3233097414,5763130.201855926
2024-04-02,3775800.8018134437,1423063.4682088885,1116222.4618840548,1548155.9382618677,3678092.769968936,5705028.859338626
2024-04-03,3755202.14788413,1423063.4682088885,1116222.4618840548,1548155.9382618677,3658027.156324246,5673905.417902356
2024-04-04,3626080.6676182076,1423063.4682088885,1116222.4618840548,1548155.9382618677,3532247.008498206,5478809.911030326
2024-04-05,3626080.6676182076,1457900.8172996666,1116222.4618840548,1548155.9382618677,3618718.2902498115,5612934.085908351
2024-04-08,3626080.6676182076,1457900.8172996666,1116222.4618840548,1548155.9382618677,3582739.9870959097,5557128.7349724155
2024-04-09,3626080.6676182076,1428134.7636348542,1116222.4618840548,1548155.9382618677,3509590.957026434,5443668.484326668
2024-04-10,3626080.6676182076,1456328.0185113067,1138258.1584920008,1548155.9382618677,3578874.889385662,5551133.645843298
2024-04-11,3626080.6676182076,1456328.0185113067,1138258.1584920008,1548155.9382618677,3725954.1926788124,5779265.920469402
2024-04-12,3626080.6676182076,1456328.0185113067,1138258.1584920008,1548155.9382618677,3725954.1926788124,5624286.48872732
2024-04-15,3536236.630483676,1456328.0185113067,1110055.336317222,1548155.9382618677,3725954.1926788124,5484932.5552472975
2024-04-16,3536236.630483676,1480272.4821591128,1128306.4990426851,1548155.9382618677,3725954.1926788124,5575114.002359769
2024-04-17,3536236.630483676,1480272.4821591128,1084679.2500949728,1548155.9382618677,3725954.1926788124,5359545.90388724
2024-04-18,3536236.630483676,1491475.5915617808,1092888.4010804002,1548155.9382618677,3725954.1926788124,5400108.421824676
2024-04-19,3536236.630483676,1342259.3340932277,983549.2218389589,1548155.9382618677,3725954.1926788124,4859848.847220894
2024-04-22,3536236.630483676,1400705.7444675234,1026376.2076402932,1615567.7676995697,3725954.1926788124,5071462.73796996
2024-04-23,3536236.630483676,1451877.1797108415,1063872.4082891408,1674588.6732199206,3725954.1926788124,5256736.503077266
2024-04-24,3536236.630483676,1403506.5218181906,1063872.4082891408,1618798.1718227149,3725954.1926788124,5081603.36745432
2024-04-25,3536236.630483676,1455558.704656058,1063872.4082891408,1678834.927696256,3725954.1926788124,5270066.009757964
2024-04-26,3536236.630483676,1455558.704656058,1063872.4082891408,1782512.6147428476,3725954.1926788124,5595522.81641634
2024-04-29,3536236.630483676,1455558.704656058,1063872.4082891408,1782512.6147428476,3725954.1926788124,5596925.922382729
2024-04-30,3536236.630483676,1455558.704656058,1063872.4082891408,1782512.6147428476,3725954.1926788124,5510507.350361938
2024-05-01,3536236.630483676,1455558.704656058,1063872.4082891408,1782512.6147428476,3725954.1926788124,5296151.025224019
2024-05-02,3536236.630483676,1455558.704656058,1063872.4082891408,1782512.6147428476,3725954.1926788124,5473197.487164768
2024-05-03,3536236.630483676,1455558.704656058,1063872.4082891408,1782512.6147428476,3725954.1926788124,5662744.347715169
2024-05-06,3669698.3087180387,1455558.704656058,1063872.4082891408,1782512.6147428476,3725954.1926788124,5876462.897413821
2024-05-07,3606532.0235256488,1455558.704656058,1063872.4082891408,1782512.6147428476,3725954.1926788124,5775311.712745941
2024-05-08,3600876.5301477676,1455558.704656058,1063872.4082891408,1782512.6147428476,3725954.1926788124,5766255.301508339
2024-05-09,3534563.8789212042,1455558.704656058,1063872.4082891408,1782512.6147428476,3657338.149113686,5660065.690870244
2024-05-10,3534563.8789212042,1455558.704656058,1063872.4082891408,1782512.6147428476,3703947.605733601,5732198.093051436
2024-05-13,3555052.8504261104,1455558.704656058,1063872.4082891408,1782512.6147428476,3725418.4517981242,5765426.19343729
2024-05-14,3592688.0629600743,1455558.704656058,1063872.4082891408,1782512.6147428476,3764857.222784206,5826461.302975222
2024-05-15,3721442.1756415763,1455558.704656058,1063872.4082891408,1782512.6147428476,3899781.5030438,6035268.98179151
2024-05-16,3710784.764359754,1455558.704656058,1063872.4082891408,1782512.6147428476,3888613.36622329,6017985.267387353
2024-05-17,3636851.431482166,1455558.704656058,1063872.4082891408,1782512.6147428476,3811136.9927083123,5898083.484804999
2024-05-20,3727341.1117754267,1455558.704656058,1063872.4082891408,1782512.6147428476,3905963.128590208,6044835.613380529
2024-05-21,3751172.813756181,1455558.704656058,1063872.4082891408,1782512.6147428476,3930936.8957976955,6083484.805000158
2024-05-22,3734026.5727271233,1455558.704656058,1063872.4082891408,1782512.6147428476,3912968.9708761373,6055677.795848082
2024-05-23,4082024.4783833884,1455558.704656058,1063872.4082891408,1782512.6147428476,4277643.667277222,6620045.282056188
2024-05-24,4187025.5415659198,1455558.704656058,1063872.4082891408,1782512.6147428476,4387676.60200328,6790331.324340699
2024-05-28,4479298.163877747,1455558.704656058,1063872.4082891408,1782512.6147428476,4693955.542409299,7264326.030804553
2024-05-29,4515635.610462264,1455558.704656058,1063872.4082891408,1782512.6147428476,4732034.355775171,7323256.481392901
2024-05-30,4345549.618602919,1455558.704656058,1063872.4082891408,1782512.6147428476,4553797.4858537465,7047418.603909562
2024-05-31,4311453.767749266,1455558.704656058,1063872.4082891408,1782512.6147428476,4518067.690195509,6992123.473325042
2024-06-03,4522517.702618423,1455558.704656058,1063872.4082891408,1782512.6147428476,4739246.25224598,7334417.551580088
2024-06-04,4579029.510780707,1455558.704656058,1063872.4082891408,1782512.6147428476,4798466.224980567,7426065.882202876
2024-06-05,4815104.934857388,1455558.704656058,1063872.4082891408,1782512.6147428476,5045854.879347807,7808922.478395356
2024-06-06,4758396.495490642,1455558.704656058,1063872.4082891408,1782512.6147428476,4986428.85242834,7716955.260052935
2024-06-07,4754070.608992485,1455558.704656058,1063872.4082891408,1782512.6147428476,4981895.660360974,7709939.730220989
2024-06-10,4789542.878277371,1455558.704656058,1063872.4082891408,1782512.6147428476,5019067.835313372,7767467.074842948
2024-06-11,4754935.786292116,1455558.704656058,1063872.4082891408,1782512.6147428476,4982802.298774446,7711342.8361873785
2024-06-12,4923645.359720229,1455558.704656058,1063872.4082891408,1782512.6147428476,5159596.78940171,7984948.499633279
2024-06-13,5097074.082055423,1455558.704656058,1063872.4082891408,1782512.6147428476,5341336.5804661,8266207.468350395
2024-06-14,5186344.648881022,1455558.704656058,1063872.4082891408,1782512.6147428476,5434885.180401738,8410982.493064191
2024-06-17,5150951.032077921,1455558.704656058,1063872.4082891408,1782512.6147428476,5397795.4271232905,8353582.703530085
2024-06-18,5331851.740182659,1455558.704656058,1063872.4082891408,1782512.6147428476,5587365.277213131,8646959.40559329
2024-06-20,5143085.783899454,1455558.704656058,1063872.4082891408,1782512.6147428476,5389553.259728081,8340827.194744729
2024-06-21,4977522.309742727,1455558.704656058,1063872.4082891408,1782512.6147428476,5216055.636058901,8072323.734812972
2024-06-24,4644822.311793581,1455558.704656058,1063872.4082891408,1782512.6147428476,4867411.955241501,7532765.713192385
2024-06-25,4958645.714114407,1455558.704656058,1063872.4082891408,1782512.6147428476,5196274.434310396,8041710.513728117
2024-06-26,4970836.84879103,1455558.704656058,1063872.4082891408,1782512.6147428476,5209049.793772972,8061481.552345419
2024-06-27,4876060.608240505,1455558.704656058,1063872.4082891408,1782512.6147428476,5109731.676660687,7907777.67148187
2024-06-28,4858363.799838955,1455558.704656058,1063872.4082891408,1782512.6147428476,5091186.800021464,7879077.776714819
2024-07-01,4888251.742917128,1455558.704656058,1063872.4082891408,1782512.6147428476,5122507.036123263,7927548.710099173
2024-07-02,4824149.970262623,1455558.704656058,1063872.4082891408,1782512.6147428476,5055333.371852298,7823591.313498517
2024-07-03,5044770.181668618,1455558.704656058,1063872.4082891408,1782512.6147428476,5286526.16728795,8181383.334927771
2024-07-05,4948420.891482399,1455558.704656058,1063872.4082891408,1782512.6147428476,5185559.616696623,8025128.352307153
2024-07-08,5041624.08239723,1455558.704656058,1063872.4082891408,1782512.6147428476,5283229.300329866,8176281.131413628
2024-07-09,5166681.528434852,1455558.704656058,1063872.4082891408,1782512.6147428476,5414279.761913711,8379093.7211008
2024-07-10,5305503.158784792,1455558.704656058,1063872.4082891408,1782512.6147428476,5559754.016439174,8604228.451162346
2024-07-11,5010163.089683363,1455558.704656058,1063872.4082891408,1782512.6147428476,5250260.630749024,8125259.096272202
2024-07-12,5082523.372925257,1455558.704656058,1063872.4082891408,1782512.6147428476,5326088.57078496,8242609.777097485
2024-07-15,5051062.38021139,1455558.704656058,1063872.4082891408,1782512.6147428476,5293119.901204118,8191587.741956056
2024-07-16,5051062.38021139,1455558.704656058,1063872.4082891408,1782512.6147428476,5207401.360293929,8058930.450588347
2024-07-17,5051062.38021139,1455558.704656058,1063872.4082891408,1782512.6147428476,4862466.654804374,7525112.407921171
2024-07-18,5051062.38021139,1493801.1996508352,1063872.4082891408,1782512.6147428476,4990220.249430135,7722822.794094199
2024-07-19,5051062.38021139,1454818.5273335783,1063872.4082891408,1782512.6147428476,4859994.004585811,7521285.755285564
2024-07-22,5051062.38021139,1524025.1069854174,1063872.4082891408,1782512.6147428476,5091186.800021463,7879077.776714819
2024-07-23,5051062.38021139,1524025.1069854174,1063872.4082891408,1782512.6147428476,5091186.800021463,7818489.109984374
2024-07-24,4707430.2711408045,1524025.1069854174,1063872.4082891408,1782512.6147428476,5091186.800021463,7286584.393635
2024-07-25,4707430.2711408045,1497746.512142868,1045528.1750783784,1751776.948650564,5091186.800021463,7160942.632099237
2024-07-26,4707430.2711408045,1508151.234973928,1052791.3740146193,1763946.400199793,5091186.800021463,7210689.116362128
2024-07-29,4707430.2711408045,1488542.3342538532,1039103.0375578575,1741011.6645877846,5091186.800021463,7116936.126789757
2024-07-30,4707430.2711408045,1383694.7426485545,965912.3405849679,1618381.0374378609,5091186.800021463,6615644.63152524
2024-07-31,4707430.2711408045,1560975.2124239258,1089666.0763063042,1825729.7696035714,5091186.800021463,7463248.19031219
2024-08-01,4707430.2711408045,1560975.2124239258,1089666.0763063042,1703879.2355016752,5091186.800021463,6965145.572244012
2024-08-02,4707430.2711408045,1533246.1407995103,1070309.3123832732,1673611.625238208,5091186.800021463,6841417.137026053
2024-08-05,4707430.2711408045,1435765.5900373901,1002261.3072517926,1567206.9334872568,5091186.800021463,6406454.287445391
2024-08-06,4707430.2711408045,1490080.266415111,1040176.6180288638,1626494.005137347,5091186.800021463,6648808.954367167
2024-08-07,4707430.2711408045,1413753.852768524,986895.6286737162,1543180.0676080093,5091186.800021463,6308236.869798143
2024-08-08,4707430.2711408045,1500371.4682551005,1047360.5716497827,1637727.3450289431,5091186.800021463,6694728.7859944515
2024-08-09,4707430.2711408045,1497226.9343595481,1047360.5716497827,1634294.935617622,5091186.800021463,6680697.726330559
2024-08-12,4707430.2711408045,1497226.9343595481,1090054.888031115,1700914.8819191707,5091186.800021463,6953027.838897923
2024-08-13,4707430.2711408045,1497226.9343595481,1090054.888031115,1812000.1319582874,5091186.800021463,7407123.951656621
2024-08-14,4707430.2711408045,1497226.9343595481,1090054.888031115,1812000.1319582874,5091186.800021463,7530852.386874581
2024-08-15,4897991.896276755,1497226.9343595481,1090054.888031115,1812000.1319582874,5091186.800021463,7835709.046844605
2024-08-16,4966562.188166679,1497226.9343595481,1090054.888031115,1812000.1319582874,5091186.800021463,7945406.422398672
2024-08-19,5182638.340517485,1497226.9343595481,1090054.888031115,1812000.1319582874,5091186.800021463,8291080.710481839
2024-08-20,5073005.606391153,1497226.9343595481,1090054.888031115,1812000.1319582874,5091186.800021463,8115692.464683185
2024-08-21,5122838.667357668,1497226.9343595481,1090054.888031115,1812000.1319582874,5091186.800021463,8195414.394591664
2024-08-22,4933074.371197182,1497226.9343595481,1090054.888031115,1812000.1319582874,4902594.977701602,7891833.285500174
2024-08-23,5157522.477790363,1497226.9343595481,1090054.888031115,1812000.1319582874,5125656.313764799,8250900.857807965
2024-08-26,5041511.111860317,1497226.9343595481,1090054.888031115,1812000.1319582874,5010361.7333129505,8065308.204981026
2024-08-27,5114865.377603027,1497226.9343595481,1090054.888031115,1812000.1319582874,5083262.77387357,8182658.885806308
2024-08-28,5007624.6304030875,1497226.9343595481,1090054.888031115,1812000.1319582874,4976684.622184404,8011097.29264326
2024-08-29,4687895.711241932,1497226.9343595481,1090054.888031115,1812000.1319582874,4658931.173653882,7499601.390350457
2024-08-30,4758857.990058248,1497226.9343595481,1090054.888031115,1812000.1319582874,4729455.006370133,7613125.418540131
2024-09-03,4305576.467506833,1497226.9343595481,1090054.888031115,1812000.1319582874,4278974.119862397,6887974.744092604
2024-09-04,4234215.5242027845,1472411.784243774,1090054.888031115,1812000.1319582874,4208054.085838752,6773812.940463662
2024-09-05,4274081.972975996,1486274.996598955,1100318.0919481767,1812000.1319582874,4247674.216578219,6837590.484390446
2024-09-06,4099466.9273493304,1425554.1264832623,1055365.258791447,1812000.1319582874,4074138.0439393553,6558244.841991135
2024-09-09,4099466.9273493304,1476016.219456121,1092723.3210495512,1812000.1319582874,4218355.319831014,6790395.101884626
2024-09-10,4162227.6213624734,1498613.255595066,1109452.3434343615,1812000.1319582874,4282936.132936344,6894352.498485283
2024-09-11,4162227.6213624734,1620748.1564442106,1199871.1699436745,1812000.1319582874,4282936.132936344,7456232.660480245
2024-09-12,4241620.039424558,1620748.1564442106,1199871.1699436745,1812000.1319582874,4282936.132936344,7598456.5834369715
2024-09-13,4240195.960176808,1620748.1564442106,1199871.1699436745,1812000.1319582874,4282936.132936344,7595905.4816799
2024-09-16,4240195.960176808,1620748.1564442106,1199871.1699436745,1812000.1319582874,4282936.132936344,7447941.579769763
2024-09-17,4240195.960176808,1620748.1564442106,1199871.1699436745,1812000.1319582874,4282936.132936344,7372046.302496891
2024-09-18,4240195.960176808,1620748.1564442106,1176826.667847689,1812000.1319582874,4282936.132936344,7230460.154979432
2024-09-19,4240195.960176808,1620748.1564442106,1223538.4964206326,1812000.1319582874,4282936.132936344,7517459.102649957
2024-09-20,4240195.960176808,1620748.1564442106,1223538.4964206326,1812000.1319582874,4282936.132936344,7398195.095506872
2024-09-23,4240195.960176808,1620748.1564442106,1223538.4964206326,1812000.1319582874,4282936.132936344,7414777.256927836
2024-09-24,4240195.960176808,1620748.1564442106,1223538.4964206326,1812000.1319582874,4282936.132936344,7708791.734430307
2024-09-25,4240195.960176808,1620748.1564442106,1223538.4964206326,1812000.1319582874,4282936.132936344,7877164.450397016
2024-09-26,4240195.960176808,1620748.1564442106,1223538.4964206326,1812000.1319582874,4282936.132936344,7910966.548678211
2024-09-27,4240195.960176808,1620748.1564442106,1223538.4964206326,1812000.1319582874,4282936.132936344,7742593.832711502
2024-09-30,4241593.059339963,1620748.1564442106,1223538.4964206326,1812000.1319582874,4282936.132936344,7745144.934468574
2024-10-01,4086515.052229707,1620748.1564442106,1223538.4964206326,1812000.1319582874,4126346.5707637696,7461972.639433655
2024-10-02,4151130.8885256466,1620748.1564442106,1223538.4964206326,1812000.1319582874,4191592.2216690085,7579961.095698204
2024-10-03,4290840.804841192,1620748.1564442106,1223538.4964206326,1812000.1319582874,4332663.899301958,7835071.271405337
2024-10-04,4363140.686534488,1620748.1564442106,1223538.4964206326,1812000.1319582874,4405668.49247701,7967090.787333779
2024-10-07,4460937.62795537,1620748.1564442106,1223538.4964206326,1812000.1319582874,4504418.666820074,8145667.910328772
2024-10-08,4641512.694793212,1620748.1564442106,1223538.4964206326,1812000.1319582874,4686753.810160661,8475397.812430242
2024-10-09,4633130.09981428,1620748.1564442106,1223538.4964206326,1812000.1319582874,4678289.509502685,8460091.201887814
2024-10-10,4708573.454624674,1620748.1564442106,1223538.4964206326,1812000.1319582874,4754468.215424477,8597850.696769668
2024-10-11,4708224.179833885,1620748.1564442106,1223538.4964206326,1812000.1319582874,4754115.536230395,8597212.9213304
2024-10-14,4822437.036421843,1620748.1564442106,1223538.4964206326,1812000.1319582874,4869441.63269533,8805765.48997098
2024-10-15,4596456.246781448,1620748.1564442106,1223538.4964206326,1812000.1319582874,4641258.194124035,8393124.780764692
2024-10-16,4740357.460586459,1620748.1564442106,1223538.4964206326,1812000.1319582874,4786562.022085972,8655888.26174304
2024-10-17,4782619.710271913,1620748.1564442106,1223538.4964206326,1812000.1319582874,4829236.20456994,8733059.089894447
2024-10-18,4819992.112886322,1620748.1564442106,1223538.4964206326,1812000.1319582874,4866972.878336755,8801301.061896106
2024-10-21,5019428.018426764,1620748.1564442106,1223538.4964206326,1812000.1319582874,5068352.69815779,9165470.83771804
2024-10-22,5015236.720937298,1620748.1564442106,1223538.4964206326,1812000.1319582874,5064120.547828802,9157817.532446826
2024-10-23,4874478.980249385,1620748.1564442106,1223538.4964206326,1812000.1319582874,4921990.832613605,8900794.030421888
2024-10-24,4904167.337466438,1620748.1564442106,1223538.4964206326,1812000.1319582874,4951968.564110607,8955004.942759654
2024-10-25,4943635.38882558,1620748.1564442106,1223538.4964206326,1812000.1319582874,4991821.313041915,9027073.567396918
2024-10-28,4908009.360165115,1620748.1564442106,1223538.4964206326,1812000.1319582874,4955848.035245514,8962020.472591601
2024-10-29,4933506.419892702,1620748.1564442106,1223538.4964206326,1812000.1319582874,4981593.616413527,9008578.079658153
2024-10-30,4866620.297456635,1620748.1564442106,1223538.4964206326,1812000.1319582874,4914055.550746753,8886444.083038364
2024-10-31,4636972.122512957,1620748.1564442106,1223538.4964206326,1812000.1319582874,4682168.980637591,8467106.73171976
2024-11-01,4729180.667281217,1620748.1564442106,1223538.4964206326,1812000.1319582874,4775276.287875338,8635479.44768647
2024-11-04,4751883.528682493,1620748.1564442106,1223538.4964206326,1812000.1319582874,4798200.435490692,8676934.85123888
2024-11-05,4886703.597926993,1620748.1564442106,1223538.4964206326,1812000.1319582874,4934334.604406487,8923116.170796262
2024-11-06,5085790.228676646,1620748.1564442106,1223538.4964206326,1812000.1319582874,5135361.745033441,9286648.171178928
2024-11-07,5200003.085264604,1620748.1564442106,1223538.4964206326,1812000.1319582874,5250687.841498377,9495200.73981951
2024-11-08,5156343.736415995,1620748.1564442106,1223538.4964206326,1812000.1319582874,5206602.94223808,9415478.80991103
2024-11-11,5073565.610999035,1620748.1564442106,1223538.4964206326,1812000.1319582874,5123017.973240558,9264326.030804552
2024-11-12,5179395.87260806,1620748.1564442106,1223538.4964206326,1812000.1319582874,5229879.769047517,9457571.988902707
2024-11-13,5108842.36486871,1620748.1564442106,1223538.4964206326,1812000.1319582874,5158638.571842878,9328741.350170605
2024-11-14,5125956.829617363,1620748.1564442106,1223538.4964206326,1812000.1319582874,5175919.852352914,9359992.346694728
2024-11-15,4959003.479620286,1620748.1564442106,1223538.4964206326,1812000.1319582874,5007339.19758154,9055135.686724704
2024-11-18,4895086.192905925,1620748.1564442106,1223538.4964206326,1812000.1319582874,4942798.905064466,8938422.78133869
2024-11-19,4895086.192905925,1620748.1564442106,1223538.4964206326,1812000.1319582874,5184736.832204974,9375936.732676424
2024-11-20,4857792.835065951,1620748.1564442106,1223538.4964206326,1812000.1319582874,5145236.7624677485,9304505.883478425
2024-11-21,4883764.994990218,1620748.1564442106,1223538.4964206326,1812000.1319582874,5172745.739606174,9354252.367741317
2024-11-22,4726600.129807469,1620748.1564442106,1223538.4964206326,1812000.1319582874,5006281.159999293,9053222.360406898
2024-11-25,4529145.119101177,1620748.1564442106,1223538.4964206326,1812000.1319582874,4797142.397908446,8675021.524921075
2024-11-26,4529145.119101177,1631472.1186615296,1223538.4964206326,1812000.1319582874,4828883.525375859,8732421.31445518
2024-11-27,4529145.119101177,1612645.6072133468,1209419.3697456066,1812000.1319582874,4773160.212710844,8631652.795050861
2024-11-29,4529145.119101177,1647319.751716013,1235423.5840648005,1812000.1319582874,4875789.858188815,8817245.447877802
2024-12-02,4541594.125576826,1647319.751716013,1238819.3233917055,1812000.1319582874,4875789.858188815,8841480.91456998
2024-12-03,4594993.811248687,1647319.751716013,1238819.3233917055,1812000.1319582874,4875789.858188815,8945438.311170636
2024-12-04,4754865.262830703,1647319.751716013,1281920.9795884222,1812000.1319582874,4875789.858188815,9256672.725533338
2024-12-05,4752244.4193621455,1647319.751716013,1281920.9795884222,1812000.1319582874,4875789.858188815,9251570.522019196
2024-12-06,4752244.4193621455,1647319.751716013,1281920.9795884222,1812000.1319582874,4875789.858188815,9084473.356931025
2024-12-09,4752244.4193621455,1647319.751716013,1281920.9795884222,1812000.1319582874,4875789.858188815,8852960.872476801
2024-12-10,4752244.4193621455,1647319.751716013,1281920.9795884222,1812000.1319582874,4875789.858188815,8614432.85819063
2024-12-11,4752244.4193621455,1699030.9810583978,1322161.9283813068,1812000.1319582874,4875789.858188815,8884849.644440193
2024-12-12,4752244.4193621455,1699030.9810583978,1322161.9283813068,1812000.1319582874,4875789.858188815,8759207.882904429
2024-12-13,4752244.4193621455,1699030.9810583978,1292414.729031531,1812000.1319582874,4875789.858188815,8562135.272170668
2024-12-16,4752244.4193621455,1670555.6014875865,1270754.1469807231,1812000.1319582874,4875789.858188815,8418635.798335405
2024-12-17,4752244.4193621455,1650179.8854391393,1270754.1469807231,1812000.1319582874,4875789.858188815,8315953.952613283
2024-12-18,4752244.4193621455,1631449.4135436725,1270754.1469807231,1812000.1319582874,4875789.858188815,8221563.187601645
2024-12-19,4752244.4193621455,1653850.0454727109,1270754.1469807231,1812000.1319582874,4875789.858188815,8334449.440352052
2024-12-20,4752244.4193621455,1704726.05697256,1309845.2984259517,1812000.1319582874,4875789.858188815,8590835.16693772
2024-12-23,4752244.4193621455,1704726.05697256,1309845.2984259517,1812000.1319582874,4875789.858188815,8907809.560253832
2024-12-24,4752244.4193621455,1704726.05697256,1309845.2984259517,1812000.1319582874,4875789.858188815,8942887.209413564
2024-12-26,4742415.929263622,1704726.05697256,1309845.2984259517,1812000.1319582874,4875789.858188815,8924391.721674798
2024-12-27,4643453.201375036,1704726.05697256,1309845.2984259517,1812000.1319582874,4875789.858188815,8738161.29340859
2024-12-30,4659721.047055352,1704726.05697256,1309845.2984259517,1812000.1319582874,4875789.858188815,8768774.514493447
2024-12-31,4659721.047055352,1704726.05697256,1309845.2984259517,1812000.1319582874,4875789.858188815,8564686.373927739
2025-01-02,4659721.047055352,1704726.05697256,1309845.2984259517,1812000.1319582874,4875789.858188815,8821072.100513408
2025-01-03,4659721.047055352,1704726.05697256,1309845.2984259517,1812000.1319582874,4875789.858188815,9213941.771102395
2025-01-06,4659721.047055352,1704726.05697256,1309845.2984259517,1812000.1319582874,4875789.858188815,9530278.388979241
2025-01-07,4370028.1572263725,1704726.05697256,1309845.2984259517,1812000.1319582874,4572664.061611326,8937785.005899422
2025-01-08,4370028.1572263725,1704726.05697256,1309845.2984259517,1812000.1319582874,4571685.183904403,8935871.67958162
2025-01-10,4239030.23944498,1704726.05697256,1309845.2984259517,1812000.1319582874,4434642.304935032,8668005.995089129
2025-01-13,4155441.091908283,1704726.05697256,1309845.2984259517,1812000.1319582874,4347195.896449815,8497082.177365348
2025-01-14,4155441.091908283,1704726.05697256,1309845.2984259517,1812000.1319582874,4299230.888810535,8403329.187792977
2025-01-15,4155441.091908283,1704726.05697256,1309845.2984259517,1812000.1319582874,4445409.959711198,8689052.584584968
2025-01-16,4074003.718777079,1704726.05697256,1309845.2984259517,1812000.1319582874,4358289.843794954,8518766.542300455
2025-01-17,4200277.398463665,1704726.05697256,1309845.2984259517,1812000.1319582874,4493374.967350476,8782805.57415734
2025-01-21,4295440.171560801,1704726.05697256,1309845.2984259517,1812000.1319582874,4595178.24887058,8981791.511208903
2025-01-22,4485765.717755073,1704726.05697256,1309845.2984259517,1812000.1319582874,4798784.811910788,9379763.38531203
2025-01-23,4490340.851077051,1704726.05697256,1309845.2984259517,1812000.1319582874,4803679.200445408,9389330.016901048
2025-01-24,4350036.762536402,1704726.05697256,1309845.2984259517,1812000.1319582874,4653584.61871705,9095953.314837847
2025-01-27,3611915.2532573324,1704726.05697256,1309845.2984259517,1812000.1319582874,3863956.601798297,7552536.751809687
2025-01-28,3611915.2532573324,1856887.4690836896,1426760.218239854,1973736.6747280823,3863956.601798297,8226665.391115787
2025-01-29,3611915.2532573324,1780734.7850659152,1368247.4532620355,1892791.8959908811,3863956.601798297,7889282.183743104
2025-01-30,3611915.2532573324,1794410.5978857423,1378755.4167268611,1907328.2929285637,3863956.601798297,7949870.850473548
2025-01-31,3611915.2532573324,1728478.7845017333,1328095.9718122277,1837247.5582184726,3863956.601798297,7657769.6992888795
2025-02-03,3611915.2532573324,1679389.8142747746,1290377.9134805903,1785069.5439474224,3863956.601798297,7440288.274498548
2025-02-04,3611915.2532573324,1708037.043234202,1312389.3316858567,1815519.4701642522,3863956.601798297,7567205.586912848
2025-02-05,3611915.2532573324,1797001.8045252883,1312389.3316858567,1910082.5576114927,3863956.601798297,7961350.808380368
2025-02-06,3611915.2532573324,1797001.8045252883,1312389.3316858567,1968993.2188852592,3863956.601798297,8206894.352498486
2025-02-07,3611915.2532573324,1797001.8045252883,1312389.3316858567,1986742.9246196926,3863956.601798297,8280876.3034535535
2025-02-10,3611915.2532573324,1797001.8045252883,1312389.3316858567,2043817.4094381726,3863956.601798297,8518766.542300455
2025-02-11,3611915.2532573324,1797001.8045252883,1312389.3316858567,2043817.4094381726,3863956.601798297,8469657.833476832
2025-02-12,3611915.2532573324,1797001.8045252883,1312389.3316858567,2043817.4094381726,3863956.601798297,8363787.110558372
2025-02-13,3611915.2532573324,1797001.8045252883,1353920.6396505989,2043817.4094381726,3863956.601798297,8628463.917854523
2025-02-14,3611915.2532573324,1797001.8045252883,1353920.6396505989,2043817.4094381726,3863956.601798297,8855511.974233871
2025-02-18,3626222.4436735488,1797001.8045252883,1353920.6396505989,2043817.4094381726,3863956.601798297,8890589.623393605
2025-02-19,3621800.2211812637,1797001.8045252883,1353920.6396505989,2043817.4094381726,3863956.601798297,8879747.440926049
2025-02-20,3621800.2211812637,1797001.8045252883,1353920.6396505989,2043817.4094381726,3888378.6502762297,8935871.67958162
2025-02-21,3621800.2211812637,1797001.8045252883,1353920.6396505989,2043817.4094381726,3730745.4282823037,8573615.23007749
2025-02-24,3621800.2211812637,1797001.8045252883,1353920.6396505989,2043817.4094381726,3615573.2678466006,8308938.422781338
2025-02-25,3621800.2211812637,1797001.8045252883,1353920.6396505989,2043817.4094381726,3514277.2713188133,8076150.387448578
2025-02-26,3754796.91255371,1797001.8045252883,1353920.6396505989,2043817.4094381726,3643325.5956624323,8372715.966708121
2025-02-27,3436462.896429984,1797001.8045252883,1353920.6396505989,2043817.4094381726,3334442.1870722217,7662871.902803022
2025-02-28,3436462.896429984,1868343.4491993259,1353920.6396505989,2043817.4094381726,3466820.7907537404,7967090.787333779
2025-03-03,3137711.799285975,1868343.4491993259,1353920.6396505989,2043817.4094381726,3165430.5106738047,7274466.660288912
2025-03-04,3137711.799285975,1899957.5370211273,1376830.2208756176,2043817.4094381726,3165430.5106738047,7397557.320067603
2025-03-05,3137711.799285975,1921415.80388463,1392380.247510216,2043817.4094381726,3165430.5106738047,7481105.90261169
2025-03-06,3137711.799285975,1811176.005417933,1312493.4694561346,2043817.4094381726,3165430.5106738047,7051883.031984437
2025-03-07,3137711.799285975,1845902.360952762,1337658.3980556373,2083004.2856976367,3165430.5106738047,7187091.425109219
2025-03-10,3137711.799285975,1752370.5259981053,1269879.2743277317,1977458.5010554013,3165430.5106738047,6822921.649287286
2025-03-11,3137711.799285975,1781527.560362254,1291008.3181518423,2010360.6896128757,3165430.5106738047,6936445.677476961
2025-03-12,3137711.799285975,1895862.447925039,1373862.6585407706,2139381.631259601,3165430.5106738047,7381612.934085907
2025-03-13,3137711.799285975,1895862.447925039,1371963.4186464685,2136424.1311645475,3165430.5106738047,7371408.527057623
2025-03-14,3137711.799285975,1895862.447925039,1444253.2371233418,2248993.978532536,3165430.5106738047,7759813.769571734
2025-03-17,3137711.799285975,1895862.447925039,1444253.2371233418,2209437.4147611903,3165430.5106738047,7623329.825568417
2025-03-18,3137711.799285975,1895862.447925039,1444253.2371233418,2133651.474825435,3165430.5106738047,7361841.895468605
2025-03-19,3137711.799285975,1895862.447925039,1470403.1917762724,2172283.819817076,3165430.5106738047,7495136.962275582
2025-03-20,3137711.799285975,1895862.447925039,1470403.1917762724,2190953.0391671034,3165430.5106738047,7559552.281641633
2025-03-21,3137711.799285975,1895862.447925039,1470403.1917762724,2175611.0074240114,3165430.5106738047,7506616.920182403
2025-03-24,3137711.799285975,1895862.447925039,1470403.1917762724,2244188.0408780733,3165430.5106738047,7743231.60815077
2025-03-25,3137711.799285975,1895862.447925039,1470403.1917762724,2244188.0408780733,3165430.5106738047,7697311.776523486
2025-03-26,3137711.799285975,1895862.447925039,1470403.1917762724,2244188.0408780733,3165430.5106738047,7255333.397110877
2025-03-27,3137711.799285975,1895862.447925039,1470403.1917762724,2244188.0408780733,3165430.5106738047,7106731.719761471
2025-03-28,3137711.799285975,1865917.927523459,1470403.1917762724,2244188.0408780733,3165430.5106738047,6994483.242450333
2025-03-31,3137711.799285975,1843969.9551836643,1470403.1917762724,2244188.0408780733,3165430.5106738047,6912210.210784782
2025-04-01,3137711.799285975,1874084.614905708,1470403.1917762724,2244188.0408780733,3165430.5106738047,7025096.46353519
2025-04-02,3137711.799285975,1874084.614905708,1470403.1917762724,2244188.0408780733,3165430.5106738047,7042316.40039542
2025-04-03,3137711.799285975,1874084.614905708,1470403.1917762724,2244188.0408780733,3165430.5106738047,6492553.971746547
2025-04-04,3137711.799285975,1736197.6427481074,1362217.3380787843,2079070.4728409734,3165430.5106738047,6014860.167734941
2025-04-07,3137711.799285975,1797501.196457695,1410315.9886545702,2152480.5531565333,3165430.5106738047,6227239.389011129
2025-04-08,3137711.799285975,1772832.499169152,1390960.9761105601,2122940.1604769984,3165430.5106738047,6141777.480149239
2025-04-09,3137711.799285975,2104755.344029171,1651387.0031019766,2520412.757500885,3165430.5106738047,7291686.597149143
2025-04-10,3137711.799285975,2104755.344029171,1651387.0031019766,2520412.757500885,3165430.5106738047,6860550.400204088
2025-04-11,3137711.799285975,2104755.344029171,1651387.0031019766,2520412.757500885,3165430.5106738047,7074842.947798081
2025-04-14,3137711.799285975,2104755.344029171,1651387.0031019766,2520412.757500885,3165430.5106738047,7060811.888134187
2025-04-15,3137711.799285975,2104755.344029171,1651387.0031019766,2520412.757500885,3165430.5106738047,7155840.428585095
2025-04-16,3137711.799285975,2104755.344029171,1651387.0031019766,2520412.757500885,3165430.5106738047,6664115.564909594
2025-04-17,3137711.799285975,2104755.344029171,1651387.0031019766,2520412.757500885,3165430.5106738047,6472782.9331292445
2025-04-21,3137711.799285975,2104755.344029171,1651387.0031019766,2520412.757500885,3165430.5106738047,6180681.781944577
2025-04-22,3137711.799285975,2147758.2908992334,1651387.0031019766,2520412.757500885,3165430.5106738047,6306961.318919608
2025-04-23,3137711.799285975,2230723.5722344043,1651387.0031019766,2520412.757500885,3165430.5106738047,6550591.53671992
2025-04-24,3137711.799285975,2230723.5722344043,1651387.0031019766,2520412.757500885,3165430.5106738047,6787844.000127556
2025-04-25,3137711.799285975,2230723.5722344043,1651387.0031019766,2520412.757500885,3165430.5106738047,7079945.151312223
2025-04-28,3137711.799285975,2230723.5722344043,1651387.0031019766,2520412.757500885,3165430.5106738047,6934532.351159157
2025-04-29,3137711.799285975,2230723.5722344043,1651387.0031019766,2520412.757500885,3165430.5106738047,6953027.838897923
2025-04-30,3134833.692700682,2230723.5722344043,1651387.0031019766,2520412.757500885,3165430.5106738047,6946650.084505245
2025-05-01,3134833.692700682,2230723.5722344043,1651387.0031019766,2520412.757500885,3165430.5106738047,7118211.677668293
2025-05-02,3216006.2522554267,2230723.5722344043,1651387.0031019766,2520412.757500885,3165430.5106738047,7302528.779616696
2025-05-05,3196906.8264778396,2230723.5722344043,1651387.0031019766,2520412.757500885,3165430.5106738047,7259160.049746483
2025-05-06,3189042.3570400104,2230723.5722344043,1651387.0031019766,2520412.757500885,3157643.4737471784,7241302.337446985
2025-05-07,3287909.9728298713,2230723.5722344043,1651387.0031019766,2520412.757500885,3255537.652253344,7465799.292069262
2025-05-08,3296617.0639931834,2230723.5722344043,1651387.0031019766,2520412.757500885,3264159.0145649672,7485570.3306865655
2025-05-09,3276394.142581621,2230723.5722344043,1651387.0031019766,2520412.757500885,3244135.20532507,7439650.499059281
2025-05-12,3454749.074475263,2230723.5722344043,1651387.0031019766,2520412.757500885,3420734.0784825,7844637.902994355
2025-05-13,3649394.693061552,2230723.5722344043,1651387.0031019766,2520412.757500885,3613463.242416514,8286616.282406964
2025-05-14,3801347.4775567646,2230723.5722344043,1651387.0031019766,2520412.757500885,3763919.920177411,8631652.795050861
2025-05-15,3787022.9082235745,2230723.5722344043,1651387.0031019766,2520412.757500885,3749736.3886324833,8599126.247648204
2025-05-16,3803032.7210077276,2230723.5722344043,1651387.0031019766,2520412.757500885,3765588.5709474017,8635479.44768647
2025-05-19,3807807.577452124,2230723.5722344043,1651387.0031019766,2520412.757500885,3770316.4147957107,8646321.630154021
2025-05-20,3774383.5823413474,2230723.5722344043,1651387.0031019766,2520412.757500885,3737221.5078575467,8570426.35288115
2025-05-21,3701918.1139499154,2230723.5722344043,1651387.0031019766,2520412.757500885,3665469.524747914,8405880.28955005
2025-05-22,3730848.1265247893,2230723.5722344043,1651387.0031019766,2520412.757500885,3694114.696299434,8471571.159794638
2025-05-23,3687593.5446167244,2230723.5722344043,1651387.0031019766,2520412.757500885,3651285.9932029857,8373353.742147389
2025-05-27,3805841.460092666,2230723.5722344043,1651387.0031019766,2520412.757500885,3768369.6555640534,8641857.202079147
2025-05-28,3786461.1604065853,2230723.5722344043,1651387.0031019766,2520412.757500885,3749180.171709152,8597850.696769668
2025-05-29,3909483.932326924,2230723.5722344043,1651387.0031019766,2520412.757500885,3870991.6779185287,8877196.339168979
2025-05-30,3795449.125478391,2230723.5722344043,1651387.0031019766,2520412.757500885,3758079.6424824395,8618259.510826236
2025-06-02,3858645.7548895236,2230723.5722344043,1651387.0031019766,2520412.757500885,3820654.046357119,8761758.984661499
2025-06-03,3966501.335751191,2230723.5722344043,1651387.0031019766,2520412.757500885,3927447.695636573,9006664.753340349
2025-06-04,3986162.5093457648,2230723.5722344043,1651387.0031019766,2520412.757500885,3946915.2879531393,9051309.034089096
2025-06-05,3931953.845006438,2230723.5722344043,1651387.0031019766,2520412.757500885,3893240.354851748,8928218.374310406
2025-06-06,3980545.0311758863,2230723.5722344043,1651387.0031019766,2520412.757500885,3941353.118719835,9038553.52530374
2025-06-09,4006104.556848833,2230723.5722344043,1651387.0031019766,2520412.757500885,3966660.9887313717,9096591.090277113
2025-06-10,4043460.786678525,2230723.5722344043,1651387.0031019766,2520412.757500885,4003649.41413285,9181415.223699735
2025-06-11,4011722.035018712,2230723.5722344043,1651387.0031019766,2520412.757500885,3972223.157964677,9109346.59906247
2025-06-12,4072671.673161893,2230723.5722344043,1651387.0031019766,2520412.757500885,4032572.694146035,9247743.869383588
2025-06-13,3987566.878888234,2230723.5722344043,1651387.0031019766,2520412.757500885,3948305.8302614656,9054497.911285436
2025-06-16,4063964.5819985806,2230723.5722344043,1651387.0031019766,2520412.757500885,4023951.3318344117,9227972.830766287
2025-06-17,4047954.7692144276,2230723.5722344043,1651387.0031019766,2520412.757500885,4008099.1495194933,9191619.63072802
2025-06-18,4086153.620769601,2230723.5722344043,1651387.0031019766,2520412.757500885,4045921.900305966,9278357.090468446
2025-06-20,4040371.1736850915,2230723.5722344043,1651387.0031019766,2520412.757500885,4000590.221054531,9174399.693867788
2025-06-23,4049359.1387568964,2230723.5722344043,1651387.0031019766,2520412.757500885,4009489.6918278183,9194808.50792436
2025-06-24,4154125.1066251304,2230723.5722344043,1651387.0031019766,2520412.757500885,4113224.1480289544,9432698.746771261
2025-06-25,4334165.281969735,2230723.5722344043,1651387.0031019766,2520412.757500885,4291491.671956376,9841512.803341942
2025-06-26,4354107.3294728035,2230723.5722344043,1651387.0031019766,2520412.757500885,4311237.372734608,9886794.85952996
2025-06-27,4430785.906491644,2230723.5722344043,1651387.0031019766,2520412.757500885,4387160.982769219,10060907.554450078
2025-06-30,4437526.880295498,2230723.5722344043,1651387.0031019766,2520412.757500885,4393835.585849185,10076214.164992508
2025-07-01,4305797.017211848,2230723.5722344043,1651387.0031019766,2520412.757500885,4263402.717328185,9777097.483975891
2025-07-02,4416742.211066947,2230723.5722344043,1651387.0031019766,2520412.757500885,4373255.559685956,10029018.782486686
2025-07-03,4475444.857942178,2230723.5722344043,1651387.0031019766,2520412.757500885,4431380.228173993,10162313.849293664
2025-07-07,4444548.7280078465,2230723.5722344043,1651387.0031019766,2520412.757500885,4400788.297390816,10092158.550974203
2025-07-08,4493982.535902778,2230723.5722344043,1651387.0031019766,2520412.757500885,4449735.386643899,10204407.02828534
2025-07-09,4574874.221549028,2230723.5722344043,1651387.0031019766,2520412.757500885,4529830.623603489,10388086.354794476
2025-07-10,4609140.838385287,2230723.5722344043,1651387.0031019766,2520412.757500885,4563759.855926649,10465894.95838515
2025-07-11,4632172.498881789,2230723.5722344043,1651387.0031019766,2520412.757500885,4586564.749783199,10518192.544405114
2025-07-14,4608298.216659806,2230723.5722344043,1651387.0031019766,2520412.757500885,4562925.530541654,10463981.632067349
2025-07-15,4794517.617991277,2230723.5722344043,1651387.0031019766,2520412.757500885,4747311.44062571,10886826.748301921
2025-07-16,4813336.16986037,2230723.5722344043,1651387.0031019766,2520412.757500885,4765944.707557282,10929557.702732868
2025-07-17,4859118.616944879,2230723.5722344043,1651387.0031019766,2520412.757500885,4811276.386808717,11033515.099333525
2025-07-18,4842547.056343738,2230723.5722344043,1651387.0031019766,2520412.757500885,4794867.987570467,10995886.348416721
2025-07-21,4813617.043768863,2230723.5722344043,1651387.0031019766,2520412.757500885,4766222.816018947,10930195.478172135
2025-07-22,4691436.893574007,2230723.5722344043,1651387.0031019766,2520412.757500885,4645245.635194567,10652763.162090627
2025-07-23,4796764.609259228,2230723.5722344043,1651387.0031019766,2520412.757500885,4749536.308319033,10891928.951816063
2025-07-24,4879903.28617343,2230723.5722344043,1651387.0031019766,2520412.757500885,4831856.4129719455,11080710.481839346
2025-07-25,4873162.312369576,2230723.5722344043,1651387.0031019766,2520412.757500885,4825181.809891979,11065403.871296916
2025-07-28,4964446.332630101,2230723.5722344043,1651387.0031019766,2520412.757500885,4915567.059933184,11272680.88905896
2025-07-29,4929617.967976854,2230723.5722344043,1651387.0031019766,2520412.757500885,4881081.610686693,11193596.73458975
2025-07-30,5035226.55757057,2230723.5722344043,1651387.0031019766,2520412.757500885,4985650.392272826,11433400.299754456
2025-07-31,4995904.210381421,2230723.5722344043,1651387.0031019766,2520412.757500885,4946715.207639692,11344111.73825696
2025-08-01,4879341.538356443,2230723.5722344043,1651387.0031019766,2520412.757500885,4831300.1960486155,11079434.930960808
2025-08-04,5055730.352890627,2230723.5722344043,1651387.0031019766,2520412.757500885,5005952.309974388,11479957.906821009
2025-08-05,5006858.292812685,2230723.5722344043,1651387.0031019766,2520412.757500885,4957561.437644635,11368984.980388405
2025-08-06,5039439.66619798,2230723.5722344043,1651387.0031019766,2520412.757500885,4989822.019197803,11442966.931343472
2025-08-07,5077357.64384466,2230723.5722344043,1651387.0031019766,2520412.757500885,5027366.661522612,11529066.61564463
2025-08-08,5131566.308183987,2230723.5722344043,1651387.0031019766,2520412.757500885,5081041.594624003,11652157.275423322
2025-08-11,5113590.378040376,2230723.5722344043,1651387.0031019766,2520412.757500885,5063242.653077428,11611339.647310182
2025-08-12,5144486.5079747075,2230723.5722344043,1651387.0031019766,2520412.757500885,5093834.583860605,11681494.945629643
2025-08-13,5100389.304341162,2230723.5722344043,1651387.0031019766,2520412.757500885,5050171.555379162,11581364.201664593
2025-08-14,5112466.8824064005,2230723.5722344043,1651387.0031019766,2520412.757500885,5062130.219230767,11608788.54555311
2025-08-15,5068369.678772854,2230723.5722344043,1651387.0031019766,2520412.757500885,5018467.190749323,11508657.801588058
2025-08-18,5112186.008497906,2230723.5722344043,1651387.0031019766,2520412.757500885,5061852.1107691005,11608150.77011384
2025-08-19,4933269.3287872765,2230723.5722344043,1651387.0031019766,2520412.757500885,4884697.02068834,11201887.815300232
2025-08-20,4926528.354983423,2230723.5722344043,1651387.0031019766,2520412.757500885,4878022.417608375,11186581.204757804
2025-08-21,4914731.650826678,2225382.044866454,1651387.0031019766,2520412.757500885,4866341.862218434,11159794.636308555
2025-08-22,4999274.69728335,2263662.99100343,1651387.0031019766,2520412.757500885,4950052.509179673,11351765.043528173
2025-08-25,5050393.748629244,2263662.99100343,1651387.0031019766,2520412.757500885,5000668.249202748,11467840.173474919
2025-08-26,5105445.034694053,2263662.99100343,1651387.0031019766,2520412.757500885,5055177.507689136,11592844.159571415
2025-08-27,5100670.178249656,2263662.99100343,1651387.0031019766,2520412.757500885,5050449.663840827,11582001.977103861
2025-08-28,5060505.2093350245,2263662.99100343,1651387.0031019766,2520412.757500885,5010680.153822697,11490800.08928856
2025-08-29,4892261.738147165,2263662.99100343,1651387.0031019766,2520412.757500885,4844093.185285216,11108772.60116713
2025-09-02,4796764.60925923,2219476.2062439187,1619151.8681235248,2471214.2078654333,4749536.308319033,10891928.951816063
2025-09-03,4796764.60925923,2217396.828137589,1617634.9205951272,2468898.982000236,4749536.308319033,10881724.54478778
2025-09-04,4796764.60925923,2230912.7858287334,1627495.0795297122,2483947.950124021,4749536.308319033,10948053.190471634
2025-09-05,4796764.60925923,2170610.8207451655,1583503.6012061783,2416806.400033287,4749536.308319033,10652125.38665136
2025-09-08,4796764.60925923,2187375.8067274503,1595733.9906538848,2435472.908571443,4749536.308319033,10734398.41831691
2025-09-09,4796764.60925923,2219216.2839806275,1618962.2496824749,2470924.8046322833,4749536.308319033,10890653.40093753
2025-09-10,4796764.60925923,2304600.747471801,1618962.2496824749,2565993.7667219653,4749536.308319033,11309671.864536498
2025-09-11,4796764.60925923,2304600.747471801,1618962.2496824749,2565993.7667219653,4749536.308319033,11299467.45750821
2025-09-12,4796764.60925923,2304600.747471801,1618962.2496824749,2565993.7667219653,4749536.308319033,11340922.86106062
2025-09-15,4796764.60925923,2304600.747471801,1618962.2496824749,2565993.7667219653,4749536.308319033,11336458.432985745
2025-09-16,4796764.60925923,2304600.747471801,1618962.2496824749,2565993.7667219653,4749536.308319033,11153416.881915877
2025-09-17,4796764.60925923,2304600.747471801,1576470.0451648482,2565993.7667219653,4749536.308319033,10860677.95529194
2025-09-18,4796764.60925923,2385124.4097388587,1631552.5325025127,2565993.7667219653,4749536.308319033,11240154.341656301
2025-09-19,4808468.018144734,2385124.4097388587,1631552.5325025127,2565993.7667219653,4749536.308319033,11267578.685544817
2025-09-22,4997355.594110798,2385124.4097388587,1631552.5325025127,2565993.7667219653,4749536.308319033,11710194.840396697
2025-09-23,4856370.342885408,2385124.4097388587,1631552.5325025127,2565993.7667219653,4749536.308319033,11379827.162855959
2025-09-24,4856370.342885408,2385124.4097388587,1631552.5325025127,2565993.7667219653,4710673.319975449,11286711.948722854
2025-09-25,4856370.342885408,2385124.4097388587,1631552.5325025127,2565993.7667219653,4729838.629295573,11332631.780350138
2025-09-26,4856370.342885408,2385124.4097388587,1631552.5325025127,2565993.7667219653,4743147.871878992,11364520.552313529
2025-09-29,4856370.342885408,2385124.4097388587,1631552.5325025127,2565993.7667219653,4840571.527589621,11597946.363085557
2025-09-30,4982686.711990979,2385124.4097388587,1631552.5325025127,2565993.7667219653,4966476.962428769,11899614.145859243
2025-10-01,5000312.251866174,2385124.4097388587,1631552.5325025127,2565993.7667219653,4984045.162638882,11941707.32485092
2025-10-02,5044376.101554164,2385124.4097388587,1631552.5325025127,2565993.7667219653,5027965.663164166,12046940.27233011
2025-10-03,5010460.289976136,2385124.4097388587,1631552.5325025127,2565993.7667219653,4994160.187002281,11965942.791543098
2025-10-06,4954913.134005821,2385124.4097388587,1631552.5325025127,2565993.7667219653,4938793.737855256,11833285.500175387
2025-10-07,4941560.452282188,2385124.4097388587,1631552.5325025127,2565993.7667219653,4925484.495271836,11801396.728211995
2025-10-08,5050251.281512564,2385124.4097388587,1631552.5325025127,2565993.7667219653,5033821.7299008705,12060971.331994006
2025-10-09,5142651.839040105,2385124.4097388587,1631552.5325025127,2565993.7667219653,5125921.688578132,12281641.633980675
2025-10-10,4891354.369001328,2385124.4097388587,1631552.5325025127,2565993.7667219653,4875441.743158179,11681494.945629643
2025-10-13,5029154.044389223,2385124.4097388587,1631552.5325025127,2565993.7667219653,5012793.126619067,12010587.072291845
2025-10-14,4807766.581411384,2385124.4097388587,1631552.5325025127,2565993.7667219653,4792125.884585975,11481871.23313881
2025-10-15,4802425.508721931,2385124.4097388587,1631552.5325025127,2565993.7667219653,4786802.187552607,11469115.724353455
2025-10-16,4855302.128347518,2385124.4097388587,1631552.5325025127,2565993.7667219653,4839506.788182947,11595395.261328487
2025-10-17,4892956.690808163,2385124.4097388587,1631552.5325025127,2565993.7667219653,4877038.852268189,11685321.598265251
2025-10-20,4877467.580008748,2385124.4097388587,1631552.5325025127,2565993.7667219653,4861600.130871423,11648330.622787714
2025-10-21,4877467.580008748,2385124.4097388587,1631552.5325025127,2565993.7667219653,4822204.772824502,11553939.857776076
2025-10-22,4853774.869308772,2385124.4097388587,1631552.5325025127,2565993.7667219653,4798780.505877684,11497815.619120507
2025-10-23,4904391.114895085,2385124.4097388587,1648566.7257635773,2565993.7667219653,4848823.257991341,11617717.40170286
2025-10-24,5014777.607929066,2385124.4097388587,1648566.7257635773,2565993.7667219653,4957959.04717538,11879205.331802672
2025-10-27,5155587.695384607,2385124.4097388587,1648566.7257635773,2565993.7667219653,5097173.724597948,12212761.886539748
2025-10-28,5412438.218200259,2385124.4097388587,1648566.7257635773,2565993.7667219653,5351114.073089589,12821199.655601263
2025-10-29,5574248.662867142,2385124.4097388587,1648566.7257635773,2565993.7667219653,5511091.168942289,13204502.69460123
2025-10-30,5462515.993088845,2385124.4097388587,1648566.7257635773,2565993.7667219653,5400624.455499909,12939825.887305079
2025-10-31,5451746.5791343115,2385124.4097388587,1648566.7257635773,2565993.7667219653,5389977.061433175,12914314.869734367
2025-11-03,5569940.897285329,2385124.4097388587,1648566.7257635773,2565993.7667219653,5506832.2113155965,13194298.287572945
2025-11-04,5349437.146566233,2385124.4097388587,1648566.7257635773,2565993.7667219653,5288826.817799187,12671960.202812588
2025-11-05,5255743.245161781,2385124.4097388587,1648566.7257635773,2565993.7667219653,5196194.489418589,12450014.349947382
2025-11-06,5063778.441422201,2385124.4097388587,1648566.7257635773,2565993.7667219653,5006404.690179029,11995280.461749418
2025-11-07,5063778.441422201,2385124.4097388587,1648566.7257635773,2565993.7667219653,5008267.984140707,11999744.889824292
2025-11-10,5357135.789344083,2385124.4097388587,1648566.7257635773,2565993.7667219653,5298409.47245925,12694920.118626231
2025-11-11,5198615.167393634,2385124.4097388587,1648566.7257635773,2565993.7667219653,5141626.59482657,12319270.384897476
2025-11-12,5215839.8190147355,2385124.4097388587,1648566.7257635773,2565993.7667219653,5158662.425333347,12360088.01301062
2025-11-13,5029060.002998418,2385124.4097388587,1648566.7257635773,2565993.7667219653,4973930.138275486,11917471.858158743
2025-11-14,5118143.7481013015,2385124.4097388587,1648566.7257635773,2565993.7667219653,5062037.324177722,12128575.528556393
2025-11-17,5022062.488277346,2385124.4097388587,1648566.7257635773,2565993.7667219653,4967009.3321321085,11900889.696737777
2025-11-18,4881035.6531295795,2385124.4097388587,1602272.5690486731,2565993.7667219653,4827528.469857874,11566695.366561435
2025-11-19,5019909.406824709,2452985.2498042122,1647859.9447450293,2565993.7667219653,4964879.853318762,11895787.493223637
2025-11-20,4861657.92005584,2452985.2498042122,1595911.5398817395,2565993.7667219653,4964879.853318762,11520775.534934148
2025-11-21,4861657.92005584,2429085.482091328,1580362.35747368,2565993.7667219653,4964879.853318762,11408527.05762301
2025-11-24,4861657.92005584,2478921.9295380814,1612785.936699577,2565993.7667219653,4964879.853318762,11642590.643834306
2025-11-25,4861657.92005584,2414691.3038097047,1570997.5089779168,2565993.7667219653,4964879.853318762,11340922.86106062
2025-11-26,4861657.92005584,2447825.0726843853,1592554.3300436358,2565993.7667219653,4964879.853318762,11496540.068241972
2025-11-28,4861657.92005584,2403556.184761657,1592554.3300436358,2565993.7667219653,4964879.853318762,11288625.275040658
2025-12-01,4861657.92005584,2443208.0721034873,1592554.3300436358,2565993.7667219653,4964879.853318762,11474855.703306865
2025-12-02,4861657.92005584,2443208.0721034873,1606185.5754208437,2565993.7667219653,4964879.853318762,11573073.120954111
2025-12-03,4861657.92005584,2443208.0721034873,1589633.3488913772,2565993.7667219653,4964879.853318762,11453809.113811025
2025-12-04,4861657.92005584,2443208.0721034873,1623180.3748521674,2565993.7667219653,4964879.853318762,11695526.005293535
2025-12-05,4861657.92005584,2443208.0721034873,1623180.3748521674,2565993.7667219653,4964879.853318762,11633661.787684556
2025-12-08,4861657.92005584,2443208.0721034873,1623180.3748521674,2565993.7667219653,4964879.853318762,11833923.275614657
2025-12-09,4861657.92005584,2443208.0721034873,1623180.3748521674,2565993.7667219653,4964879.853318762,11796932.300137121
2025-12-10,4861657.92005584,2443208.0721034873,1623180.3748521674,2565993.7667219653,4964879.853318762,11721037.022864249
2025-12-11,4861657.92005584,2443208.0721034873,1623180.3748521674,2565993.7667219653,4964879.853318762,11539271.022672918
2025-12-12,4861657.92005584,2443208.0721034873,1623180.3748521674,2565993.7667219653,4964879.853318762,11162345.738065626
2025-12-15,4861657.92005584,2460936.755977167,1623180.3748521674,2565993.7667219653,4964879.853318762,11243343.218852641
2025-12-16,4861657.92005584,2480898.974827058,1623180.3748521674,2565993.7667219653,4964879.853318762,11334545.106667941
2025-12-17,4861657.92005584,2480898.974827058,1623180.3748521674,2565993.7667219653,4964879.853318762,10902133.358844351
2025-12-18,4861657.92005584,2527341.450078296,1653566.341855367,2614029.2180704516,4964879.853318762,11106221.499410056
2025-12-19,4861657.92005584,2626757.3736629775,1653566.341855367,2716855.106113306,4964879.853318762,11543097.675308524
2025-12-22,4934183.895989045,2626757.3736629775,1653566.341855367,2716855.106113306,4964879.853318762,11715297.043910839
2025-12-23,5082459.224563597,2626757.3736629775,1653566.341855367,2716855.106113306,4964879.853318762,12067349.086386682
2025-12-24,5066342.3410228845,2626757.3736629775,1653566.341855367,2716855.106113306,4964879.853318762,12029082.560030613
2025-12-26,5117916.368353163,2626757.3736629775,1653566.341855367,2716855.106113306,4964879.853318762,12151535.444370037
2025-12-29,5055866.366721421,2626757.3736629775,1653566.341855367,2716855.106113306,4964879.853318762,12004209.317899168
2025-12-30,5037600.56537528,2626757.3736629775,1653566.341855367,2716855.106113306,4946942.767460422,11960840.588028954
2025-12-31,5009664.633904712,2626757.3736629775,1653566.341855367,2716855.106113306,4919509.577324137,11894511.9423451
2026-01-02,5072789.094439168,2626757.3736629775,1653566.341855367,2716855.106113306,4981498.035805165,12044389.17057304
2026-01-05,5053180.2194646355,2626757.3736629775,1653566.341855367,2716855.106113306,4962242.046574889,11997831.56350649
2026-01-06,5029542.123604924,2626757.3736629775,1653566.341855367,2716855.106113306,4939029.347228802,11941707.32485092
2026-01-07,5079773.077306811,2626757.3736629775,1653566.341855367,2716855.106113306,4988356.333339237,12060971.331994006
2026-01-08,4970446.883955645,2626757.3736629775,1653566.341855367,2716855.106113306,4880997.598863583,11801396.728211995
2026-01-09,4965611.818893433,2626757.3736629775,1653566.341855367,2716855.106113306,4876249.546724611,11789916.770305175
2026-01-12,4967760.73669886,2626757.3736629775,1653566.341855367,2716855.106113306,4878359.792119709,11795018.973819317
2026-01-13,4991130.217832893,2626757.3736629775,1653566.341855367,2716855.106113306,4901308.710791409,11850505.437035618
2026-01-14,4919410.086076723,2626757.3736629775,1653566.341855367,2716855.106113306,4830879.270729985,11680219.394751107
2026-01-15,5024438.4438170325,2626757.3736629775,1688869.631123984,2716855.106113306,4934017.514415441,11929589.59150483
2026-01-16,5002412.036311392,2626757.3736629775,1688869.631123984,2716855.106113306,4912387.499115678,11877292.005484868
2026-01-20,4783222.420157705,2626757.3736629775,1688869.631123984,2716855.106113306,4697142.468815598,11356867.247042315
2026-01-21,4924245.151138937,2704201.503565435,1738662.215856959,2796955.568330944,4835627.322868958,11691699.352657927
2026-01-22,4965074.589442074,2726623.423080051,1738662.215856959,2820146.5592968124,4875721.985375836,11788641.21942664
2026-01-23,5041092.5568091,2726623.423080051,1738662.215856959,2863324.522739844,4950371.916227456,11969131.668739436
2026-01-26,5041092.5568091,2726623.423080051,1738662.215856959,2863324.522739844,4918718.235300974,11892598.616027296
2026-01-27,5041092.5568091,2726623.423080051,1738662.215856959,2863324.522739844,4972793.273550381,12023342.581077201
2026-01-28,5041092.5568091,2726623.423080051,1738662.215856959,2863324.522739844,5051927.475866586,12214675.212857554
2026-01-29,5067150.836003131,2726623.423080051,1738662.215856959,2863324.522739844,5078041.762630933,12277814.981345067
2026-01-30,5030827.174096299,2726623.423080051,1738662.215856959,2863324.522739844,5041640.029565479,12189801.970726106
2026-02-02,4885532.52646897,2726623.423080051,1738662.215856959,2863324.522739844,4896033.097303661,11837749.928250263
2026-02-03,4885532.52646897,2726623.423080051,1738662.215856959,2863324.522739844,4757020.681901525,11501642.271756114
2026-02-04,4885532.52646897,2633639.425897272,1738662.215856959,2863324.522739844,4594795.567153303,11109410.376606395
2026-02-05,4885532.52646897,2598713.729394472,1738662.215856959,2825352.884600289,4594795.567153303,10962084.250135526
2026-02-06,4885532.52646897,2803278.5231965855,1875525.7240053455,3047758.1937033953,4594795.567153303,11824994.419464905
2026-02-09,5007532.502724573,2803278.5231965855,1875525.7240053455,3047758.1937033953,4594795.567153303,12120284.447845913
2026-02-10,4968007.672404183,2803278.5231965855,1875525.7240053455,3047758.1937033953,4594795.567153303,12024618.131955737
2026-02-11,5007796.0015933765,2803278.5231965855,1875525.7240053455,3047758.1937033953,4594795.567153303,12120922.223285181
2026-02-12,4925847.853395768,2803278.5231965855,1875525.7240053455,3047758.1937033953,4594795.567153303,11922574.061672885
2026-02-13,4817022.820580295,2803278.5231965855,1875525.7240053455,3047758.1937033953,4594795.567153303,11659172.805255268
2026-02-17,4817022.820580295,2803278.5231965855,1875525.7240053455,3047758.1937033953,4594795.567153303,11796932.300137121
2026-02-18,4817022.820580295,2803278.5231965855,1875525.7240053455,3047758.1937033953,4594795.567153303,11988902.707356738
2026-02-19,4814972.805548662,2803278.5231965855,1875525.7240053455,3047758.1937033953,4594795.567153303,11983800.503842596
2026-02-20,4864173.16630786,2803278.5231965855,1875525.7240053455,3047758.1937033953,4641746.112597338,12106253.38818202
2026-02-23,4908504.74136693,2803278.5231965855,1875525.7240053455,3047758.1937033953,4684050.510315142,12216588.539175356
2026-02-24,4941817.48563097,2803278.5231965855,1875525.7240053455,3047758.1937033953,4715839.942126207,12299499.346280172
2026-02-25,5011261.744827548,2803278.5231965855,1875525.7240053455,3047758.1937033953,4782108.680747737,12472336.490321757
2026-02-26,4737840.989983459,2803278.5231965855,1875525.7240053455,3047758.1937033953,4521190.805806141,11791830.096622977
2026-02-27,4737840.989983459,2803278.5231965855,1875525.7240053455,3047758.1937033953,4332899.555848289,11300743.008386746
2026-03-02,4737840.989983459,2886970.285642039,1875525.7240053455,3047758.1937033953,4462258.089910242,11638126.21575943
2026-03-03,4737840.989983459,2886970.285642039,1875525.7240053455,3047758.1937033953,4402836.305832635,11483146.784017349
2026-03-04,4737840.989983459,2886970.285642039,1875525.7240053455,3047758.1937033953,4475951.998998085,11673841.64035843
2026-03-05,4745606.245102531,2886970.285642039,1875525.7240053455,3047758.1937033953,4483288.021723716,11692974.903536465
2026-03-06,4602725.550911596,2886970.285642039,1875525.7240053455,3047758.1937033953,4348305.203572112,11340922.86106062
2026-03-09,4727746.1583286645,2965387.0356119587,1875525.7240053455,3047758.1937033953,4348305.203572112,11648968.398226984
2026-03-10,4727746.1583286645,2965387.0356119587,1875525.7240053455,3047758.1937033953,4348305.203572112,11784176.791351765
2026-03-11,4727746.1583286645,2965387.0356119587,1875525.7240053455,3047758.1937033953,4348305.203572112,11864536.49669951
2026-03-12,4727746.1583286645,2965387.0356119587,1875525.7240053455,3047758.1937033953,4348305.203572112,11680219.394751107
2026-03-13,4727746.1583286645,2965387.0356119587,1875525.7240053455,3047758.1937033953,4348305.203572112,11495902.292802704
2026-03-16,4727746.1583286645,2965387.0356119587,1906428.977266349,3047758.1937033953,4348305.203572112,11685321.598265251
2026-03-17,4694459.439934145,2965387.0356119587,1906428.977266349,3047758.1937033953,4348305.203572112,11603048.5665997
2026-03-18,4694459.439934145,2965387.0356119587,1890396.2375575735,3047758.1937033953,4348305.203572112,11505468.92439172
2026-03-19,4694459.439934145,2965387.0356119587,1890396.2375575735,3047758.1937033953,4348305.203572112,11388118.24356644
2026-03-20,4694459.439934145,2868068.6662756787,1890396.2375575735,3047758.1937033953,4348305.203572112,11014381.83615549
2026-03-23,4694459.439934145,2916893.92324644,1922577.8527192366,3047758.1937033953,4348305.203572112,11201887.815300232
2026-03-24,4694459.439934145,2909586.741931088,1922577.8527192366,3047758.1937033953,4348305.203572112,11173825.695972446
2026-03-25,4694459.439934145,2967379.903243418,1960766.0429444818,3047758.1937033953,4348305.203572112,11395771.548837654
2026-03-26,4694459.439934145,2967379.903243418,1960766.0429444818,3047758.1937033953,4348305.203572112,10921266.622022387
2026-03-27,4694459.439934145,2902916.8499844507,1960766.0429444818,2981549.0107988366,4348305.203572112,10684014.158614751
2026-03-30,4694459.439934145,2862194.222253651,1933260.07230862,2939723.3172973003,4348305.203572112,10534136.93038681
2026-03-31,4694459.439934145,3022138.840958024,2041294.1612316,3104000.402837375,4348305.203572112,11122803.660831021
2026-04-01,4694459.439934145,3022138.840958024,2057095.4635117757,3128027.928891449,4348305.203572112,11208903.345132178
2026-04-02,4694459.439934145,3022138.840958024,2057095.4635117757,3157216.9235052858,4348305.203572112,11313498.517172102
2026-04-06,4694459.439934145,3022138.840958024,2057095.4635117757,3161666.4653671514,4348305.203572112,11329442.903153798
2026-04-07,4694459.439934145,3022138.840958024,2057095.4635117757,3161666.4653671514,4348305.203572112,11358780.573360119
2026-04-08,4694459.439934145,3022138.840958024,2057095.4635117757,3161666.4653671514,4348305.203572112,11612615.198188718
2026-04-09,4694459.439934145,3022138.840958024,2057095.4635117757,3161666.4653671514,4348305.203572112,11729328.10357473
2026-04-10,4694459.439934145,3022138.840958024,2057095.4635117757,3161666.4653671514,4348305.203572112,12030358.110909149
