date,SMAcross-20/50(equal-wt),SMAcross-20/50(risk-adj),TopK-Momentum-30d/K10(equal-wt),TopK-Momentum-30d/K10(risk-adj),NDX100-EqualWeight-BH
2021-04-13,1000000.0,1000000.0,1000000.0,1000000.0,1000000.0
2021-04-14,1000000.0,1000000.0,1000000.0,1000000.0,991414.881248496
2021-04-15,1000000.0,1000000.0,1000000.0,1000000.0,1004102.4240517906
2021-04-16,1000000.0,1000000.0,1000000.0,1000000.0,1002906.0725557129
2021-04-19,1000000.0,1000000.0,1000000.0,1000000.0,990986.3539743526
2021-04-20,1000000.0,1000000.0,1000000.0,1000000.0,983887.3193677414
2021-04-21,1000000.0,1000000.0,1000000.0,1000000.0,995390.4387061046
2021-04-22,1000000.0,1000000.0,1000000.0,1000000.0,988394.0882117659
2021-04-23,1000000.0,1000000.0,1000000.0,1000000.0,999679.0136763883
2021-04-26,1000000.0,1000000.0,1000000.0,1000000.0,1007641.4086055552
2021-04-27,1000000.0,1000000.0,1000000.0,1000000.0,1005369.9916888122
2021-04-28,1000000.0,1000000.0,1000000.0,1000000.0,1001950.222309927
2021-04-29,1000000.0,1000000.0,1000000.0,1000000.0,1003635.3388417221
2021-04-30,1000000.0,1000000.0,1000000.0,1000000.0,992205.0856046908
2021-05-03,1000000.0,1000000.0,1000000.0,1000000.0,988942.4420721984
2021-05-04,1000000.0,1000000.0,1000000.0,1000000.0,975796.6747477069
2021-05-05,1000000.0,1000000.0,1000000.0,1000000.0,973792.1618850199
2021-05-06,1000000.0,1000000.0,1000000.0,1000000.0,974062.362630455
2021-05-07,1000000.0,1000000.0,1000000.0,1000000.0,984515.4539852203
2021-05-10,1000000.0,1000000.0,1000000.0,1000000.0,962351.3740942611
2021-05-11,1000000.0,1000000.0,1000000.0,1000000.0,963585.2346353454
2021-05-12,1000000.0,1000000.0,1000000.0,1000000.0,938152.7964057254
2021-05-13,1000000.0,1000000.0,1000000.0,1000000.0,942563.9356550233
2021-05-14,1000000.0,1000000.0,1000000.0,1000000.0,967393.7697088534
2021-05-17,1000000.0,1000000.0,1000000.0,1000000.0,963018.8056549801
2021-05-18,1000000.0,1000000.0,1000000.0,1000000.0,959326.3096446824
2021-05-19,1000000.0,1000000.0,1000000.0,1000000.0,961913.9658276298
2021-05-20,1000000.0,1000000.0,1000000.0,1000000.0,978752.1688970452
2021-05-21,1000000.0,1000000.0,1000000.0,1000000.0,975909.496080811
2021-05-24,1000000.0,1000000.0,1000000.0,1000000.0,988216.0652686718
2021-05-25,1000000.0,1000000.0,1000000.0,1000000.0,986322.8523486821
2021-05-26,1000000.0,1000000.0,1002776.8755246265,1000462.3688490688,991826.8793590347
2021-05-27,1000000.0,1000000.0,1000298.9282516249,995000.3075270939,993809.8539614596
2021-05-28,1000000.0,1000000.0,1007964.1763561544,1000205.8426445974,997569.4575288207
2021-06-01,1000000.0,1000000.0,1007779.407028464,1000803.4684055792,997197.0170948597
2021-06-02,1000000.0,1000000.0,1012948.9913528475,1004680.3313206176,999225.4468584548
2021-06-03,1000000.0,1000000.0,1006142.7170585621,1002235.5185226228,989556.4843325082
2021-06-04,1000000.0,1000000.0,1021075.2982729797,1014699.5859147923,1001349.0909241092
2021-06-07,1000000.0,1000000.0,1026695.8368470644,1018162.4242016807,1000123.3890454486
2021-06-08,1000000.0,1000000.0,1037316.8973466089,1027672.2181627876,1000420.4848358002
2021-06-09,1000000.0,1000000.0,1033808.165864122,1023650.765322116,1000766.2994822797
2021-06-10,1000000.0,1000000.0,1041401.0859745049,1030632.2250742202,1011085.5313906044
2021-06-11,1000000.0,1000000.0,1047018.1649504156,1034559.1799044836,1015553.3888609891
2021-06-14,1000000.0,1000000.0,1052221.9929805177,1040328.9542748097,1022925.4392215991
2021-06-15,1000000.0,1000000.0,1043869.5836598173,1032461.5934125084,1018422.0375549507
2021-06-16,1000000.0,1000000.0,1058166.747308997,1043474.6352869627,1014150.7044771066
2021-06-17,1000000.0,1000000.0,1088557.9490540314,1073830.4823995803,1022243.7537850618
2021-06-18,1000000.0,1000000.0,1097557.6701316193,1081608.6629701802,1013223.8709132262
2021-06-21,1000000.0,1000000.0,1087481.5809914477,1070594.9519927641,1019782.6869505424
2021-06-22,1000000.0,1000000.0,1105119.2366559256,1088275.037767125,1023443.2579065451
2021-06-23,998642.8996358246,997144.1349179297,1110194.2449367293,1096342.8324947604,1022573.6535670584
2021-06-24,1007213.9804595708,1004583.8854743221,1116786.8799820389,1101018.592537151,1031278.2754669449
2021-06-25,1009779.133462637,1007387.7330113219,1119971.088894209,1103778.2385028426,1034821.6880425211
2021-06-28,1015183.5827321057,1012834.919435729,1132359.307291933,1119839.200925903,1040392.6483925004
2021-06-29,1018760.3971390371,1015644.8314898915,1133619.4092478212,1120541.0825322082,1043284.5714836282
2021-06-30,1014847.6228533486,1013376.5325282679,1107118.907303945,1098243.1312355665,1041175.426886948
2021-07-01,1012999.2160295168,1012974.2241538434,1101144.892645172,1092920.228802578,1040296.8306165372
2021-07-02,1020283.9998809384,1021557.3607071635,1106199.9328771296,1101350.9388824352,1045727.2256056059
2021-07-06,1022166.717587537,1024505.5489254415,1113646.4851192457,1113474.1315705797,1044923.284425687
2021-07-07,1021441.5379088786,1026891.0018060443,1113974.1568228041,1113451.058786201,1044445.3842104072
2021-07-08,1013801.6314161628,1020025.6404999244,1101762.730204004,1105029.0700491273,1035796.1688576875
2021-07-09,1023768.6036203939,1028669.2111408141,1108503.624518246,1108938.814500605,1047044.4103695744
2021-07-12,1024153.5857402271,1029512.0356830801,1101436.120096703,1106606.0817516723,1048158.8574235929
2021-07-13,1023189.072777056,1029597.3015303431,1101571.3662762495,1108662.2182919,1045849.7458730842
2021-07-14,1016400.8091205158,1027652.8905812089,1080785.3946911257,1093225.8929335559,1041712.5580270885
2021-07-15,1008175.460662064,1021485.4413210794,1069513.561836046,1085457.307529038,1035429.3575035869
2021-07-16,1002024.8053793,1018123.4144301232,1071560.2906218204,1087344.8806813573,1028238.1607591076
2021-07-19,994414.7593718925,1009024.066625898,1072356.3358092604,1083319.068792987,1018560.2452552955
2021-07-20,1010892.8971146818,1024525.8891353763,1094830.5649566862,1103520.0624012488,1033736.4222375769
2021-07-21,1021687.2545594415,1031855.6754606997,1101107.3575341948,1109401.9817360255,1043573.1575680453
2021-07-22,1026132.2084730228,1037029.1362663266,1114565.8732604973,1125137.317281786,1046693.4191446527
2021-07-23,1036917.1021836649,1049324.5198797034,1133882.0122187543,1142206.3023742926,1056046.8534618148
2021-07-26,1037584.1840216962,1047346.5302267303,1121357.5483613322,1132005.0828519012,1056674.1637682726
2021-07-27,1029248.0084603131,1041492.4086495914,1103511.4501351106,1122408.3259527741,1047055.1402680381
2021-07-28,1037147.9011574099,1045771.1469116884,1116856.1119739155,1133325.3537037978,1056032.3294084475
2021-07-29,1040832.129235228,1049402.9678027264,1120988.4048304118,1139317.0506692282,1060487.1408385045
2021-07-30,1044207.3220046731,1052986.4946676148,1118620.3446167253,1135005.063899209,1063641.4451191481
2021-08-02,1045564.1061574632,1053090.8899226903,1126778.478400411,1143092.498832009,1064453.541765453
2021-08-03,1053682.857229947,1061950.468739309,1144812.8427798129,1160566.5991400154,1070793.1256920854
2021-08-04,1055940.4655292986,1060075.7393545408,1164210.6766243116,1178767.0420177234,1070633.5066123318
2021-08-05,1068840.1410635023,1072474.2860001102,1167423.4170774454,1176151.9259546301,1081621.716721615
2021-08-06,1064679.7861974775,1068621.2994003051,1162506.6592067622,1169613.6146065758,1078592.621522874
2021-08-09,1064430.8532969477,1067768.7275652727,1158941.3756932444,1163881.991888699,1077893.8277105957
2021-08-10,1059062.8018745242,1063571.0076526012,1147418.9483469927,1157815.3639888396,1073486.0946734946
2021-08-11,1060000.7478352697,1065930.0896180102,1149018.0973735396,1158317.2220176572,1075356.925331514
2021-08-12,1060249.2106247798,1067113.6214992462,1150477.8533273058,1159856.0367573476,1073414.0514678478
2021-08-13,1065626.0645990116,1072247.8020562532,1160017.7450551968,1167799.905632631,1076658.4771635132
2021-08-16,1064292.5359197597,1073855.0491727085,1150561.573728701,1159814.5696472235,1073118.703940255
2021-08-17,1057332.4516044897,1067993.3302722902,1147370.369320979,1155639.67459309,1066822.5850941434
2021-08-18,1048665.8896207511,1057532.6750753545,1137341.0767626613,1143044.6359250273,1059608.9669289277
2021-08-19,1056260.0877077826,1068022.1610960972,1138298.698245654,1147850.4842560329,1063625.6914113327
2021-08-20,1065699.173172184,1076583.4525470338,1149948.079450543,1158827.6601993341,1071649.1027876583
2021-08-23,1075729.6788311421,1084410.8389020562,1168240.0773343837,1180346.9214158996,1085867.129239972
2021-08-24,1080470.309761163,1086640.3517430641,1173108.8063456074,1184947.560251394,1094772.5728468234
2021-08-25,1084490.04242145,1089670.4466299338,1179003.856282093,1189430.8895581607,1098885.1939901959
2021-08-26,1078226.8263715613,1084107.5148030256,1161641.8811644698,1178620.3306032845,1091817.7597332404
2021-08-27,1088372.8527044111,1093116.29714105,1185007.5835024465,1202281.4101404177,1104264.4676275267
2021-08-30,1096422.6111585132,1101150.6561564924,1193132.4282915203,1214387.214066834,1110235.529148098
2021-08-31,1092013.060168641,1097697.6375984692,1186570.9134677718,1206461.9410190077,1108466.0441312308
2021-09-01,1092785.560133554,1099186.028872213,1190465.350739464,1211056.8029168204,1109369.8158875655
2021-09-02,1096418.7356839317,1102857.021066597,1202981.4433969043,1221089.9493566242,1113920.4346614731
2021-09-03,1099628.2466208267,1104297.4859951534,1213838.3103670026,1233930.472383598,1115926.6950212352
2021-09-07,1090962.1794919523,1094878.876746473,1191968.9442081077,1216156.6696192897,1107504.7527995724
2021-09-08,1088366.0142374474,1096083.6387532314,1177040.3502137111,1205178.6538076673,1104304.7218441654
2021-09-09,1087336.5366026666,1092148.8193022888,1175257.3362580985,1202158.5307302785,1103779.666480276
2021-09-10,1083692.462439033,1087547.75995905,1164386.5010166543,1188427.799915731,1100478.8148143513
2021-09-13,1080858.460560521,1085362.4981231587,1149220.1133271789,1173136.7719400583,1100794.8100965316
2021-09-14,1080347.4499943047,1082788.894646844,1158875.9385352116,1184131.4529069334,1098309.7738415413
2021-09-15,1088401.2441169794,1090189.9120978208,1167760.1783606843,1195709.3888233553,1106152.095822474
2021-09-16,1090843.3721049968,1091340.725137688,1178562.9158824713,1211395.539089939,1108338.62613607
2021-09-17,1080069.4416553695,1079621.3645133316,1168915.3116806075,1198764.1106836759,1098771.9115409625
2021-09-20,1058907.1013192777,1061278.451639654,1134725.499560034,1168067.3830157917,1079701.1814019394
2021-09-21,1063070.6716555897,1063539.514639983,1145201.8329737494,1174450.484126027,1081573.941083317
2021-09-22,1075046.4616576105,1074577.2569364903,1155083.563890874,1186027.7342631833,1092863.377637859
2021-09-23,1089372.7729910824,1086638.4038000833,1174358.9599836115,1200415.0068526953,1105544.0032518632
2021-09-24,1090591.734102229,1088449.25352228,1175972.2380356467,1202074.092139748,1105990.880223888
2021-09-27,1080225.5423810272,1076775.4981889974,1149470.3852451716,1176867.0297223185,1098856.5382277095
2021-09-28,1044656.7371904374,1044067.3683686681,1115845.7262568872,1147915.8993325746,1069782.6536898154
2021-09-29,1040354.0817004858,1040514.3534044508,1117362.6926410897,1145571.1792726337,1068206.3244966234
2021-09-30,1037748.7196543354,1036680.260643976,1112196.7972273973,1143314.6777308139,1064990.7498291668
2021-10-01,1045519.6538682322,1043922.6160988142,1137931.191675559,1168986.5430167972,1072479.053470779
2021-10-04,1021290.0320448865,1021505.7343668367,1124731.7426607984,1153699.209674031,1053984.6400960973
2021-10-05,1035324.8408198159,1034953.1352917894,1133876.2224493623,1164624.2145632955,1066243.6386567692
2021-10-06,1044703.0950968188,1043759.4619596277,1142081.4052223903,1173407.6418116451,1072727.4945095612
2021-10-07,1056736.8011586478,1053765.2966693765,1147858.7015590393,1179916.8350449249,1083700.6083662368
2021-10-08,1053430.3383205,1049617.1181208459,1154654.6431506705,1183312.108069766,1078225.4378678137
2021-10-11,1048679.6575159486,1044461.7847409133,1155818.52992899,1182453.701992458,1072214.1192016043
2021-10-12,1051997.6816226903,1046609.2628229916,1166754.3055839355,1195000.1738512039,1071653.2264940224
2021-10-13,1062153.3622964246,1055488.102538354,1170475.700435558,1198880.651555164,1081882.7407944892
2021-10-14,1076326.9097952156,1073099.0862839993,1175285.3561514928,1203437.943988446,1099255.3744399624
2021-10-15,1081252.426715139,1078871.7677415714,1189268.489344593,1219426.2847986384,1102867.2987280954
2021-10-18,1091098.1161021208,1088221.1137790282,1198800.1923294945,1230008.1792495525,1108801.336962973
2021-10-19,1096071.6367960386,1092791.9318792578,1200602.5103702343,1228187.8834956638,1116556.2213635847
2021-10-20,1093117.7383628318,1090136.7845740274,1194840.6911245626,1218619.2422134848,1117427.3884735222
2021-10-21,1105446.1392368097,1101921.9002532023,1196774.7978378283,1221114.953980447,1124528.9474985034
2021-10-22,1100855.9912694206,1097083.714040773,1195504.614000172,1222581.6272381935,1121973.6317514682
2021-10-25,1110297.3113997257,1105940.8319809323,1220219.263361296,1254310.2904800235,1127978.8236914102
2021-10-26,1111346.3438080058,1106917.9792308637,1223664.1671275354,1258501.461924189,1128413.3533402176
2021-10-27,1094830.3349404235,1091154.2871967938,1210106.2044330267,1244427.964396108,1117557.6154466195
2021-10-28,1103437.8597618765,1097791.3874783346,1228225.6192241516,1260489.9222146103,1130072.897109808
2021-10-29,1114306.0313967536,1107689.0248528353,1235481.6991955356,1266920.9138139377,1133835.2312431158
2021-11-01,1120094.5296705908,1109797.133559439,1256084.5287808478,1283384.4321668395,1140814.4331818426
2021-11-02,1128396.8269829017,1117414.4249578966,1273066.8067069403,1298875.479604574,1146335.2111312393
2021-11-03,1131546.9852062697,1120174.3512329482,1282903.0584348256,1306124.5328064158,1154272.7446410954
2021-11-04,1147230.9081734614,1133496.919777099,1317609.7311024624,1341315.4700498562,1167727.4740186096
2021-11-05,1152219.896844363,1137917.6992527775,1312382.780669163,1335252.2499618211,1174423.7318845077
2021-11-08,1157260.1547396965,1140503.6195103123,1340633.1355938881,1367146.6190379902,1177464.3131050614
2021-11-09,1159704.2753042935,1144502.2912907181,1331306.7474612473,1365283.3163519767,1177975.4415792718
2021-11-10,1137718.267680072,1127487.590069237,1284064.3510772712,1309927.4689879934,1160707.7211738096
2021-11-11,1147567.6048400213,1133210.9922991935,1331188.9520215946,1360188.3294678882,1169524.8549916365
2021-11-12,1160659.6110108092,1144940.0839808795,1333360.6990984099,1367841.1644285426,1181541.914654307
2021-11-15,1153792.1436975098,1141738.435087364,1311843.3476384843,1352850.0223325891,1176897.1293969713
2021-11-16,1164074.6016148047,1149076.9645033467,1341358.8207218333,1377234.2708344716,1184221.050245557
2021-11-17,1158131.8030358087,1145254.5334303095,1326958.3300263404,1364309.6001279252,1177351.315821518
2021-11-18,1160855.8441811423,1146820.6417033083,1340952.3644591914,1381506.7608492991,1176760.8998816917
2021-11-19,1158632.7398167069,1144597.800822452,1346655.231294735,1381451.1641619916,1173224.0737423105
2021-11-22,1140227.2660294576,1132606.804688096,1310238.4857891921,1340613.387371394,1157191.874835571
2021-11-23,1136959.3331377944,1132368.8266701782,1300732.014823205,1334134.7471142213,1156029.591658404
2021-11-24,1140201.4011002653,1132772.4463395486,1317648.916724182,1349286.5768514,1158999.252898894
2021-11-26,1114164.0895906084,1108191.7444853722,1284149.2470474874,1319610.1911481463,1134081.4584206587
2021-11-29,1137598.8243135894,1128701.6540562117,1335398.61372785,1363461.0700978795,1153849.6339990192
2021-11-30,1112586.1282859475,1103055.6697032282,1306104.1767677295,1331750.1761504447,1128647.3527533936
2021-12-01,1094998.252734954,1089110.575636557,1287935.1596451458,1320064.179360417,1108769.1955324663
2021-12-02,1109476.1214945202,1104101.573148099,1283400.7271641213,1310438.4473145516,1124744.090049157
2021-12-03,1099737.1896694486,1097865.700906586,1251861.9165853802,1283668.2345577937,1113578.577815011
2021-12-06,1101813.7967806493,1103272.6613958206,1244491.5569327339,1276431.0022465878,1119548.6908588982
2021-12-07,1140163.2406258779,1134324.9710490254,1306837.8998022287,1339227.158004839,1153082.1904678794
2021-12-08,1143105.5768659685,1136451.8643459082,1294501.8220837412,1326047.537797509,1155294.2807120872
2021-12-09,1125425.059558016,1123703.0498259533,1264437.3756757397,1296285.2374590395,1137114.5587224662
2021-12-10,1136605.6531861299,1136647.4857527253,1271641.3090701604,1306934.2650756806,1145322.1097211326
2021-12-13,1121435.6296928658,1125322.994550607,1240017.2051235233,1276751.6487610594,1133366.930028551
2021-12-14,1105563.5487328207,1112149.2890252504,1229737.775443771,1266264.4634842977,1123154.6000026928
2021-12-15,1132939.6991407615,1135537.9845505166,1262741.8487625197,1298609.486355402,1145256.6646780774
2021-12-16,1107094.3242705802,1117140.3382941082,1212087.4048242182,1249129.3666721114,1125340.6893067332
2021-12-17,1099098.204321503,1105383.0138287484,1210162.2791080584,1243334.8310182104,1123997.2144123593
2021-12-20,1090189.9988632845,1097347.749387287,1209852.7309133068,1243358.7353632909,1114244.9707747763
2021-12-21,1114238.6985241994,1115901.8342603117,1241509.078354384,1270020.9519662252,1141457.1743177457
2021-12-22,1126351.0946377653,1127461.1734266665,1255847.2987640866,1283734.8915891054,1151625.829138933
2021-12-23,1136155.7874400355,1136108.4342764912,1267768.3943720383,1293701.5111715524,1161564.5887683507
2021-12-27,1157709.7554447425,1154176.1365489787,1289182.6344940604,1314592.93995647,1174690.6025104525
2021-12-28,1155335.4700933967,1154959.0111752553,1277028.0722465212,1304940.6598106711,1169139.321508394
2021-12-29,1163195.942255647,1163719.0760983594,1287991.4595210287,1315094.7467619525,1171386.0705446866
2021-12-30,1153746.6726237712,1156561.8245578676,1273617.406806399,1303451.336651795,1169529.492385139
2021-12-31,1152740.3375165805,1155866.9431887013,1268261.7257603412,1295351.752651638,1165537.1347724805
2022-01-03,1149844.025896603,1151664.214075566,1279525.9422564446,1304559.8090349894,1163266.725885665
2022-01-04,1145620.5612001528,1151195.4848801454,1279174.0610538598,1302851.2633436897,1151298.6910101976
2022-01-05,1121177.4728229586,1133859.1931150937,1256217.409653262,1283097.0804314145,1120086.356400477
2022-01-06,1122255.1979702327,1133512.9859642736,1256784.9298979237,1280083.8611699773,1122850.7997431308
2022-01-07,1106549.2112289788,1121186.2259123006,1245092.3784688364,1274226.3018170919,1108018.8288692136
2022-01-10,1103948.3726845381,1119219.3194757842,1250083.9119127314,1281266.8878364651,1106639.710298905
2022-01-11,1115606.8236090327,1128312.5168482217,1265197.1299848317,1294595.7245762937,1122443.8909819827
2022-01-12,1118791.4679519094,1130565.7687041494,1260536.2858762618,1290696.2775592853,1125196.8784467625
2022-01-13,1107799.705346609,1124245.567333148,1250390.5680425244,1286334.0795095568,1102056.687894014
2022-01-14,1115726.8912991637,1129862.4822569818,1255748.1968611435,1291838.999764402,1105990.8872030745
2022-01-18,1086687.9642816384,1106282.8567646842,1223350.7754633648,1266674.4392402493,1077792.0204668527
2022-01-19,1073457.0817078939,1097269.7825728308,1214765.9003935663,1256856.3947730917,1069810.400899731
2022-01-20,1058996.067919709,1085924.018436902,1202044.0502029606,1246282.7807966399,1058689.581012104
2022-01-21,1042624.3562875565,1074465.0975398505,1196257.4882548891,1240896.971455481,1033535.3124976123
2022-01-24,1048051.3996176828,1076104.0322580703,1187795.9238609092,1232092.9636433655,1041412.2353667432
2022-01-25,1034235.0263445955,1065037.7298945636,1190258.4246753214,1228677.3468713807,1014317.4388857348
2022-01-26,1031408.4949017651,1057546.512377613,1185038.2974857856,1223082.0903419326,1008736.9948554961
2022-01-27,1026656.3157595223,1055590.377184531,1185770.7874573069,1225700.9788469942,995896.4690919349
2022-01-28,1041962.3746064205,1072280.4638527057,1200668.6935132756,1242015.5806714376,1022353.8443189204
2022-01-31,1051186.0570197345,1080097.653320786,1204262.6385206864,1246779.7712680707,1055488.2706271498
2022-02-01,1054577.9445847506,1080881.9827432039,1216916.8165268828,1259010.3855850338,1063558.767758978
2022-02-02,1055644.4375459235,1077339.153756189,1190070.1316811077,1209754.3248141608,1062215.3657633513
2022-02-03,1042870.7304918107,1064514.7384224746,1171484.1038471845,1193864.6870758056,1035199.5433660019
2022-02-04,1037676.7971415032,1056157.1454978616,1166744.2703226972,1185581.4014268417,1044859.8766308381
2022-02-07,1042699.7770972393,1060891.8932187555,1171872.752605743,1191339.8556238436,1041935.5391010981
2022-02-08,1049744.944449974,1070491.386841852,1169648.7574310268,1192622.5061658788,1053305.2024685945
2022-02-09,1061284.5636538782,1078594.711509108,1186008.4511767474,1204285.6953863178,1078460.8596518256
2022-02-10,1047790.505019895,1061673.3966036956,1172978.9428119755,1189157.0967320388,1059622.721560055
2022-02-11,1042773.5445488744,1058236.424586981,1166018.846587028,1182593.7436197666,1034732.8345406468
2022-02-14,1033519.620164654,1050071.2861992484,1159811.473694973,1177753.0729920955,1032052.6817954532
2022-02-15,1043329.2490278442,1056381.6018982388,1180581.7243020695,1195073.4400069243,1058468.5202972507
2022-02-16,1046997.8911689495,1059121.7228583843,1195248.2437418618,1208761.7974020052,1055167.5783946167
2022-02-17,1034231.8872074387,1049039.2967500773,1172607.506688118,1186955.1718173902,1026646.9536980105
2022-02-18,1028165.1275100455,1047181.6837864863,1148712.8232605925,1168397.1072332193,1014716.1187420222
2022-02-22,1018506.8360800691,1039838.7380162333,1134116.548889708,1157480.7799708028,1004036.596099723
2022-02-23,1009815.6046922763,1029582.5429585611,1116206.6850422616,1143532.9071967748,982113.7391092293
2022-02-24,999021.3814843948,1015378.4873757032,1112407.2614981444,1128558.089105859,1013629.373303627
2022-02-25,1020014.243178948,1038076.2419366359,1137645.4757844906,1153409.7491714288,1029061.5669661753
2022-02-28,1008761.5188480363,1027359.7526795653,1138884.653017544,1152827.1917470098,1031968.1483241093
2022-03-01,992181.9711494519,1009795.6137208478,1125106.7384392878,1140989.7679709075,1019320.6609989571
2022-03-02,1017678.1581000334,1033807.8377394067,1140399.543940408,1154119.2528360002,1037593.6545952866
2022-03-03,1004448.0712539547,1026336.9791020924,1110041.328360856,1131902.6839694413,1023659.6910511378
2022-03-04,994854.6248272475,1021379.9121393085,1095090.7529462376,1121224.1804124299,1008872.9778654946
2022-03-07,955720.247057183,990325.4128308163,1064210.4464253115,1101466.166646139,972304.4958754868
2022-03-08,954988.4090606179,987103.2610241559,1037821.4222279531,1074146.0609948453,967464.3164038565
2022-03-09,977850.653555471,1000988.543621588,1049612.0086303055,1081853.5831580476,1000213.0882691409
2022-03-10,984450.0301259664,1007590.4342389127,1045255.8514323089,1080205.5115863385,989676.458508677
2022-03-11,968044.4538489813,995709.8368209609,1013636.3306987745,1054344.840038171,970544.1290815052
2022-03-14,957708.1176210851,992281.5768159032,988250.4736372791,1036169.6876208903,952809.073680662
2022-03-15,975161.8799916239,1009004.3401017291,1006873.3778061313,1054609.3450558665,978312.1069387657
2022-03-16,993288.3047351743,1022709.3200788788,1022596.967813836,1066308.3175735879,1018401.3252765851
2022-03-17,1014291.784771103,1038612.1381454398,1038632.1566857446,1080186.7747224579,1033704.8396489932
2022-03-18,1022420.7443036693,1041532.2278357485,1056368.3621767496,1089655.5530166538,1054352.6096199434
2022-03-21,1021834.7771072505,1040841.1079436053,1045429.6684533608,1079420.945146994,1045433.0866725026
2022-03-22,1033305.643153581,1048739.2256789994,1070082.0156769108,1095243.606910482,1063241.465864962
2022-03-23,1024949.0534627157,1038993.056027051,1067181.0722112763,1082912.9853009311,1047388.875507022
2022-03-24,1044653.5191957445,1054116.967446132,1089249.0486735138,1102895.1590117249,1067836.556240726
2022-03-25,1043792.4740930275,1056529.3943990269,1090752.244731729,1109608.0116455562,1064254.134321606
2022-03-28,1055674.806747195,1067145.3515450526,1102012.4064336936,1121951.8801150187,1077915.6203611493
2022-03-29,1070458.7402577188,1080777.0231932048,1119808.7021332327,1134280.594641774,1099178.5233942585
2022-03-30,1065924.0155254698,1080428.532099172,1102921.05761902,1120544.367332441,1085713.156485626
2022-03-31,1058103.2750172531,1073922.2755571043,1092448.8386730002,1113363.0314300277,1073473.4291164163
2022-04-01,1061063.6524864512,1078417.1457280288,1107040.690773388,1127079.6070498102,1075656.1757343991
2022-04-04,1070746.5507309842,1086092.952177279,1123024.4417978637,1141344.870550662,1091291.3298741004
2022-04-05,1050174.9315621583,1073364.7389329919,1088237.4695207165,1112482.3624636934,1067729.2978081636
2022-04-06,1036917.8820600793,1068975.6878580337,1053900.6414572743,1083461.003137353,1052834.8166744204
2022-04-07,1042652.3715163113,1074924.5174219762,1060539.569265109,1090744.379807651,1056035.4769448868
2022-04-08,1034405.5347057588,1070300.6709449426,1064930.1454358792,1094852.820637395,1045686.6731929437
2022-04-11,1012693.4900298595,1051349.59168865,1038176.8703089559,1071649.8419255493,1029412.4971699339
2022-04-12,1011797.600442239,1049803.6701926193,1036293.1474379712,1068849.6904559967,1026389.1135091874
2022-04-13,1034079.9272731456,1069427.6725771602,1056869.908078658,1089060.9018616562,1048071.4417391787
2022-04-14,1016513.37540017,1054826.7257093203,1044701.4700400119,1079835.667682088,1028456.579943884
2022-04-18,1012896.1419374011,1049966.6542983667,1036906.2035077813,1070526.9650525108,1024923.7843738337
2022-04-19,1034204.2480834703,1068878.980843146,1057861.1381554662,1086409.9151351056,1048027.7227299473
2022-04-20,1032245.3353713128,1071236.8178450603,1036462.2273834867,1073252.0032271598,1038801.1824210632
2022-04-21,1010497.3760498427,1055284.8211159187,1002661.3134968369,1041722.7548686209,1015034.2366445826
2022-04-22,980327.2604196098,1025334.3564807026,977084.9756568094,1014694.3510723445,989356.8200896
2022-04-25,991566.4415716134,1035250.3181777564,983954.0208482284,1022502.9582118283,1001876.4113357714
2022-04-26,961730.749336401,1009600.3237010089,949517.0479423883,993103.9076696668,968930.7253970525
2022-04-27,962545.1963313918,1011918.6260648299,957023.6880903896,997808.3439754618,967387.4554511238
2022-04-28,977847.6817519524,1026485.719283976,971133.3184181188,1012824.0005293596,992901.0524657886
2022-04-29,942614.0628356372,992894.4029594092,943146.8631433544,983363.769246582,957507.4802889476
2022-05-02,945798.5176017884,992320.3075551034,938547.1799569236,973508.2149209105,970261.7090117203
2022-05-03,942581.1342569739,990435.5155701508,954408.1935306553,987146.6781530677,971355.1639320398
2022-05-04,965577.5061399791,1013540.7714189327,978868.3631496042,1011501.2534600542,999485.2744682785
2022-05-05,933467.0397328914,983818.9638012262,953645.133844791,987105.8252042278,953423.5058742709
2022-05-06,916762.4579249489,970837.9444636137,944644.692075883,980994.4567884264,935321.4574695162
2022-05-09,889057.3288230248,950372.622952379,933680.4495212983,976749.0546231163,891302.08826773
2022-05-10,893022.8573800006,952344.0731254917,927430.4838391229,969925.2722131732,899438.892776082
2022-05-11,887375.7217494177,947481.7902751181,923153.2253537772,967290.7813645382,874775.3980724263
2022-05-12,885261.0635798103,945546.9086182262,911257.4182687352,956422.1308694354,885125.9288122044
2022-05-13,902948.3956032853,962166.2160244675,931545.3873051701,974322.0061391181,924801.1741184166
2022-05-16,905240.0072149425,964183.8758382685,931454.6871892492,975044.6939611263,911401.9676077001
2022-05-17,912643.1675736606,964382.8719995783,939694.9546775605,979520.8925728833,935031.9023623232
2022-05-18,881775.1014785797,933319.5248424502,900369.7368869327,938828.1753527101,893045.411039153
2022-05-19,878398.21845045,930691.5477212673,899845.7868877549,939030.9699200992,901020.9113628586
2022-05-20,862594.6568482355,917980.507952897,904333.1935932204,942564.1103797519,900092.4077001037
2022-05-23,875575.9236277646,927705.4025119155,910285.3539946262,948444.312281516,909643.4876543562
2022-05-24,883564.0615203782,938313.6162259848,905381.0499060646,948291.1377691498,890627.5078053977
2022-05-25,890302.9275985232,942438.3431465154,913852.3068816476,953402.09199484,906434.0712993939
2022-05-26,889202.3051155686,940551.4444421112,934175.2304316447,970011.915420744,929917.3162381075
2022-05-27,902316.918335706,953269.7762158937,956455.4176222101,988329.2709531384,959685.867923383
2022-05-31,892475.435751239,943586.424704914,949450.8470027203,979189.3756867506,952326.3923066378
2022-06-01,886328.3627816654,938776.5498057251,936483.8843578858,967228.8767057317,940774.5127354204
2022-06-02,893776.1006976299,941327.6088665728,969747.0583484421,996052.3970274518,970335.1056090186
2022-06-03,884195.9779475995,933743.7572440143,952604.7896224161,980934.3088538283,950966.4375294624
2022-06-06,883540.0415324613,931790.3624760349,959254.2038138355,984397.3587420527,953862.3739753541
2022-06-07,895744.9669664515,939401.24251199,976025.5767514702,998540.8779690603,965049.8989173984
2022-06-08,888098.9134131182,927008.5167490155,967833.0691036048,986275.2908715974,956743.9454863865
2022-06-09,867193.5734259048,908030.1580165549,929351.711503803,953811.7495942762,1063370.463651328
2022-06-10,846429.1820853073,890002.5580433909,902466.9979466157,926983.892814327,1029444.6858174131
2022-06-13,802253.810898246,850642.7438221228,850269.2075800619,880800.3626717109,978521.2966999987
2022-06-14,806980.6566663039,850302.729983671,858822.9338213595,881077.5504524612,977780.5037815876
2022-06-15,816045.20763106,858513.7115980969,858294.2774366997,881742.8318404317,998837.2359250166
2022-06-16,779977.1763728082,825331.3204664469,828222.1557001469,852440.9198283915,957563.6335936513
2022-06-17,783403.3114232587,831159.2661754622,837965.3673237207,864116.7906964568,971449.6862531294
2022-06-21,807284.2828694232,853845.0768054995,858556.0598276281,881563.3689805212,993012.9334167498
2022-06-22,796059.1084929694,844700.1358478487,855179.0809318281,878758.373341577,991524.3916206515
2022-06-23,795524.9358185577,843924.9602204957,886137.3520380162,902324.8391453151,1008468.1770565911
2022-06-24,818693.8630002098,867040.5600731769,913874.8473116956,924220.5922392433,1043927.2146038101
2022-06-27,813568.721765476,860247.7055505902,888617.8394344904,900719.6204670982,1035287.9272458946
2022-06-28,795894.0244214272,841139.4860549724,854989.2050733026,868621.8449311386,1007881.4264233231
2022-06-29,792897.0741278284,841138.6679173588,859306.9852896371,874246.7033892686,1003953.5818337739
2022-06-30,787190.4209646959,836254.8123717279,844292.7057872972,861585.4789279101,992235.0289004947
2022-07-01,794340.5234693373,843832.4413957132,865152.7362960306,875394.776854541,999912.4368224576
2022-07-05,795739.4491749716,845684.9415689408,900491.4609257353,903187.9564384981,1012086.3008860839
2022-07-06,791618.8597874438,844989.4504909816,888958.3015297302,896370.9199902756,1013242.5594872804
2022-07-07,801505.3640740847,854649.1330429694,903371.9198343192,908906.4878222325,1036792.7272911803
2022-07-08,799694.5884959202,853310.4841009629,907918.8915313615,913086.3273484817,1037268.5412187818
2022-07-11,781222.0429083757,839607.6762096761,866875.128197203,875604.5856518582,1016715.4621276222
2022-07-12,769966.2797915075,828454.1764641092,838092.4309534685,848849.1327329642,1006820.6563243882
2022-07-13,768514.2089970054,827396.4078644112,834848.1489164716,844306.3372890546,1005123.038457441
2022-07-14,762790.8078575056,825522.9639894428,821547.4192495233,835274.4479883565,1003248.2078693799
2022-07-15,778919.1211833325,842482.0576037397,833865.2375742706,847320.0522888966,1023492.0828331071
2022-07-18,770954.4403659512,831872.9619839223,820031.9115917188,832356.8531192611,1018872.3108451212
2022-07-19,790563.0299028022,851566.8976934938,834116.4423101093,845422.3312451538,1051888.0245626497
2022-07-20,802517.7656019691,858318.0710241358,847749.3005366316,853222.2807103237,1070497.2306260676
2022-07-21,813124.3121101569,866564.6877009997,857818.2088787513,863591.9934669432,1083554.122144428
2022-07-22,798609.7175598195,856881.4165484746,837723.4057699487,847926.5435315255,1065340.7419009176
2022-07-25,792328.2384976305,853270.9264049856,828669.070224188,842761.5129044566,1061750.8859946078
2022-07-26,775119.3274193447,840394.0996539148,807140.5075950542,827084.771123965,1042894.6726511759
2022-07-27,801554.0139386264,861422.0756361188,839580.2715563782,849674.1238706456,1080330.471120372
2022-07-28,811229.6418445861,872210.9013804399,851697.1320604444,862935.8041567306,1094934.3665068708
2022-07-29,819385.4105771617,879018.8795062344,860760.668075582,868763.7894259316,1104127.3493366428
2022-08-01,817706.6958278317,877333.983962339,853273.6835539187,862651.3143121247,1103291.252662809
2022-08-02,820438.1412149569,876686.1892219953,855905.3988278297,862980.6405072217,1106533.0440398252
2022-08-03,849583.5245159686,901195.1456178372,885272.0308237885,884632.3859180614,1138427.6424017288
2022-08-04,851786.3067278912,902223.1010670149,906860.7281049928,904094.9509447487,1142661.2946585612
2022-08-05,853267.6996645097,901645.52728858,907591.9784518185,903004.5937658744,1140806.5698641061
2022-08-08,851277.8838084409,899369.5801615583,922408.1614392824,912378.1071800566,1140256.8938677246
2022-08-09,834928.1357506176,887127.0905023707,901200.3359453314,890004.9539297479,1119936.1777153378
2022-08-10,863092.3459223022,910537.0768361822,938416.1530798601,927273.934685561,1154746.382117626
2022-08-11,857822.6047326447,906021.4246153366,924532.5915378563,913481.5076575703,1149464.0172649275
2022-08-12,875301.3844671195,921990.3464315736,952554.5425025552,940977.999432279,1171933.7194231206
2022-08-15,880070.538338902,928642.4646942213,955687.6495189012,945738.7392589152,1176884.5231675853
2022-08-16,878361.7163939697,929305.5102404753,948509.2422515801,938849.8401180633,1173468.8257638735
2022-08-17,863174.1576569674,917540.1761390151,923022.1744593524,915151.6683141149,1152865.8351626492
2022-08-18,865596.7875649089,920178.2170621669,924865.2262100718,917349.9558880785,1155471.9154911742
2022-08-19,847742.7330456366,906468.9814411427,885673.423858215,882528.4134055516,1132730.414906428
2022-08-22,826218.281713288,885897.1090946476,858077.400151596,852275.5462261777,1105422.5353406016
2022-08-23,826062.7743364262,884189.663714279,855514.7022989572,849733.5596765588,1106288.0602145514
2022-08-24,830921.436380248,887803.4059510443,865381.0053473553,858630.7822649399,1112777.8881086942
2022-08-25,844813.4848218308,899952.0814905221,881967.6650271557,879604.014540052,1132049.5340328612
2022-08-26,811434.4966881949,868466.8202461102,841140.9989247987,837526.456188227,1090144.9019124534
2022-08-29,804294.860029531,862988.4968579351,837275.3658488251,834920.7894510982,1081988.927671911
2022-08-30,796520.1253631501,854655.3038708916,827551.24050536,823848.0334872615,1071892.0593285456
2022-08-31,792110.7691406928,850486.0618590888,832648.533057756,827388.6392850383,1067384.7614363807
2022-09-01,788820.2553298284,850633.1784539209,826906.2903377989,824989.5294828839,1063268.2164260028
2022-09-02,779113.7657487019,839846.685723806,821934.8351198549,817038.4394908159,1050639.8330065405
2022-09-06,775778.9654687787,838084.4942524873,820453.0410892467,823259.0795059416,1044581.0578891601
2022-09-07,794678.400363764,857604.4316948808,842026.1967258708,843647.3035976631,1067381.007333389
2022-09-08,804529.2043564924,865104.4104967951,858721.0780766561,863041.7180166829,1079085.555675572
2022-09-09,821890.4308914527,880174.7004539659,879084.905703644,882911.1941794135,1105741.800007572
2022-09-12,828927.0096039992,887314.3469472595,885635.9226721601,888231.915172784,1114798.0138634108
2022-09-13,790841.561157937,848963.4509576308,844828.9737488382,848718.0574292266,1060855.883842539
2022-09-14,798142.592736624,855289.221838428,858955.9346223072,863205.2751047489,1067367.9300015774
2022-09-15,787955.9483080878,843768.1827749239,853209.0251416162,858455.6122182895,1052501.8666261605
2022-09-16,780246.6002602814,837981.6971281709,831520.2016823749,838101.1071995323,1042583.2997683722
2022-09-19,787923.1822525837,846195.9836050277,835333.4731374093,843193.4026265328,1049658.3925199488
2022-09-20,778385.6102922803,836014.0346771204,826526.6758840631,833153.9475582344,1035186.6705802028
2022-09-21,763782.2183695716,822302.322894922,809392.0938617748,820000.214504011,1018850.6108935025
2022-09-22,746818.2832083647,805409.7559448752,791715.0568022114,801458.1082862599,999511.5791269017
2022-09-23,732177.6565337954,790401.2407747051,769872.3954332682,779872.5044227386,985819.731023124
2022-09-26,725076.7675682423,782434.8017387018,766468.5208600007,777021.4115968965,976605.4401637397
2022-09-27,730862.0348474182,786295.9107262102,764168.5427447257,771934.5912617779,980079.2634278242
2022-09-28,753541.7029721461,808252.7440672198,783083.8200123876,790924.4898974907,1004638.5646943612
2022-09-29,736738.650149022,790415.35143967,770287.154688912,779125.874268679,982120.5475168836
2022-09-30,728679.1458689175,780813.000161497,764935.288159433,772818.9517858307,969910.7335925939
2022-10-03,748746.3884659226,801266.9826810923,786567.9726154659,794157.1878113829,998344.444477569
2022-10-04,770519.5736713494,824922.6624741926,813900.401685145,820429.1334764666,1033432.9120654053
2022-10-05,772073.1914826413,825519.3241000064,815062.6593893396,821282.5632678845,1033735.4413095195
2022-10-06,771133.0715945063,822294.6739292513,814982.9725638344,818617.2770961724,1027261.3719350896
2022-10-07,756499.735519327,806901.6509589606,796698.9389490846,799895.6791731732,991181.5996131732
2022-10-10,744865.1119088862,797910.4899984897,781408.4770208644,788616.6384247205,977956.5454590276
2022-10-11,730558.135531675,788107.922789325,776604.2639026041,784970.2609360025,963945.6597771147
2022-10-12,728835.5255469831,784777.0297984072,772089.301396845,780495.368809915,962167.4883716376
2022-10-13,746890.8991607816,803815.6496562094,789193.3337268737,796891.0572978911,980934.7577250554
2022-10-14,728308.0306006207,785666.6732246431,770049.9851814571,779709.7128976327,952090.0801047876
2022-10-17,749386.3281330041,805220.0287204889,780285.0957279236,789419.7815958408,981534.6601661055
2022-10-18,751821.1477509328,808513.6998417013,782105.6885022765,792598.6604978924,992032.1394466934
2022-10-19,735731.4855634421,793465.0143186616,781254.3555317416,786614.1057232651,984523.854721421
2022-10-20,727823.9770504294,786461.0302624136,776575.705747163,782457.2227110137,982696.1818277444
2022-10-21,750840.2563242947,808312.6826622488,802600.0089109244,806548.1135432163,1005020.1824344058
2022-10-24,763753.5089184616,825552.1546270794,811558.8739213049,819935.700677743,1009993.029251191
2022-10-25,772697.5017797792,833277.0155904028,819974.7654881482,826110.486291271,1033608.8281450775
2022-10-26,777921.7101675699,838819.8105036896,828983.877967555,834131.6829830516,1026819.5505673232
2022-10-27,779213.7455193908,840329.3415932936,825556.050204833,831571.0084813496,1022130.5440326002
2022-10-28,809556.0183380416,874499.5887883939,855611.2294338875,860425.205201404,1049831.175265806
2022-10-31,810372.2076354228,876379.2415042928,853260.2255518712,860564.7917338121,1040190.8214432893
2022-11-01,808522.7554989379,875197.0490588271,849060.1432368162,859306.903562397,1040546.2762726425
2022-11-02,788103.3983355669,856415.1401029158,825587.4382928527,837839.3014492398,1007900.0305905483
2022-11-03,782753.6595642025,852200.1300641339,827854.9328141679,842477.0943666112,996425.759428916
2022-11-04,792440.4289973164,863671.2250283313,843609.5737328478,856094.380101318,1007944.3760444964
2022-11-07,796095.3638899011,869977.2710084609,853054.1010934181,868594.2244148602,1016717.0417571281
2022-11-08,796519.7799077359,872144.336137244,843308.3769047474,871309.33191665,1024760.3656492061
2022-11-09,783880.1438825104,861759.7982321163,842449.7408246899,872093.0812512791,1003382.414889104
2022-11-10,823361.1596048377,898824.1089031006,873767.7747654726,900362.4804501737,1074474.155712073
2022-11-11,830061.7547842473,900583.3461110343,891552.5870306886,917177.5149461781,1094282.3372018943
2022-11-14,822149.0792046856,893232.2797798972,872987.3283001222,899232.3826518089,1081264.5566565732
2022-11-15,834323.2524081436,904030.0123930073,894345.4945894567,919549.706310698,1100115.4767498404
2022-11-16,822706.0068736546,895565.3982329256,878838.5704609706,905295.617635287,1079398.9477878015
2022-11-17,820431.4559823475,894517.8725109781,871345.9551157578,899583.5617627361,1073501.4339723182
2022-11-18,822728.1105915714,898799.6254518429,860972.7239489157,891126.6104400863,1075967.7729926049
2022-11-21,817629.3119532203,897149.3658442451,853296.1209029241,884694.5838812009,1065130.3448167515
2022-11-22,829526.7878397872,909251.37976088,868837.0016050526,900987.0620058445,1079152.2171820023
2022-11-23,834130.4912026176,912823.0431895094,881370.2944865237,912199.348628148,1089858.1924399743
2022-11-25,831113.7477037308,910773.9996621178,873128.6237197755,904204.042524141,1086521.7729876908
2022-11-28,820813.7113004025,900873.0443311702,863993.227711969,893932.2908388888,1072780.3047269757
2022-11-29,818409.020941911,898183.6446617256,862646.4627468033,891645.5885974762,1068205.5808751262
2022-11-30,849091.7859135407,925713.836634772,908120.4409184238,935649.3045799815,1109034.5580286547
2022-12-01,851280.3454898951,927443.7339909645,915091.7354897828,940917.4007862762,1115894.5589062502
2022-12-02,848757.1918734696,926438.5668214951,912846.7663347111,939153.4988718517,1111732.4358226953
2022-12-05,834183.2197651108,911999.5746437808,899535.3979346388,926746.3862620821,1088504.6294591755
2022-12-06,821621.6575529289,901037.3296017466,875512.2095501379,909526.3459669863,1067692.3261147176
2022-12-07,821590.6931280161,901398.2929638204,876716.8854624578,910178.7103423936,1066388.8792875796
2022-12-08,831816.370235853,909614.0100297555,898248.4675616499,930184.4160317563,1080818.032005096
2022-12-09,825079.9746827353,901689.5583863371,886452.7740548439,917357.238378287,1074118.7904595989
2022-12-12,837301.870356395,914326.6972805092,896125.9598708333,928674.9230495777,1089391.6744441418
2022-12-13,843445.3454350692,918278.1438730549,912369.6128258212,945401.5530626578,1097976.1201349455
2022-12-14,836141.0492207075,911602.9594577294,905318.5125741089,936357.2526983287,1090179.7405308618
2022-12-15,808680.5440466007,884609.1376356197,866835.6672032779,896230.5051651788,1054144.4709621877
2022-12-16,804061.3093250997,880354.1984304356,861060.790653983,890924.2620723477,1046442.8299033555
2022-12-19,796334.069184317,873508.246349463,849685.9470851177,881342.1268257635,1033227.1237906407
2022-12-20,797390.3572905582,874115.8054721089,851607.0734531826,882857.6520311454,1033847.1200557804
2022-12-21,809673.2510090596,886251.5032552717,862779.1828137712,895128.3979303415,1047586.0676614058
2022-12-22,793718.2887101113,872171.4701881605,835643.7303437924,869113.5649540102,1026005.5292887173
2022-12-23,795697.0872422915,875353.7217031461,834874.8312338567,871258.1058281404,1028351.9786806575
2022-12-27,790317.1318106854,872744.3273403544,831256.1163584539,871421.6194924575,1018632.2683597024
2022-12-28,781120.1375243233,863287.7159049986,821643.7729230865,862500.1415488727,1006620.8321438226
2022-12-29,798302.3101436936,878511.1311570246,832458.3026632745,871517.8231087324,1031436.659075164
2022-12-30,795930.7384913979,875685.6080128707,831243.0479557049,870761.9927762767,1030062.0667229476
2023-01-03,794398.2470362425,874318.4026169521,828613.0902526741,868700.971909826,1025813.6382028273
2023-01-04,806543.082452886,884722.4144775635,844538.4902130443,883288.4561273983,1042180.8293219903
2023-01-05,794061.8418153941,871580.6544177139,841870.7712714633,878767.8634093137,1026182.5305116054
2023-01-06,816113.6246780735,895422.9211943132,851795.2043887546,889582.3280193942,1052497.9538532672
2023-01-09,817996.6304578546,895250.3494995842,850897.9574584258,888428.7557147848,1059162.7271426723
2023-01-10,824851.2540336867,900477.0334519016,856846.3608551425,891410.1675128149,1068677.7232273004
2023-01-11,830088.59373398,906752.3814218086,857463.0338445099,893667.5456091617,1083671.3123413776
2023-01-12,830723.5400791082,905020.7060627503,870442.3391523904,905666.0733788965,1089886.3817530707
2023-01-13,836187.7185325377,910022.8794714244,887836.1279286691,923684.1962401939,1097494.206101583
2023-01-17,833757.6811608041,908252.2570277944,894351.6506840229,925476.6421676105,1099252.0759366548
2023-01-18,819313.1141990329,891369.2558878696,871087.3570176174,905120.667632244,1083082.2512890159
2023-01-19,814181.5527052112,884976.9305861171,865565.7148008229,900658.476816623,1072184.299651537
2023-01-20,831360.053528762,900405.0911527573,896073.398315268,927057.3521642894,1100578.6708463267
2023-01-23,843631.0549414686,911669.4741750786,922881.4878719201,955775.4460534811,1125959.165476478
2023-01-24,842169.9827611903,911106.9118906378,916081.6319796905,949514.7522691964,1122817.3698698357
2023-01-25,845911.1932252266,913610.2192014277,924481.8407078695,955526.1600425728,1123627.303142693
2023-01-26,860131.7884836951,925884.4862930517,943815.8063603307,976815.9523253883,1142087.8319004457
2023-01-27,861308.3286060955,924529.483288905,959959.5451527423,992314.5142287111,1145736.1975682839
2023-01-30,843759.0276528577,909678.4995015507,924684.8594818817,960186.2349247154,1125482.9378622123
2023-01-31,856162.1885645188,921592.3454291455,937153.1252760853,968193.6864071814,1143065.581348383
2023-02-01,878616.2460154518,939378.3410391528,963825.4177905051,990773.7900043587,1168765.7320700581
2023-02-02,899992.8695452001,956774.2777174069,1024748.5369962811,1060462.0975614146,1193219.4251830152
2023-02-03,880346.425120191,937950.9967554826,994491.9296484544,1029078.5009263696,1170371.102136062
2023-02-06,871245.1265822494,929478.0893822405,983267.6441689377,1016967.4513282028,1159737.0958684632
2023-02-07,885178.070806108,941454.8769473137,991072.9271871108,1024387.5853262657,1176504.9865886543
2023-02-08,869960.2855767901,926408.7018751092,971645.164442414,1004766.9697965267,1160238.0629521906
2023-02-09,867073.5864996392,922502.403657307,954026.47126128,987917.6754246729,1156159.513427822
2023-02-10,859720.6175162601,918613.1467181125,924150.3767784169,956718.1982292274,1152439.4688449863
2023-02-13,872491.0699047664,931823.6515170347,942778.5181429962,975026.9183061091,1168179.4512776774
2023-02-14,886684.1485535877,943208.6978426815,973979.715364615,1007119.3501366358,1180907.562771808
2023-02-15,901467.4969267602,955330.6193237983,1024112.2986279093,1059474.6122143583,1197037.2922094907
2023-02-16,879075.0481243972,936124.0089852607,973255.344404094,1009465.5600732784,1173186.4395633866
2023-02-17,869086.3322906152,927831.9343490055,950450.47257923,986990.0192137016,1164799.3155967386
2023-02-21,846626.5680035205,907118.3617499914,909445.3536509989,946117.9298510326,1137566.4332722917
2023-02-22,850936.0244722317,910290.8761494634,921123.1755120797,958409.8954957115,1139278.0030401738
2023-02-23,858056.4161368321,917419.920468734,929629.0630625642,974748.1712452527,1146144.5639813885
2023-02-24,843826.6537485097,903826.2218761594,908068.5967787646,952141.7591311854,1129759.8290443583
2023-02-27,848595.8313627891,908942.2673594087,915709.5784239358,965232.2887587893,1134240.2790912087
2023-02-28,848917.1393966541,908557.601512668,917586.4185061865,965538.7569203398,1132165.0093656527
2023-03-01,845220.6482961449,905228.9575440432,906714.3499260278,954149.7385871867,1127672.8772092632
2023-03-02,856367.8301172878,916723.6313745378,910955.1697558347,956388.7090061998,1141722.1147871742
2023-03-03,869213.9536988746,929174.1691271038,934323.2622812805,983380.9285888202,1157373.226114021
2023-03-06,864805.4214128111,926190.2161122431,925515.4511190924,975433.2503412584,1152877.650066974
2023-03-07,855615.6579401868,916036.9859620187,916493.3520478876,966141.6105812532,1139580.6175629671
2023-03-08,861093.6916145775,921995.4225096973,922858.7797808973,972698.3451291998,1145316.2431047158
2023-03-09,839619.3080044242,902021.5302171861,892152.1768802468,941332.1942013459,1121881.7368584818
2023-03-10,820483.4794146171,884748.145969132,879896.0306670645,927355.2925491959,1101317.798068356
2023-03-13,823731.0282638171,884661.4033690081,884516.7923311187,933120.6182372909,1106866.0191652637
2023-03-14,841980.0256707094,902661.3368272173,913597.7203284531,964418.070892448,1125731.225983074
2023-03-15,836438.8091988211,896225.8091298891,911709.2125383927,960871.6774157785,1120220.5342711953
2023-03-16,857521.5680436678,916076.4230615824,943769.8911890374,991599.2314115607,1143739.1692127166
2023-03-17,852355.6099929593,909259.8210946192,937793.5910578901,985132.9532477233,1135365.2349433347
2023-03-20,858212.4078825826,917271.7405756685,937662.745855092,983011.8263033257,1142051.1444584546
2023-03-21,871035.7420593565,926989.1461914958,948277.7512349387,992462.4209701387,1156066.4009099845
2023-03-22,856135.8477832411,912485.2774664008,930814.2799121048,972889.4973571701,1133348.3002844143
2023-03-23,867367.609180545,923360.2757063776,946443.2809668275,988276.4827467012,1146769.7388547491
2023-03-24,864587.3028291366,923505.0848522609,935734.9268771197,978077.8131299396,1147249.633299577
2023-03-27,863873.8531278687,922870.3651506141,928323.3806778218,971910.98338137,1146353.674315409
2023-03-28,860750.6564155308,921121.8577289967,917780.4840044455,962619.8749370921,1143457.988519083
2023-03-29,875050.2851830317,935153.9894720204,930625.6025466501,976475.5616628034,1166566.924440015
2023-03-30,883125.5841990681,942970.0028299703,944809.8031448507,991606.9379824875,1175587.528193472
2023-03-31,899079.3674064254,958527.9431011451,964835.2270797673,1012708.0590947279,1195112.262406011
2023-04-03,898075.5868004643,958517.9252438934,964117.0692520072,1011648.3294652731,1191617.8725436695
2023-04-04,893323.4112078585,953490.2651414917,960293.9801255568,1007371.228317939,1183627.7882913863
2023-04-05,881850.61330345,943968.5971035345,930000.4670155545,977230.2887679022,1170613.654035912
2023-04-06,882372.997601169,943911.789694802,941021.2145704154,987839.777117341,1171443.5426433508
2023-04-10,886359.1933055241,946913.1508486791,940527.8874702795,985653.081168807,1180347.192232099
2023-04-11,886581.5140599816,946281.7026283379,938173.2415288709,978597.7357804797,1181767.2076167671
2023-04-12,881833.0321961683,943047.067203768,925805.6458245416,965944.1712321608,1172314.0422093216
2023-04-13,893927.4257823384,954498.894348751,943800.4995982777,983187.4763199495,1187725.9327945944
2023-04-14,892324.3054609956,952066.2115259327,943414.7486561311,983813.9398821555,1184132.48494652
2023-04-17,892293.7597924292,953503.0272989841,930686.4639610072,974153.1174305761,1188313.7913226332
2023-04-18,894332.5811390084,955638.0373273967,936416.1785744872,977048.5984177812,1189604.125725581
2023-04-19,892368.7729130738,954537.0217348537,939343.0604250942,984888.3793203668,1186182.9157956182
2023-04-20,890518.1692446913,954132.7644147797,924517.9532120378,974123.2736892538,1178981.301768934
2023-04-21,893057.8240569915,956745.9422140358,923147.4802698848,974266.1310383574,1181102.4793016647
2023-04-24,891428.8313241955,956968.5432244057,916821.8504588563,970814.7097373251,1179645.9811885944
2023-04-25,875048.766747012,944244.0058496679,894984.9560507401,945354.1587066051,1154684.0765387437
2023-04-26,872629.89700108,938871.9266231648,897318.4342226334,942092.415263134,1152699.565317225
2023-04-27,888919.3595805987,954175.6763182582,918002.9292325,957595.6223934339,1172662.8664743262
2023-04-28,894956.8684110353,959742.5934270071,928963.6850229953,966547.4369149845,1183568.529531987
2023-05-01,895042.7574478072,961811.0149847281,921932.428967668,965060.7965640542,1183861.2127788137
2023-05-02,886555.8749918452,953475.377340974,913424.7859720852,962696.7539386803,1170695.041078023
2023-05-03,880804.309780908,947078.6091625465,901623.9099407623,945393.5395698233,1164823.3971075069
2023-05-04,881220.5935729692,946405.3852045818,902435.2328908867,946406.6567943355,1164925.2748485974
2023-05-05,896054.8587786932,960059.3658027317,917327.2144264166,952103.8930882713,1182481.0068752747
2023-05-08,897818.2261763136,961514.2711416407,910788.4573683838,949128.333774763,1188432.9780066316
2023-05-09,895335.6375361424,959717.697088101,913702.7867700796,952323.6467882182,1185175.7643072258
2023-05-10,901126.0053167115,963108.7628402554,928547.7393876063,958857.2963680021,1191797.8748722693
2023-05-11,903213.6130619547,964560.7234315613,941474.011820759,972807.1911026901,1190561.3004019172
2023-05-12,900254.5027943008,963932.1700217851,935183.9405219028,970933.0236682188,1187727.2731621491
2023-05-15,904449.7397547176,964193.4167331689,939904.8218565445,968716.7025695023,1200997.8711642697
2023-05-16,898035.3855694665,956821.0907746652,939267.7610105078,971663.6593604329,1190610.3309529354
2023-05-17,907836.2890135895,962172.8646428421,961523.8923685044,980702.7987511492,1205926.8029445952
2023-05-18,925301.2589155373,977565.0895430737,994999.9645320014,1005432.2229670056,1228599.882871117
2023-05-19,923354.3169694516,976518.7595448124,990549.1882912021,1002626.4628522054,1225951.7941101696
2023-05-22,923622.9329050292,973447.5482408492,995198.0270785575,1002351.0641210806,1231505.895461415
2023-05-23,910421.8371489797,959284.7346752789,974134.4760184108,973547.703406429,1214442.1713356064
2023-05-24,905201.5215515527,953698.5250819676,971118.5973591083,969811.5111667912,1206638.220381219
2023-05-25,918384.6809502468,963859.743739997,986565.388201845,987157.141338151,1218363.6817666288
2023-05-26,940043.9252494515,979545.6904211008,1054919.424156678,1076511.7450059245,1248100.7511501175
2023-05-30,939853.2793113434,975641.175105749,1063272.2284957804,1082818.1084774714,1247423.9013249148
2023-05-31,935178.4915278063,974542.6894123324,1043141.7074830419,1063777.4468302072,1244196.9228650334
2023-06-01,943396.3933495979,982292.1509809243,1053395.9673301678,1075946.8283262153,1254176.1300588092
2023-06-02,950585.308464693,991723.7523148435,1059106.6646590452,1083358.9713688733,1266135.5061153744
2023-06-05,955391.9764130816,995440.0541019909,1069556.574467482,1091416.0439013492,1266457.5592710637
2023-06-06,955298.2562220811,993680.9974746556,1073079.1426123485,1099005.4284877002,1269845.8920774157
2023-06-07,937623.7766683442,978801.3861377689,1028479.5906876834,1054751.7518548893,1256662.6842959335
2023-06-08,949010.8376588429,989497.6800998397,1054775.3940072113,1082345.2496095386,1268254.4258854997
2023-06-09,950777.8115549765,989842.9378058678,1062504.0803163145,1091408.8417857408,1268257.1028826365
2023-06-12,968573.4090080432,1004383.9077043266,1096144.4151226175,1126167.8493166878,1287500.443987485
2023-06-13,977109.4402625153,1011476.8138150912,1103937.3025199983,1134463.388809652,1298002.6373606331
2023-06-14,980725.3513597079,1014399.5275507334,1113177.6453689947,1140611.5534022804,1301880.7214944789
2023-06-15,990404.4772536234,1025876.7990102712,1116289.5577554049,1145154.5769414247,1315880.6303657866
2023-06-16,983955.8964307017,1020604.1306656036,1101884.0798188115,1132151.397151679,1310172.7807477606
2023-06-20,976202.2642704262,1013689.8382257981,1095713.5605016022,1126841.5791839513,1301673.3925031847
2023-06-21,963397.2559892336,1005062.7455733174,1059068.7695953385,1088912.6221589313,1291316.5468733308
2023-06-22,967785.2412749213,1010245.3858978917,1058759.1749804555,1089515.9128123124,1296036.8469225701
2023-06-23,957319.942964914,1001006.0149384188,1041189.0574791044,1071565.5875071334,1281976.348088006
2023-06-26,955371.8354437423,999830.0961382419,1025805.491207528,1051168.7815884175,1279102.7612678125
2023-06-27,976521.697274078,1019312.2358856548,1060055.8141751182,1085256.422233069,1302078.816298419
2023-06-28,977570.7689070384,1020195.647527193,1060540.059150948,1083307.5823836478,1302574.6636526932
2023-06-29,978345.9429912043,1021552.6122165648,1061719.6706450828,1084703.024965083,1303368.714041572
2023-06-30,989844.8712790954,1033450.2951021425,1075679.3430450622,1099773.7544717079,1318385.58562512
2023-07-03,993459.5449526118,1034191.6565710428,1088367.7178292815,1110727.325051852,1322955.8272124608
2023-07-05,988567.6833316386,1028931.788655199,1083883.2291662327,1103806.7524986851,1319441.2572446635
2023-07-06,977134.9163020465,1018937.9786979305,1065303.9893345202,1084987.546207661,1304336.217554991
2023-07-07,976192.3360917974,1016421.6749350522,1067995.8205649038,1086785.6610950215,1301704.6491458374
2023-07-10,994054.9412595663,1033439.5644207802,1084634.004780412,1102057.0202364458,1322607.649239152
2023-07-11,1000863.3087196569,1040337.9105308483,1096336.1001437383,1114384.2991276204,1331611.586815622
2023-07-12,1007461.2846749482,1046717.208676205,1101780.1548807037,1120148.2105795648,1340232.2115411442
2023-07-13,1023495.8588153585,1059443.8933588453,1128458.0155588419,1140637.3442436936,1358804.838429274
2023-07-14,1021121.1285518255,1058927.5054447532,1122605.765963688,1135440.9807020663,1355824.2853517758
2023-07-17,1032818.357626428,1069067.9774998804,1135996.3633377778,1151805.5829936967,1368876.0760366253
2023-07-18,1038833.3865639078,1074850.7951224167,1149351.6592727068,1167263.6451374742,1375426.016651126
2023-07-19,1036830.9220704272,1072646.0827289987,1144441.8781227863,1160790.144140827,1374397.4330129186
2023-07-20,1018550.8865887966,1059458.4383403216,1114018.076243484,1134683.3793709192,1354166.4414535214
2023-07-21,1021345.9535415261,1062617.9993554736,1112351.1572905292,1134458.430286411,1358804.3221365921
2023-07-24,1020614.0449321615,1062380.3334426836,1113026.203863085,1136289.081103912,1357352.2245650527
2023-07-25,1029857.1109779174,1070368.4531074143,1124525.4118251142,1145904.9633981315,1367440.940738666
2023-07-26,1026202.336936051,1066619.0900656888,1133445.1500029913,1155942.8410835867,1364597.1646422902
2023-07-27,1022581.9560239041,1062183.182939547,1123055.506532694,1147540.8583823338,1362634.8069590647
2023-07-28,1040125.7258922728,1076527.792681932,1150188.466608942,1172560.3591260924,1385004.5756577365
2023-07-31,1044973.4722960995,1078687.3782428296,1156251.0630023752,1179357.5591758217,1390695.2050627393
2023-08-01,1042223.5159529288,1075903.2182930557,1147083.356887636,1169569.5414578603,1387360.2271792814
2023-08-02,1020330.3345194353,1059305.4107658593,1118930.6853393682,1150945.676209954,1359229.119768942
2023-08-03,1016587.4134600194,1055135.8165934645,1109307.4305740942,1144528.411515768,1358437.1492973135
2023-08-04,1010037.6936399932,1048240.0961356721,1098908.1075861193,1136902.3135021783,1350383.6283595802
2023-08-07,1018063.1079391703,1057569.0498833165,1094977.2645418616,1135015.3533817756,1362178.9214867551
2023-08-08,1006987.4894629311,1048200.7997848507,1085864.1944123537,1130302.0884058776,1347035.5765126508
2023-08-09,999152.3504131499,1043097.1832596249,1061270.353057855,1113393.1101523263,1339370.5434987831
2023-08-10,1006349.7097548351,1048256.9919558425,1068035.0445526612,1117472.3310478877,1347924.6801335611
2023-08-11,1000910.4967103598,1045810.078288915,1070372.647657877,1118447.0476270365,1341645.50446897
2023-08-14,1010647.11834777,1053550.4808297178,1072655.8687823105,1116727.672387452,1352681.0568186932
2023-08-15,998508.995754517,1043299.6982910103,1060646.7924721977,1108584.695831143,1336654.6154589106
2023-08-16,989476.8867799991,1036101.6862016385,1051214.954550773,1101957.4180248876,1324682.2828621692
2023-08-17,976735.7583032164,1024317.9924007757,1041684.0232506532,1094919.9150433762,1306847.2553920678
2023-08-18,977069.2236865327,1025461.6915208367,1037255.6143005532,1091917.6285883877,1308386.0688901355
2023-08-21,986910.770844725,1032429.091057257,1044945.5832741753,1098632.9743214727,1322868.4699154557
2023-08-22,985791.5382558384,1030931.3059586647,1040636.6750285208,1091476.5246803144,1321984.4022251568
2023-08-23,999063.251748611,1042626.9349868023,1053354.669069432,1105030.9834768276,1340438.9534530425
2023-08-24,980366.8848843502,1027402.6590635119,1035861.6485156792,1089994.0447977278,1313702.5152622988
2023-08-25,988422.9667501474,1035255.0315375738,1040256.1831163081,1095444.679497988,1325200.6716641455
2023-08-28,997353.333515085,1044485.5095522896,1051145.3026151978,1106850.481712617,1334887.4987005417
2023-08-29,1016235.7235261212,1059242.8505213144,1062410.5368448454,1117619.8583941753,1360194.51928959
2023-08-30,1024029.2411536222,1064158.6089841365,1072369.9249925727,1121232.764706905,1369247.518782335
2023-08-31,1029108.6228438627,1067217.0735145342,1075805.9292538073,1121686.0724341213,1372670.313370197
2023-09-01,1033570.2747958358,1071613.235845275,1092301.6863310395,1135422.761740146,1375740.3863077443
2023-09-05,1029565.1470177924,1065019.299071441,1082820.2131196745,1127214.0221123951,1373306.2510273247
2023-09-06,1029369.2071447,1065299.986002278,1082225.312559508,1126112.463782579,1371109.9595976504
2023-09-07,1025313.4465483305,1064038.4703867075,1065382.2884963267,1110807.019302219,1362751.8371492322
2023-09-08,1025699.2414038855,1065066.5630949696,1060631.3308421774,1107754.5043878702,1363247.3636200503
2023-09-11,1029762.8880941344,1068043.1095913763,1070316.8641561663,1116196.6250102925,1374956.3322827257
2023-09-12,1021915.6523147231,1060944.8810713291,1062912.449411944,1107763.6344449779,1364287.2772726994
2023-09-13,1021275.2053950399,1059888.133918881,1053406.719458257,1098848.9128361323,1364326.9209535222
2023-09-14,1030052.1822833987,1069406.3069487999,1066745.8279506285,1114096.7391242809,1375170.0592217757
2023-09-15,1013100.5088155069,1053273.7942160424,1054704.3769479247,1099121.3673555772,1352640.9174426463
2023-09-18,1017024.6295820386,1056922.766078266,1061435.1314589537,1106530.2645132444,1354255.101603425
2023-09-19,1009121.4648082196,1050992.3465162548,1038136.2258919879,1083824.0018150923,1347020.118517158
2023-09-20,999775.3371491306,1042531.9312460066,1026346.9304170334,1075237.6352143008,1334746.9457157385
2023-09-21,980675.6140312012,1022775.7581108378,1009692.4886792584,1055106.4485386526,1309609.9704038855
2023-09-22,981612.6322565504,1023625.0086346612,1009783.4445396423,1056271.542713382,1310989.7578445782
2023-09-25,982563.8277666562,1024927.0340566947,1004846.1573794878,1055156.5018642873,1314661.937811836
2023-09-26,970669.4137999081,1013043.9098065607,995665.4658653324,1045990.381869607,1298325.8593408829
2023-09-27,978388.2343267014,1019807.6987444651,1005588.0544809342,1055962.537088917,1306015.6542930633
2023-09-28,986082.6480378573,1026180.1719433166,1007107.9125604273,1055055.8792996667,1317696.7732011417
2023-09-29,987635.0692178274,1024962.7716271938,1011715.9790712076,1059368.787549286,1317428.1770296516
2023-10-02,990272.8245888369,1027375.0006868611,1016759.7232408131,1065709.760595004,1316152.875258625
2023-10-03,970356.797359109,1008697.059075316,978886.6658501208,1025565.1538214561,1292423.1172370228
2023-10-04,980835.2730374073,1018819.8477348301,993042.290839283,1038640.904422589,1309020.677428449
2023-10-05,979634.0836228838,1017903.3479332497,999373.9372963737,1046827.363056414,1302383.156055894
2023-10-06,999167.1884691416,1034579.1652691292,1018694.758391216,1062802.060101672,1324856.687558314
2023-10-09,1008910.3952666478,1043040.1507701279,1029981.4590818714,1070079.09003017,1332469.339345225
2023-10-10,1018004.803373474,1051722.9071673828,1041440.8046733654,1081050.2336009382,1345073.4402213106
2023-10-11,1027954.2476763059,1062273.479727158,1053085.4437040356,1094094.9201550332,1349137.7404554011
2023-10-12,1020549.801593343,1056314.7259206618,1044152.2760442838,1085375.695305116,1336668.8215757313
2023-10-13,1013714.9416193387,1051128.8124435015,1033010.7575378007,1075164.3655727766,1325631.6828971994
2023-10-16,1022212.2048959262,1059372.980956029,1041682.8817412625,1083986.008896241,1341929.8409155821
2023-10-17,1021384.4048087008,1057330.708376023,1047868.776990173,1088424.2583801742,1343450.2688552542
2023-10-18,1009653.912448033,1045194.0453097901,1036316.2286784706,1077456.0720474082,1325848.5361822103
2023-10-19,994022.7928960295,1029801.9481051405,1022702.9527963955,1062433.8478337056,1311242.2788841845
2023-10-20,977451.6772269906,1015056.0140416112,1006246.5696300269,1049385.8972656638,1294247.250886241
2023-10-23,974880.1878144457,1011196.0354654329,1007691.9154449432,1050219.0202575456,1294362.3730492885
2023-10-24,987828.6218399282,1023926.1973843372,1030475.5506751148,1067067.2811344187,1311506.286848055
2023-10-25,962563.8280806139,998662.3606813549,1011755.7272412122,1048342.725840479,1279352.9522485822
2023-10-26,947664.0340415093,984459.7571825067,999178.8339152795,1037351.0268662516,1266443.458100825
2023-10-27,943497.3299799082,978076.6006368034,990495.2717550483,1026151.5172231073,1263417.9742683307
2023-10-30,954009.9239628525,988441.757147211,993383.8269224516,1028066.0241615368,1272621.6351442116
2023-10-31,958768.0282117936,994368.5939682022,995404.4948993622,1031203.6030286426,1284736.0117530918
2023-11-01,971325.1863203621,1007516.2415377181,1010559.1766263283,1047506.206087758,1301129.8812589357
2023-11-02,993202.6292842161,1025840.8956386723,1024283.1263453099,1059991.2556606568,1333845.1093033706
2023-11-03,1005632.0527336872,1037158.1569441269,1049481.021780713,1082016.2356933649,1354388.139143387
2023-11-06,1006854.9855192498,1039674.4580127955,1040221.060562701,1076337.7759445682,1351322.2021303275
2023-11-07,1015158.1842780832,1046570.8304053874,1052088.2195086617,1088032.7833529986,1364018.3756050095
2023-11-08,1018545.0167588304,1048565.6584596504,1050987.359594136,1089962.6934214798,1361825.50241955
2023-11-09,1011556.8255559356,1041297.1064539063,1037573.9906496283,1074161.523155236,1351030.2778954436
2023-11-10,1036112.5837888778,1063700.142198685,1068190.7211998275,1103016.0485074173,1380848.3521754534
2023-11-13,1035456.4246709056,1063404.902650333,1062473.828387641,1097084.5200281916,1379376.3596785055
2023-11-14,1054555.7860125978,1082134.5289207776,1084260.985842884,1119777.2643528641,1412895.1184480025
2023-11-15,1051670.5672355124,1077662.4457819567,1087176.5796161338,1116001.1318933119,1414806.2552798258
2023-11-16,1050772.299976251,1074524.5093578943,1079507.1576264168,1111012.884659437,1409861.418207848
2023-11-17,1056157.9971197445,1079007.7932002903,1085703.4020164055,1114629.5676446795,1415623.896751306
2023-11-20,1070009.8919488415,1090402.4057339728,1108984.537938678,1134960.5861648796,1431961.6779451713
2023-11-21,1063635.7253440842,1086361.6085780703,1093772.659636326,1123199.4965365932,1424187.9778068406
2023-11-22,1068884.428700955,1091387.3525080401,1105749.1756605008,1134622.254110461,1429447.0251530109
2023-11-24,1071323.7096110533,1093476.0125246153,1110821.7839258353,1140219.7473144848,1432636.4684604509
2023-11-27,1069782.492264293,1091825.7520241616,1109561.626287295,1138783.0602932756,1429896.5576372482
2023-11-28,1070558.7385136352,1091459.0531356689,1112552.164778659,1138467.7513536331,1431990.8411980122
2023-11-29,1075598.946942504,1094184.5039649024,1125032.576901249,1149430.9843054235,1438273.3450175193
2023-11-30,1076839.1073454618,1096772.1125427152,1125506.86506114,1148209.923000234,1440232.0987174788
2023-12-01,1085386.6377243102,1103923.6524740888,1138479.4487001507,1157573.9185565405,1453369.238056415
2023-12-04,1078884.336679432,1098750.3972762348,1136749.7025257405,1154371.209625755,1446629.1848134848
2023-12-05,1074774.3413758266,1094833.0984329013,1141506.2978507974,1156162.763734159,1439558.8096263504
2023-12-06,1071030.649807976,1093587.5405160766,1130076.5311214165,1143964.4891166575,1433346.2314926712
2023-12-07,1081753.4534690687,1101875.8378677617,1141334.004157809,1156983.001620053,1445974.4326726298
2023-12-08,1086014.8111597388,1103180.5134862615,1148794.899473772,1161079.1581593254,1451061.7693759266
2023-12-11,1102038.922773916,1120452.196526312,1153431.2922536673,1171509.3397093618,1472437.3546396557
2023-12-12,1110136.4873856914,1129690.368028345,1159319.4874558956,1176418.1701551597,1482045.4429009585
2023-12-13,1127972.6199377608,1146409.26796431,1174779.0993402277,1193819.8251078737,1508145.499785163
2023-12-14,1132109.4172650247,1145937.938168628,1189585.6521724318,1212801.1327052922,1512843.1318957484
2023-12-15,1133552.1851212308,1146790.9986908054,1192960.5969841112,1218025.4263349145,1514321.69536306
2023-12-18,1136458.8035617033,1150437.0587846665,1191079.8123769388,1217576.994364032,1517944.9451983273
2023-12-19,1141412.0326091184,1154476.4505847346,1194411.5640387686,1219573.818794253,1526326.5372697108
2023-12-20,1120167.7997486952,1134618.6788216725,1168523.313333233,1190235.9029919368,1499900.299086929
2023-12-21,1137133.8945550208,1149457.157264733,1192288.5435924751,1214931.5438041056,1521193.325259687
2023-12-22,1140772.409015394,1153456.5939130364,1187923.3427307485,1210792.9090690352,1525454.274481063
2023-12-26,1148112.5311197527,1159973.2677258106,1206573.7850817,1230262.7778285278,1535750.675466818
2023-12-27,1150846.2969113134,1162095.0225089751,1209956.333440103,1232737.537488021,1538883.63519012
2023-12-28,1151974.7732155141,1163172.5617226816,1213560.9081935058,1234113.9486358864,1540130.6846172917
2023-12-29,1145361.719769775,1158665.9934874903,1197253.9243952532,1223271.5923524552,1531673.6188619467
2024-01-02,1127247.2870341032,1142358.6347816128,1167731.0179354667,1191058.3863656572,1509328.2032543272
2024-01-03,1111250.9182150348,1128393.8325619947,1143518.3660865822,1172918.1408113807,1489590.1584930008
2024-01-04,1110625.1664969227,1126761.6814240762,1152404.2332046435,1176833.9844180534,1487412.2852200184
2024-01-05,1111011.009735693,1126861.8423192294,1146305.2247256762,1173804.5468211786,1487460.4954773427
2024-01-08,1133562.4634182951,1147499.4727495213,1167781.2336628435,1199480.4394840982,1515553.101226248
2024-01-09,1134696.7437873138,1149160.1017300182,1169194.2586811974,1205920.7052167428,1515167.3057278662
2024-01-10,1138838.694007435,1153255.8888557618,1173712.6573571707,1210229.1622044337,1520565.2768778298
2024-01-11,1140216.3972213855,1154783.3268619822,1181348.1659136699,1219560.2078468557,1521775.4023207
2024-01-12,1140654.520532471,1157395.6934502835,1173590.702205066,1211705.585013339,1522294.6107234065
2024-01-16,1139175.279211789,1155239.636063475,1182764.1305579476,1220375.7680927678,1521171.4261202742
2024-01-17,1133240.8066794795,1149106.8629905924,1167491.5325381057,1204185.6971312093,1513438.516171427
2024-01-18,1148595.5360381224,1162587.547323921,1186907.4296151192,1218939.793780128,1532209.8260892665
2024-01-19,1166659.176205351,1176974.495571216,1227889.6310067866,1252537.4576316942,1556025.8463101883
2024-01-22,1170841.8218066932,1179497.3736170891,1226919.5803036625,1256777.7218825915,1563355.916978196
2024-01-23,1175368.714631847,1184654.3675806865,1227741.1807950009,1257263.9969003946,1568782.4739977897
2024-01-24,1174779.7144711271,1180436.0032038155,1241767.5089734232,1260462.342309026,1565090.0155764525
2024-01-25,1180102.3136480257,1187782.1805352373,1236503.004961017,1255721.302949874,1570787.410543226
2024-01-26,1175191.4432160198,1185009.2820141653,1230290.4435332983,1250877.505535313,1565460.6870326821
2024-01-29,1186938.3516840911,1194626.7453336178,1255241.5588747791,1274984.615157147,1581393.686405747
2024-01-30,1178937.7990005438,1190713.491768925,1234836.8690016617,1258785.2868341058,1571695.9379853865
2024-01-31,1160259.027424621,1172960.9904977395,1213583.752076499,1235144.8782101113,1547310.2087543912
2024-02-01,1172528.718966023,1186285.7289018065,1231085.3417787198,1256098.9109519548,1564801.4405914196
2024-02-02,1182944.944464011,1194249.6090073092,1269596.3045417478,1304450.6891679615,1573080.9092318644
2024-02-05,1180665.9440951068,1190891.6301688997,1268744.1373023435,1306887.7581662333,1566616.076188588
2024-02-06,1181340.4197110196,1192439.7728757507,1263846.428709143,1301516.4148983967,1575235.8847933754
2024-02-07,1192944.2290242491,1201653.4487698448,1298494.2589994664,1324287.48173405,1588887.7119341313
2024-02-08,1205768.400854464,1210996.423257777,1296087.8039819894,1317563.000277945,1605515.7041622973
2024-02-09,1214961.444548255,1216475.4780188089,1310285.1205085786,1335577.1604051362,1617788.2761346623
2024-02-12,1214728.3650315811,1211239.2889823974,1339782.6175251773,1332211.2342331656,1622801.5680586353
2024-02-13,1189731.1024713982,1192026.4089528539,1296579.5334015961,1311158.7155433376,1590781.902600219
2024-02-14,1207161.3621713456,1204532.6861432528,1336918.6078580641,1345784.4770420392,1612734.620741728
2024-02-15,1217741.5611551208,1211659.395299159,1354346.8854190293,1356778.2502820925,1626599.0471251924
2024-02-16,1205751.3706346434,1202087.5199751602,1329459.612455444,1333961.379683282,1612072.533217486
2024-02-20,1196490.050804318,1198690.9992877173,1289749.9188558173,1299448.331186155,1603618.5261261906
2024-02-21,1186078.8241944427,1192222.8318383563,1230572.8451167138,1203643.077487294,1593861.3674043587
2024-02-22,1220782.212110962,1220622.0458885848,1296269.0547247212,1271110.2924641275,1628634.4817466165
2024-02-23,1218971.24825843,1220350.9554042115,1282116.0032561051,1252517.8201502836,1624316.8828989705
2024-02-26,1229575.6797747489,1225626.8923564362,1310299.088423256,1271058.186712407,1633252.5502224094
2024-02-27,1235308.826158827,1228279.2134164197,1319885.2471063212,1274029.232622965,1640653.7270686282
2024-02-28,1234467.8616881438,1227615.1512932645,1330199.1519625054,1282524.9172345547,1637054.1104523477
2024-02-29,1245664.4345135589,1232673.1453345912,1357414.8754446267,1299518.920551118,1649197.5725215923
2024-03-01,1263857.1765840845,1246978.7618159433,1395591.5531368244,1340435.5394965378,1669098.303054245
2024-03-04,1266220.4588922216,1246442.0803298517,1427604.3663318797,1357473.0500574212,1666234.0316650313
2024-03-05,1242742.1735789909,1229759.8080148625,1379733.5330760635,1324181.7011652554,1638561.9526865033
2024-03-06,1258998.4265978641,1238967.5179237265,1443761.2924951084,1371393.245186423,1655820.5441254117
2024-03-07,1272018.1634680985,1247298.0078822835,1473725.374924713,1396499.7268718434,1672945.6377253146
2024-03-08,1254903.3966086926,1234296.4826172583,1458269.3561627863,1382416.2344826295,1657286.5060389205
2024-03-11,1246183.7205614252,1230531.5005048073,1430139.2982693163,1352476.0730051901,1656526.450150728
2024-03-12,1260728.5978619352,1240652.178538119,1459003.806824048,1369303.3505832227,1670416.8639220987
2024-03-13,1254217.4802683908,1235235.4293920854,1469454.801954486,1359621.857343956,1664500.6940244567
2024-03-14,1245002.2036064954,1228967.79725443,1449988.742105813,1346165.0899837238,1652253.466750754
2024-03-15,1238347.8890568998,1222755.002821117,1446022.7086419603,1337751.7490555474,1639946.7529798523
2024-03-18,1240714.298062047,1225048.399466104,1448301.8843884,1352559.7780322211,1650393.2628675448
2024-03-19,1241708.3414888948,1229498.463922731,1441031.2612719694,1354280.9889921949,1652000.9653144795
2024-03-20,1259260.9823512777,1242746.9011054698,1486244.0782950248,1384591.5083316474,1672717.7850537403
2024-03-21,1273897.4921664782,1252472.9637445298,1505792.7039942865,1402712.1959896346,1683945.661780903
2024-03-22,1269558.286252414,1248076.25828291,1507030.9634391663,1407358.7478514805,1678427.1055404048
2024-03-25,1271834.0350736221,1243191.039111751,1565124.8475498843,1430122.2545831327,1679510.8520750667
2024-03-26,1270850.5527997569,1241882.5261476748,1547870.8539742182,1413455.0894179025,1679357.9610425783
2024-03-27,1277429.3708830546,1252189.945405859,1539720.7443714899,1405015.1950418528,1688834.3112272436
2024-03-28,1274498.669058352,1251852.1415793356,1520857.3487416103,1400391.2711296594,1686061.2285019676
2024-04-01,1273258.8820458464,1248608.4041030183,1526926.303535028,1408613.392465041,1684372.757851145
2024-04-02,1260344.875124201,1237443.9197521661,1512888.208141966,1398874.189251044,1667768.397128817
2024-04-03,1267902.55460753,1241865.6221660695,1540909.6967921585,1418310.7075190232,1671749.8813201361
2024-04-04,1247435.1302575425,1224720.9204350829,1508924.5362947658,1387466.5073302034,1647627.472702365
2024-04-05,1264542.8906159191,1240805.3964967048,1528529.5642697886,1416029.427779931,1663984.065533077
2024-04-08,1267481.689260845,1242427.6148550734,1540395.5991200097,1421752.6892218222,1668895.4503968055
2024-04-09,1268063.2777676259,1244193.9531940902,1524706.9664031272,1414232.5344120138,1675276.7862423405
2024-04-10,1256988.790694582,1232754.3112062272,1542694.3358112313,1424844.3795906478,1655799.5792366536
2024-04-11,1271631.091538263,1243358.5018082093,1562730.6940038768,1441091.6100236143,1672310.40805515
2024-04-12,1248040.4012709372,1223317.0722273183,1523056.5263851346,1411259.5822069412,1640793.4701686476
2024-04-15,1228022.1973863423,1207627.1386248146,1479302.7317228697,1383210.3765393721,1616406.2936587525
2024-04-16,1228711.7368158372,1208153.4056817775,1473689.2825377276,1380938.4948397418,1614736.8118261697
2024-04-17,1209639.1331092855,1195952.5461256548,1458401.2532717017,1370820.4875197737,1596592.7173441236
2024-04-18,1200412.1839973915,1189141.6887903032,1446602.354761709,1363098.583664192,1586301.2097114376
2024-04-19,1180828.3030033277,1175836.9496547708,1439155.7530525215,1364174.745301673,1568041.087744662
2024-04-22,1195592.645485891,1186984.5730296145,1454317.517864553,1377242.0024521966,1586031.1216422261
2024-04-23,1213806.2490524345,1199482.9467338852,1468445.2124457294,1382473.5009129767,1608825.4646465417
2024-04-24,1217578.93869262,1206642.759255929,1468673.6395480651,1388888.5991632645,1614480.8786750871
2024-04-25,1216053.4737983802,1204866.6864995817,1468550.3992505686,1391813.382460707,1610602.263878458
2024-04-26,1235239.7140041178,1218831.521323538,1514843.1188328103,1427997.2509338346,1622278.265794972
2024-04-29,1236105.103236259,1222267.1363571985,1497083.2900216791,1417440.4673122864,1628366.7351557321
2024-04-30,1212330.2113547758,1203204.034813387,1472399.2883818287,1400105.0066665797,1597042.4598037922
2024-05-01,1199980.9326381837,1191481.6704295294,1446250.1150640717,1367005.6524200188,1586554.6532100104
2024-05-02,1210013.6781856935,1199846.9434444048,1458457.8257402547,1374484.45478952,1606480.2438454523
2024-05-03,1220552.589130301,1210411.6217950457,1474187.630157897,1392608.8240150958,1629056.2075249013
2024-05-06,1232699.734651288,1220990.2839334188,1473958.3160957347,1394228.968462603,1645450.4597921574
2024-05-07,1230932.4340639957,1222859.4418720785,1466909.6476169308,1393250.9640443968,1643717.3092520735
2024-05-08,1229702.1843078937,1221077.505052538,1470360.0301531604,1395203.6720270326,1637423.3409690098
2024-05-09,1240993.3823503463,1231445.9177869186,1478879.7411998997,1405747.360383289,1644027.6053904174
2024-05-10,1243216.2775303116,1232103.7036793034,1478638.0786467202,1405647.3149940106,1647044.340343844
2024-05-13,1247984.6973472307,1234368.1677567137,1482787.5619514314,1408171.6039146534,1650500.7217412773
2024-05-14,1252674.0072145113,1237403.6526574336,1486402.5929480272,1415521.184866362,1657602.3518020022
2024-05-15,1265676.7710713653,1247318.1960982387,1511320.2402842087,1436446.6316209568,1679506.6590247906
2024-05-16,1265354.7149756362,1247860.1635958026,1505186.338038319,1431225.457508384,1679130.453503509
2024-05-17,1264143.7263899215,1246327.2948368245,1508568.8123692393,1433861.954807431,1678621.34613117
2024-05-20,1273177.383803329,1252024.1815581955,1525479.3657884626,1451003.240205442,1689598.5508313964
2024-05-21,1275453.4554293503,1253493.8475213419,1515881.825307076,1443388.0543840965,1686092.2158392093
2024-05-22,1274697.6470845172,1254553.1952995912,1510055.8998504458,1441537.246224307,1685477.639862874
2024-05-23,1265551.6536906562,1243302.715731922,1495895.7835616565,1423268.2928961872,1669650.0768177547
2024-05-24,1274959.344024249,1248323.2835524161,1519653.1378379695,1445652.210578732,1680749.1873801132
2024-05-28,1273495.3618882352,1244474.9975423866,1519374.273067793,1443272.9944486606,1695449.6136926562
2024-05-29,1261905.8213079711,1233983.506933669,1514044.4254507376,1418983.2153263367,1680495.540400893
2024-05-30,1257531.3448902857,1230722.6646318275,1496379.9314458533,1390209.5094058274,1674242.227121241
2024-05-31,1259406.0884520675,1236507.1465463755,1485677.3753968359,1385419.5370351062,1680660.435927479
2024-06-03,1258993.522157128,1235210.6744734773,1496006.6262392483,1382665.7998072847,1677706.5158519878
2024-06-04,1260555.330816231,1239530.5974533877,1487620.2430376154,1366110.3821817136,1680292.9560167212
2024-06-05,1287308.8879610253,1259664.1646757396,1539551.0340965907,1415367.6629655354,1707622.3845607662
2024-06-06,1282704.2596197692,1257285.2347888132,1531987.7925270228,1409367.0755893602,1705723.084038205
2024-06-07,1279267.811050809,1255075.9599257857,1513800.0362857727,1393660.4437827591,1701973.5707982124
2024-06-10,1290462.9408377109,1260470.827969035,1530928.1735845003,1400403.3027638355,1712740.6040674297
2024-06-11,1294178.0716870131,1263558.8518686658,1539523.9497661921,1404098.4918575387,1716172.1010678094
2024-06-12,1310578.1746410015,1275236.1553788662,1576252.7628888136,1429526.2310527386,1731101.1871343867
2024-06-13,1309068.7060253462,1272420.830448012,1573812.422001355,1433208.7703994093,1722153.700344002
2024-06-14,1309457.4617039552,1273265.8887510782,1582783.3143935564,1432110.6503997543,1724708.5220769073
2024-06-17,1325537.5821855366,1287523.5886680305,1616093.4017002694,1465485.2155258204,1743551.5293712758
2024-06-18,1331783.1647720933,1290703.7756952154,1643603.6728683328,1492332.2518431619,1745093.1638894198
2024-06-20,1317507.2534642606,1281670.6018689189,1578513.4338279206,1430392.376347895,1738887.7757720156
2024-06-21,1318984.269834472,1285177.4317350269,1557709.730151459,1400747.5095101458,1745037.2158171812
2024-06-24,1313787.1279020752,1285356.1158112693,1501986.5608684847,1345905.754626621,1743106.6301237647
2024-06-25,1331418.53331283,1296325.1414879917,1539667.65231776,1356958.8332910317,1756920.0692588699
2024-06-26,1327339.8364977476,1291744.4447328472,1538054.5896551926,1353198.0740370033,1751091.8719576164
2024-06-27,1331035.593129131,1293466.1878397276,1543047.3571179456,1354519.8117294954,1758376.364039913
2024-06-28,1326704.9520503376,1288029.9079218935,1524179.1149986533,1344525.4793443512,1753958.9267387136
2024-07-01,1328007.9683653417,1286076.811802341,1528718.955307998,1347360.1512172183,1750157.3101914665
2024-07-02,1338551.6440670863,1295636.2966934815,1548290.1189634386,1364255.8162140062,1763958.7540300125
2024-07-03,1343467.9698836647,1296782.6069810388,1574514.0421297809,1383238.6041541381,1768805.3661834854
2024-07-05,1357470.0936387044,1308966.630835375,1621156.9704369998,1426325.471993248,1784038.8251666864
2024-07-08,1360793.1780421736,1309833.4387003703,1637405.5501013573,1438237.7401489068,1784535.0542731148
2024-07-09,1357088.5999192686,1305675.2747450857,1637968.995177751,1437310.118382919,1779165.9710787844
2024-07-10,1372357.2814645593,1319104.3447239746,1667306.4522633236,1463200.3722269866,1794095.8237378392
2024-07-11,1352916.4757373054,1304282.7043314413,1618996.504245029,1414410.6212351555,1784119.26747437
2024-07-12,1365061.2610701385,1314665.0767005223,1642843.1505015069,1437054.6696558367,1800763.8738514564
2024-07-15,1372047.5367178586,1320997.2725820031,1652785.2720720756,1449305.3130881772,1809535.3672539934
2024-07-16,1379153.0259229955,1330606.7013802978,1651395.4543176147,1449325.796883351,1825629.9631207266
2024-07-17,1335491.748192755,1299178.2617635657,1582198.0207178625,1399662.7199682489,1784822.6497724284
2024-07-18,1325009.4448083348,1289202.6695017347,1570903.8554754558,1383749.6987883768,1770499.3113758967
2024-07-19,1312974.5261841132,1278952.9915918307,1548827.8401945932,1357943.8546346736,1762215.8736725582
2024-07-22,1330408.3702009583,1292775.0398439022,1554155.9476986676,1360807.496447018,1781474.8897996743
2024-07-23,1323819.3056493949,1285641.6621598941,1559522.1687964308,1362090.9500065087,1769276.4698978455
2024-07-24,1286095.645125984,1257927.8917898664,1490271.717849999,1315233.9092220208,1727573.9877504678
2024-07-25,1278884.4147833972,1253602.041912467,1501737.947092815,1332034.3858569819,1716410.8744598886
2024-07-26,1294655.424982991,1267676.5843218958,1528913.204354345,1352355.8193239963,1733154.6201804678
2024-07-29,1296289.0429315302,1270045.1653487347,1543913.0452568827,1359231.170589976,1735412.6492566483
2024-07-30,1285624.2387138836,1265822.0836707035,1540487.160646225,1358962.9526514688,1721027.7477252579
2024-07-31,1306922.0314653928,1276025.4326221198,1545090.029767434,1359880.2206953894,1755558.945069996
2024-08-01,1283559.8717461305,1264540.72381734,1544614.4413788528,1373317.7921965613,1717824.2836120722
2024-08-02,1250359.8571263037,1239535.5317598374,1511991.5300718052,1347314.4721776354,1674793.954820091
2024-08-05,1216351.7197479873,1206617.2705992889,1474830.2206305386,1312430.3811443525,1637124.6304443663
2024-08-06,1226572.4108256758,1215193.4467390003,1470536.1836435264,1309674.2843091637,1656319.3189679987
2024-08-07,1219688.1331402205,1210417.7293463594,1462902.5297138912,1308797.8366682776,1645967.9293407674
2024-08-08,1244088.9234266267,1227546.9947548814,1481182.6266694183,1315714.16396714,1696537.4173400577
2024-08-09,1247465.3633034746,1230502.0465470103,1483659.1428620485,1314788.1496386908,1700861.956331184
2024-08-12,1237837.8081013733,1222197.393372521,1472950.7311770057,1304213.337481879,1694357.5489534675
2024-08-13,1255969.0370623346,1237114.219164157,1494093.0449335668,1321412.0042801548,1731450.0519638644
2024-08-14,1255648.1451183606,1238569.509684877,1490003.2701741627,1314050.3780399133,1732502.2767443212
2024-08-15,1270163.7045341383,1250962.7670689265,1510157.6386613382,1329436.1130645808,1769594.6942808842
2024-08-16,1274852.703550298,1254288.4385751481,1519373.9990531118,1337369.1071874448,1774143.0751457547
2024-08-19,1286325.7093885883,1264744.7640701237,1528390.850749437,1348376.4393053548,1794477.4460668417
2024-08-20,1285695.644721894,1264305.2733624454,1527363.745145048,1346286.0389435904,1788713.169835922
2024-08-21,1292670.0647900351,1271151.7111881555,1531650.471462782,1349573.7512056588,1804997.811520824
2024-08-22,1286835.9922328503,1268508.5492370753,1518232.3303786227,1343289.6965780433,1782106.5732683432
2024-08-23,1294623.959357675,1274719.418897106,1528762.553479253,1351910.4901230538,1803071.5772364577
2024-08-26,1285965.1005374643,1272737.8681250028,1523301.631360629,1350800.3932201709,1787239.443874468
2024-08-27,1291247.5766119258,1276596.2925405318,1534277.204531383,1357718.986546371,1792136.9611901771
2024-08-28,1283723.795532979,1271730.5519720758,1516902.343103584,1344682.9337196997,1773558.854344171
2024-08-29,1287725.8116547419,1273771.0169096463,1530418.2487434896,1360167.1674015054,1782383.9015609785
2024-08-30,1292359.5413628544,1279222.7445431342,1527583.3891298657,1357127.5231070626,1800701.432346038
2024-09-03,1276076.60927093,1271265.316303052,1475899.2461147103,1314458.5074721486,1753998.3031911233
2024-09-04,1278080.9314043585,1274509.0780289087,1473274.0356225464,1315018.4924513025,1750751.0478148432
2024-09-05,1270931.4484313536,1267303.9255995597,1469834.7285695116,1310726.1765599577,1741902.15065871
2024-09-06,1253823.6320946147,1252762.2262047566,1448529.5377640896,1293238.352319504,1708451.9934236875
2024-09-09,1273876.3494829908,1270889.4289105267,1482465.0039645887,1322075.74031187,1734719.2916484894
2024-09-10,1278809.1868567667,1274829.2021817463,1483103.824942859,1321713.1277305752,1740690.0662693437
2024-09-11,1291116.5035116796,1280859.523159277,1508783.5381997204,1344731.1841040934,1765903.9659694533
2024-09-12,1303539.826564456,1291375.4060027744,1534053.714755597,1362507.6094475738,1779111.2062192594
2024-09-13,1309909.8110153638,1296355.1851064032,1549706.3053713623,1372217.9209033241,1796430.7081368896
2024-09-16,1311753.8244976534,1299838.5466613185,1548542.574656553,1375252.882874216,1797652.939442731
2024-09-17,1306260.6861810084,1292230.5829584384,1558178.53738791,1380979.7539197742,1797345.9294891781
2024-09-18,1302336.9002805036,1288320.0075829825,1554277.6377574562,1376033.665598872,1790582.9232515928
2024-09-19,1321280.1909772863,1301698.0441028196,1579113.6236576396,1394869.109415285,1828121.9529261626
2024-09-20,1324331.2644543017,1302471.9942286473,1575383.975791519,1390085.9942823383,1825227.17201349
2024-09-23,1328179.9059009843,1306030.6575087935,1580922.733043587,1394519.376342342,1831258.2632062554
2024-09-24,1329281.6450450656,1306210.3054729283,1581429.8374203066,1398194.7777352165,1837874.2838631908
2024-09-25,1326769.6980775623,1301598.8958546037,1591684.6322415676,1403401.8433933414,1834170.7624108186
2024-09-26,1334475.5277362326,1308624.929551491,1595001.9577923932,1408549.7073896069,1854544.3362402073
2024-09-27,1329944.7751340799,1306077.660748017,1600629.2160825178,1406825.3468539645,1851665.662527256
2024-09-30,1332847.9075636067,1309627.0138663035,1592028.6275205414,1396830.9986382376,1851798.6072396727
2024-10-01,1320130.7250627757,1299535.6368284943,1572636.829310154,1378933.5624362095,1833732.54431717
2024-10-02,1320565.7653391662,1298261.2564613319,1574541.545644683,1380806.208576803,1838901.34268697
2024-10-03,1318188.3372009941,1293180.4891561668,1582599.6900384717,1379812.842704365,1834485.603292608
2024-10-04,1333430.4032641202,1302681.5903004243,1620288.3747649216,1403688.1871476786,1854995.331639506
2024-10-07,1320712.1216050081,1288856.8870682449,1612348.780335562,1393512.1939854391,1837540.3461191584
2024-10-08,1337294.437261836,1303298.0079419473,1644675.8506407647,1420227.8748131231,1858985.048008849
2024-10-09,1348641.531381429,1314558.7538345533,1637147.0997730994,1423457.5373578183,1874725.1805864507
2024-10-10,1346496.3655718772,1311583.576832672,1627619.3363095145,1415407.4208289036,1872300.3755168978
2024-10-11,1360776.80618205,1324305.6386805426,1668167.9955271748,1439307.4130890009,1891437.323019544
2024-10-14,1369782.9210899519,1333145.3670640755,1647310.1434105753,1430641.867217387,1904160.0165662533
2024-10-15,1351998.4744396908,1324614.9437231494,1598643.2706934733,1397667.8433456447,1878109.4859399518
2024-10-16,1356404.9952726609,1329816.5077736375,1620365.9459097919,1410602.4115399404,1882005.1641257575
2024-10-17,1353149.8741296174,1327121.915077966,1613958.9398482565,1407061.263738888,1878522.3523398633
2024-10-18,1363829.3317820062,1336167.4289536057,1639143.309968084,1422548.409327667,1891994.318674825
2024-10-21,1361001.2580753695,1332566.5696630746,1661171.1953090373,1452490.5336415216,1884231.7498716272
2024-10-22,1359252.443352199,1331685.6565821723,1659314.3445795793,1449183.1386796432,1884672.0906440741
2024-10-23,1339860.880776746,1315900.3121128133,1627963.7281203414,1425858.7329295748,1862190.5800748814
2024-10-24,1349884.036294759,1320782.4524177192,1653269.6106425214,1440310.6888438347,1872698.1006199287
2024-10-25,1355664.0765586994,1324344.2187090977,1663534.7831356751,1449599.8726443306,1878932.6114935153
2024-10-28,1360474.4559924991,1327260.2799784746,1681536.9293212588,1457389.6315504136,1882121.4992509342
2024-10-29,1370225.030827727,1333734.2664767231,1684590.2297074625,1458230.276606487,1893896.2016569227
2024-10-30,1358896.4840778084,1327510.9028350653,1650430.8967430296,1432823.287198146,1881396.5235604686
2024-10-31,1336923.5879833573,1311128.228861504,1618417.9864769361,1406855.3977975792,1850722.193204474
2024-11-01,1344360.1810814538,1317764.5754165964,1636891.6393765109,1429218.976461995,1863226.5623901326
2024-11-04,1341033.4018527167,1317260.8325034683,1627492.299982062,1428401.0435525253,1859308.2312048592
2024-11-05,1360080.6323592502,1333293.3544225122,1660899.9174528725,1457841.701998764,1883516.4088613016
2024-11-06,1408396.3374036043,1376351.396036712,1745140.6842292591,1521551.5525110688,1935932.0111147922
2024-11-07,1432583.2323519029,1396418.2112919665,1834973.8523344044,1591819.8381412404,1967602.451806607
2024-11-08,1445587.9862623182,1406445.3839175075,1929958.8883100979,1689515.0983585368,1980091.8894330442
2024-11-11,1459125.0305662975,1416658.4897447086,2010173.4325974376,1738034.8151043158,1988002.5331586958
2024-11-12,1458307.730891414,1419657.6812963765,2005795.64607359,1740081.9777214625,1983015.298031888
2024-11-13,1459121.6563382158,1421069.1342856619,1998720.834315555,1731347.9939754244,1980098.3872994804
2024-11-14,1446733.7944548805,1409007.8317389926,1962956.516910238,1702237.9492443705,1965889.6799966416
2024-11-15,1420013.0359630163,1380466.5391122168,1967025.3898435035,1680130.0982037904,1924617.6997797259
2024-11-18,1429577.315476721,1389033.519355994,1983952.6135759954,1682673.9833772525,1938678.065980669
2024-11-19,1437676.1392785325,1393668.1385535456,2051547.4000692742,1727960.2964423853,1947063.465140047
2024-11-20,1444417.3401563994,1398376.410863747,2072580.5643657467,1734878.5621295518,1954666.255667802
2024-11-21,1458051.4273835975,1414605.5993167718,2066346.3149408083,1752335.6116694428,1973000.008650572
2024-11-22,1471124.5488471675,1424999.173968724,2111716.096961533,1771848.9844380317,1987032.4420137485
2024-11-25,1474814.7407978293,1428423.3550462245,2086648.1296471616,1747277.882052932,2001734.2251102792
2024-11-26,1478065.990893994,1434973.188250146,2071192.1240371168,1740570.7719662965,2002494.1085367005
2024-11-27,1469380.515989009,1424850.4851606046,2094068.1380688616,1751746.3653440063,1990505.9636737995
2024-11-29,1479201.148290945,1432242.9529636453,2125445.6633254057,1775565.1641966142,2002962.9092836562
2024-12-02,1480308.9611846907,1432711.1458666523,2126418.19318438,1782247.8673229378,2011744.7899662708
2024-12-03,1480220.3297939627,1430211.0544163329,2160535.327327222,1798335.8920057237,2009262.2474488907
2024-12-04,1504517.3723632547,1449400.6328748695,2220594.2560874643,1851285.0155362578,2030696.2370534127
2024-12-05,1492048.3924704185,1439464.9624289072,2208651.363608337,1840297.5975883985,2012911.0207310745
2024-12-06,1501800.3215967454,1444764.8121501042,2268234.5902240598,1888451.3634704845,2023495.0882203337
2024-12-09,1475059.4330616803,1420473.8270873982,2156439.6509948205,1796698.5113336747,2003046.5446663164
2024-12-10,1473577.6867330123,1421799.4048865312,2138695.9802850722,1782236.0989302816,1992393.2230859948
2024-12-11,1494225.1485390866,1434381.494257052,2212832.056808352,1833431.5106596434,2016498.5367309183
2024-12-12,1488493.4238609858,1429709.3411462712,2221702.6793831587,1857497.3644818263,2007391.7019703318
2024-12-13,1480240.7093353805,1419935.5148613953,2264476.940110885,1879124.5767976143,2002549.947380119
2024-12-16,1489287.1924815145,1424877.1726408177,2318699.020322442,1914554.8910353023,2009530.8115908268
2024-12-17,1477691.7527700788,1418064.4678088108,2264230.400004731,1890290.382866837,1998191.9253714657
2024-12-18,1421624.9783074502,1371725.7218689614,2110331.172587577,1764563.566959633,1928713.3867372393
2024-12-19,1414783.5431939042,1366618.04335479,2098452.9667977626,1758036.8601923904,1910657.6351588955
2024-12-20,1433282.4634276787,1379185.8726416726,2174077.751834622,1814423.120957366,1933309.0489071372
2024-12-23,1434145.5759989605,1380010.9691567812,2172655.281773402,1811460.0651069249,1941030.332125052
2024-12-24,1452847.1914900942,1396226.3712047879,2229764.2858372605,1854283.3048212396,1962071.1848904872
2024-12-26,1450972.5234804999,1395515.6708881934,2231211.3886812576,1853013.225152539,1959313.5470844447
2024-12-27,1433401.1033975596,1381758.9026405737,2186411.081305507,1821596.9193456043,1940954.5115535099
2024-12-30,1414204.0657934204,1365531.7194420823,2150867.84702283,1795776.6452299815,1916018.7293278624
2024-12-31,1403925.0585318252,1359055.7990515707,2116959.612707316,1773759.9880242213,1907824.5344785873
2025-01-02,1404598.732575671,1356654.8133674955,2118377.9201885927,1762306.6372420478,1911614.7902602733
2025-01-03,1428096.5643220083,1371931.0869122401,2172004.529227535,1800502.8158485945,1944113.354465768
2025-01-06,1439945.631083623,1379389.9917156738,2177583.849487284,1804858.8954855911,1955011.113677793
2025-01-07,1407764.5478604042,1357390.3479661483,2120011.845924898,1764790.7222828874,1934221.6189108875
2025-01-08,1409689.5865489023,1362508.1074010346,2109192.7285976037,1753745.5481342329,1937296.5945308618
2025-01-10,1386487.8924363598,1343571.8963593552,2077960.2058698162,1727799.7688919143,1906912.8899415187
2025-01-13,1380330.1709180123,1337558.732763872,2061312.7090927607,1718831.4897085966,1909539.451523254
2025-01-14,1384648.8939013635,1339250.2453493963,2061781.4502626131,1715221.349173892,1917880.3898311153
2025-01-15,1411920.9626166676,1361670.6672018203,2115399.3587393155,1755776.9291200056,1951705.5411374252
2025-01-16,1413783.934836468,1360460.8879182746,2121824.6836624322,1755507.7418005173,1957955.407639989
2025-01-17,1434125.053305914,1377952.2671500426,2162109.774640556,1786757.218214169,1982399.056538554
2025-01-21,1448470.1659065287,1392663.6381936918,2177856.2804269516,1799740.5937682933,2004128.024492945
2025-01-22,1472567.4584804617,1413365.7484066172,2230516.1920893574,1822753.241416794,2021805.0892867884
2025-01-23,1472739.618646513,1413877.3341829039,2213899.092446643,1809792.7313129567,2023998.2031345365
2025-01-24,1463688.5628922652,1408120.3026802235,2198876.8745040726,1803883.9572715617,2013877.6450910987
2025-01-27,1406602.3521075873,1369063.4791336935,1980633.0523522233,1656396.9357806589,1988814.880389759
2025-01-28,1419425.8408183695,1375611.0952772936,1999009.064946352,1662129.6020180434,1996457.4837920459
2025-01-29,1423160.220028482,1378420.1668479824,1994093.5530932776,1653005.0505399036,1998100.6078959224
2025-01-30,1452027.8940349517,1401470.5232640223,2031888.9991037291,1676376.2984803978,2020855.2854127416
2025-01-31,1453612.001939083,1401052.668472902,2010347.4582768644,1661261.0634572916,2017333.0863454523
2025-02-03,1452969.021548744,1404120.189637282,2020568.8971456296,1669971.3027672365,2012238.1223103018
2025-02-04,1474429.0045220698,1420518.8441942453,2082087.3690929404,1710230.882802453,2027198.6546119743
2025-02-05,1487548.5638855912,1432096.4510858401,2103961.5815964346,1725623.4726419132,2046931.102543176
2025-02-06,1488687.8141406262,1428790.509757196,2109164.796064781,1722494.4186249264,2052135.7896514218
2025-02-07,1473936.4698860487,1414601.080516365,2085022.7531550492,1705252.9910968656,2037883.2570780609
2025-02-10,1490766.7384405483,1427355.1343169175,2111447.149909309,1721786.8411251127,2059238.0847885096
2025-02-11,1482502.0603764942,1421806.3252028546,2090733.7281422815,1712911.4946092202,2054153.0380705066
2025-02-12,1478837.655131516,1419882.536396903,2104074.3062821724,1721480.599827468,2052656.174196529
2025-02-13,1503936.534754971,1441943.4488717127,2139635.611436643,1748120.9709330066,2083526.5158185235
2025-02-14,1502965.4548354847,1441768.0383995008,2154996.2066116133,1758807.473234562,2088629.9381474648
2025-02-18,1515732.34844253,1449458.6657826588,2167882.572228131,1748743.5093874864,2109236.711624736
2025-02-19,1508700.5512413597,1447584.2310427343,2104258.7493303083,1713486.35074664,2108803.910532601
2025-02-20,1495178.5687900083,1437568.580073889,2051780.1824771476,1676836.1213506425,2096307.4984352991
2025-02-21,1463559.381426224,1415240.692753681,2006642.503716797,1650749.9656131018,2055649.4624194803
2025-02-24,1444559.1114539865,1404731.1925952507,1960570.1720088054,1629005.306187058,2033666.455572424
2025-02-25,1435964.816377499,1403449.698813209,1924943.7456678126,1614194.7444541077,2013783.8942243182
2025-02-26,1440397.9277343957,1402402.2142801527,1919296.6878022822,1600406.1560572577,2019267.429154117
2025-02-27,1410657.5870848258,1381908.2441225415,1889246.2449216435,1585680.8622077026,1977664.5875691255
2025-02-28,1426058.826665471,1397867.9241971904,1907238.7125318423,1605219.8331006493,2003737.1551129061
2025-03-03,1410213.583092159,1387802.8125628135,1876031.978649704,1590942.395809385,1974099.3233311914
2025-03-04,1399564.0467921193,1374755.064269805,1855942.0672890127,1573499.5492092576,1963492.186003141
2025-03-05,1412316.8957277862,1383938.9648124138,1881127.0297113021,1588447.702474516,1985120.7973352887
2025-03-06,1374224.8867416745,1354758.8587467098,1837141.7087922066,1565060.3022298983,1934147.7106563936
2025-03-07,1382953.7899766585,1362026.3924511592,1840430.8359102341,1571640.1812115444,1949522.9963701002
2025-03-10,1343247.212674384,1334372.2150492377,1842364.5541151192,1577653.5217362605,1886474.1034267761
2025-03-11,1334722.0690624423,1319788.2388578844,1801588.5738712389,1544692.3977510303,1879103.5203738487
2025-03-12,1335470.9894083203,1314107.3670073373,1785931.700883199,1529362.6771647835,1889029.0035436593
2025-03-13,1315481.0280495838,1295675.8031234604,1791963.055063147,1537737.5766010107,1859976.5841087082
2025-03-14,1342177.1910045787,1316014.136301082,1797208.569996585,1541436.5478297228,1905820.9117877493
2025-03-17,1364634.9721989299,1335062.231407085,1835123.8180683455,1566832.328176107,1934830.6422388796
2025-03-18,1353112.646705817,1326452.9337236169,1825244.610558111,1557955.6257312233,1910257.218816714
2025-03-19,1359426.2220541607,1330936.400031492,1808367.3346538513,1549424.5296436797,1933677.1897012698
2025-03-20,1352958.177574583,1324844.8320043152,1815927.4482681002,1552579.436723698,1927124.735559827
2025-03-21,1348545.4552571846,1319766.567783079,1801987.4126945117,1547644.085877808,1926711.4244445106
2025-03-24,1357616.123866744,1327241.7529710734,1806404.8179763586,1550920.9608500365,1965242.998239759
2025-03-25,1358759.9017378588,1327360.8737020094,1798184.8933101832,1544183.082008177,1968424.241001655
2025-03-26,1365718.7668798696,1337173.9856378655,1799493.4274073602,1550150.5726712618,1946156.0276682815
2025-03-27,1377103.9760131924,1348808.1334343217,1810268.5748206328,1560439.1269438337,1934261.0379114326
2025-03-28,1361120.429509612,1336181.589489194,1781599.9754168491,1540244.4503601084,1890840.4203624185
2025-03-31,1368042.8085912818,1345573.4339897598,1792625.243661014,1550190.9685272074,1892316.5410023297
2025-04-01,1367837.0365689446,1347365.1678586039,1792839.4979996567,1551658.500004045,1901682.0125867275
2025-04-02,1371419.2868217758,1349635.224609172,1791728.4688786832,1550378.805352201,1920367.6992439067
2025-04-03,1363716.1082380246,1348841.162023875,1795462.5293733256,1558380.919163333,1819920.1747443131
2025-04-04,1283672.6680246212,1272911.4466732792,1700818.8883258838,1479097.4592354666,1702085.6221672127
2025-04-07,1265625.1509437342,1254946.2168604666,1675319.1201130564,1457969.0492804726,1703637.538493588
2025-04-08,1241107.826852828,1234178.6298734457,1650793.7481767253,1436169.8853579597,1668763.7202678532
2025-04-09,1302333.9495588518,1287373.5998857757,1729561.6526209114,1497571.9956078792,1854323.255974234
2025-04-10,1279716.4993461561,1272545.2879023268,1696874.8575998284,1486232.165727611,1779518.0613791628
2025-04-11,1302506.8751376888,1295131.1803470182,1746931.0243913336,1521540.9716500528,1809458.0279377578
2025-04-14,1323621.006889292,1316788.667364592,1778835.7569846208,1544418.4264686857,1827237.7353525665
2025-04-15,1321326.31014796,1315126.3312019475,1802946.5318981975,1560075.9337982975,1832803.7510734606
2025-04-16,1305469.9526605643,1297660.356802788,1772297.3524469417,1536174.9159540373,1793277.0776720895
2025-04-17,1321419.8393450659,1313397.6176421256,1782215.4891936274,1548904.6559391303,1804769.1016101055
2025-04-21,1300655.068732696,1292479.9500446026,1748250.914645732,1523476.1914510792,1764810.3125067677
2025-04-22,1335793.0342303573,1323468.0677286047,1801957.197874144,1561568.5239412815,1808436.973955623
2025-04-23,1330540.7330046943,1316591.9614559042,1827127.0128130515,1569366.5847517604,1841183.9219707707
2025-04-24,1333065.6435356133,1314618.1561276014,1894031.1814072137,1621147.4568135636,1891951.4070055173
2025-04-25,1332374.0079474614,1310903.5365567342,1922679.3731251054,1633563.9697610182,1904521.1104090784
2025-04-28,1330366.759868419,1309584.787023371,1924411.9948807976,1631249.7719257527,1907340.4343963992
2025-04-29,1347869.5050246762,1324585.7157439261,1959342.9088053675,1655524.8002379746,1918647.4147956725
2025-04-30,1351596.7493623877,1330649.0918136295,1956659.7041752785,1655593.1874312845,1926939.1183584786
2025-05-01,1349109.4479547963,1326067.0773061789,1952457.4526895261,1651709.0712766682,1930123.1869217847
2025-05-02,1363760.6148117294,1336099.3406277348,1982822.3776679216,1666226.906423145,1968042.5842656663
2025-05-05,1364016.4214693918,1337113.0909280838,1973489.6259772466,1660656.0079185052,1963594.6133108847
2025-05-06,1351763.691118081,1330011.8650547327,1945182.194673549,1644806.6329154405,1945697.2204303087
2025-05-07,1356439.4543335023,1334652.865931,1949845.4778919814,1650338.2600234847,1955000.294774031
2025-05-08,1366077.6592547155,1337770.4363292023,1979301.0694893047,1660447.2999072024,1971532.8763714847
2025-05-09,1362927.9886580643,1334481.0360456996,1977647.4448385835,1660671.053264063,1968685.4657659184
2025-05-12,1382242.7437273336,1346145.3324139435,2015199.2964619852,1686098.6608071912,2039189.4208482092
2025-05-13,1396809.7723336748,1351473.8179106007,2086391.2808711098,1741946.0768641273,2059663.1853541916
2025-05-14,1402232.9592705073,1354689.5223229912,2095458.93134506,1748902.2578459443,2061594.9050747093
2025-05-15,1410020.3056288671,1367151.644235644,2064416.3156417527,1725189.6786510306,2072216.3097860017
2025-05-16,1419035.065160108,1377101.4459796003,2070850.6242965532,1730295.920665973,2084952.116143695
2025-05-19,1421283.7169991934,1380994.8501758382,2073822.048103458,1736063.8927434308,2087784.9060779004
2025-05-20,1417627.9710915282,1377608.7223716725,2062030.5870252745,1727201.955235491,2083590.8561693323
2025-05-21,1397108.9949283767,1360213.3781183886,2020857.9020226547,1693580.7388780077,2050289.345615233
2025-05-22,1396062.2728489216,1359454.9970653951,2027353.637100847,1700119.789681719,2047918.9840821354
2025-05-23,1383783.624809046,1347041.712066392,2015320.1103246477,1684248.9479327917,2033425.7611976457
2025-05-27,1412125.7965781812,1370835.4928689988,2056728.039554197,1701912.011329936,2073202.2228282627
2025-05-28,1403626.973273016,1361109.4539417129,2054859.7483916916,1699503.56294961,2060822.067617479
2025-05-29,1398962.8222582687,1357859.124699178,2049401.3374757208,1698409.062451296,2058816.9008944787
2025-05-30,1401756.2133507873,1363305.8945271098,2037965.8720976554,1686703.6222479662,2057442.019095273
2025-06-02,1410852.9833829184,1369118.7268138847,2083657.25564706,1726325.227763168,2068981.7982758693
2025-06-03,1423676.7765258842,1378751.911529543,2127923.054981311,1765535.759672259,2087374.2754144042
2025-06-04,1427852.4095754684,1381476.4389602568,2135658.914385814,1770179.116271227,2091010.136465158
2025-06-05,1423919.187144355,1378972.9676095876,2136724.904975897,1770078.2095628106,2085508.2007270965
2025-06-06,1438812.1572502325,1390380.336405042,2147477.0477730776,1776162.9076749356,2106303.3321720166
2025-06-09,1442202.7349339512,1388181.325180253,2150582.57756028,1779848.7126093404,2109645.869519641
2025-06-10,1452471.7640964016,1396003.701431502,2142929.4689282435,1769967.5547940864,2131556.9277014043
2025-06-11,1449339.3088573297,1391148.6966067431,2156326.004538948,1771207.6279808802,2125879.0462826216
2025-06-12,1449357.909671651,1393358.037299569,2160260.7106828317,1777989.087673547,2128360.4465447264
2025-06-13,1429576.159414856,1374731.1022000369,2131321.8144220966,1750931.710585692,2100276.5770748495
2025-06-16,1451713.1508994242,1391968.499559892,2184999.726407066,1795529.6882365514,2127669.7512608836
2025-06-17,1439431.1753105253,1380745.4201383574,2184126.810048456,1798569.5369025427,2108184.618248238
2025-06-18,1437508.5903626394,1378370.987369723,2183751.2898259116,1799895.7429719688,2105913.540794822
2025-06-20,1432359.8458202395,1373891.4910145511,2185695.392589668,1797088.3189442635,2099330.9503901806
2025-06-23,1446660.6338826625,1386636.38813077,2206192.881093634,1818579.1565436823,2119454.243043003
2025-06-24,1472226.5574093654,1407936.541436768,2270632.260721484,1873601.5678049482,2155640.9852191852
2025-06-25,1467406.9597170423,1400150.1552034845,2283008.501350002,1882335.3998192688,2145990.4519544523
2025-06-26,1480041.707903405,1412049.2154945978,2294110.5548626375,1898621.4228540985,2162373.7986024255
2025-06-27,1483386.5074240502,1417260.0392587916,2296679.5442209793,1906638.7930143713,2167956.695020311
2025-06-30,1493094.8935167564,1427249.4011662633,2304115.63485451,1914485.8670811036,2183931.517161765
2025-07-01,1488864.2318357648,1427699.6230376828,2250669.63594363,1878454.359899198,2181605.486926724
2025-07-02,1494713.3766759154,1430350.1532049524,2274216.5255938447,1901480.85793051,2190011.977829441
2025-07-03,1508083.3449123385,1443226.546119238,2279091.94689795,1907619.6765321551,2209766.340556515
2025-07-07,1494259.6728429198,1431966.8848284057,2239441.6169463447,1880415.4929726422,2191908.6772184027
2025-07-08,1498874.0189836253,1434000.7647318605,2241986.909823694,1879823.2564322327,2197717.332990358
2025-07-09,1502321.771143932,1436753.5100894168,2238547.0917307306,1880214.5472057944,2201693.276182588
2025-07-10,1499727.8442173386,1432313.552225772,2238632.8462683633,1870879.92843904,2191903.4998782375
2025-07-11,1492151.4715239475,1425336.9137394952,2258589.392525892,1887903.8230589242,2178672.996177484
2025-07-14,1499505.0254227412,1432503.5927457418,2249444.708180558,1881676.3494530942,2192964.411578278
2025-07-15,1492363.796501311,1423834.3187367478,2273288.060586085,1901029.736600882,2177371.408156887
2025-07-16,1494395.252503628,1425774.5296603409,2267918.2317680055,1894071.1955070307,2181949.209142844
2025-07-17,1505257.450664345,1435645.3629402404,2277114.0631860467,1902712.253172877,2197527.740809232
2025-07-18,1505893.0299631837,1436351.9676637407,2269506.6206096387,1896791.4355300164,2200234.485748243
2025-07-21,1510690.7726871916,1441635.0539753127,2286562.268068716,1910408.8410646156,2207450.0685468377
2025-07-22,1511243.4370369064,1445218.1407925303,2252947.947862914,1881970.6111915014,2214063.6002741097
2025-07-23,1517696.057209275,1449413.811534775,2293709.423370073,1917947.9185594125,2223578.4147150614
2025-07-24,1519788.640213267,1450567.714254642,2307281.0061420337,1927176.8567603426,2223851.717058676
2025-07-25,1522957.0657658458,1453327.328454829,2320331.354845388,1932973.780946678,2226432.84467751
2025-07-28,1524127.3919268812,1452077.8999031736,2339087.6853904417,1947803.4226271056,2226252.280148944
2025-07-29,1523989.918889892,1452994.5984228097,2350133.412821469,1959035.7868974435,2225630.966843588
2025-07-30,1520821.066882509,1450171.2042401922,2363363.854364546,1972910.7076909242,2219119.8944050153
2025-07-31,1501192.3303285856,1434528.4280223662,2345067.681856229,1970839.1067419802,2192234.473477851
2025-08-01,1481496.4879358113,1417211.9335607078,2308306.3594122203,1936792.362109789,2163852.2483020453
2025-08-04,1512046.141472892,1444763.0807295442,2358955.2047723667,1979157.410334317,2201727.2290235916
2025-08-05,1498672.8768037418,1433151.3546434327,2316527.9193328335,1951064.9442351738,2186887.2639486217
2025-08-06,1503381.9323503,1437736.2747732196,2303396.2653480144,1942382.9551101835,2198371.787978326
2025-08-07,1505799.9098567297,1439242.797258475,2323256.9995025406,1955285.24634875,2191493.6133117476
2025-08-08,1512131.9542377212,1446278.8132072962,2341885.04863631,1967740.3376780539,2200586.8461073083
2025-08-11,1504577.631280243,1438835.3879683346,2330799.626362951,1959906.9323336505,2191396.9628296234
2025-08-12,1524019.2428156715,1456977.9881645886,2345970.2536035785,1967806.242010947,2221236.158418947
2025-08-13,1530229.5981366297,1462084.1362743522,2354974.0467074625,1977771.0918914205,2237856.5408240533
2025-08-14,1522108.10181403,1455778.9344035594,2341860.847285484,1975171.5079038308,2226520.9402536703
2025-08-15,1509800.681091631,1445502.7018657916,2327960.054837171,1962822.3844425373,2220664.177281518
2025-08-18,1509523.9457791194,1443838.214723686,2325345.91281088,1959997.529442857,2224212.04316222
2025-08-19,1499750.5399225648,1440974.044958468,2268861.6136838053,1923270.985626146,2213254.9794221916
2025-08-20,1495176.9362694912,1437904.5092672133,2261432.45124959,1913763.0765485782,2209105.640813222
2025-08-21,1491691.7333174392,1433927.3920318824,2265763.2765763467,1916731.8560393106,2201058.990482915
2025-08-22,1510863.250441132,1449506.5684350985,2298641.6013493207,1930201.093957424,2235663.619246019
2025-08-25,1500642.9806150754,1436596.6952116026,2295948.998778561,1928585.2569835307,2216385.7515166714
2025-08-26,1505577.510164961,1439320.4086227955,2311937.2139872764,1934545.6347100292,2218960.4014637177
2025-08-27,1509973.1244004408,1443986.4770212332,2320003.4045731327,1944334.5828548986,2227959.185041252
2025-08-28,1517456.007213862,1448932.8794303264,2339204.033867327,1956741.166767508,2238247.937070147
2025-08-29,1497316.7628949638,1434050.4070791975,2319722.9888805,1942280.1804573932,2219129.4742313996
2025-09-02,1491042.004698587,1426263.6440010762,2331361.760800114,1947163.4818842215,2203886.4306712686
2025-09-03,1499611.6521837078,1434895.4575484013,2342585.00381169,1954846.4096369795,2205796.2985605365
2025-09-04,1517386.0629103885,1450179.36974995,2392372.713204185,1998302.253255022,2224261.4974930137
2025-09-05,1520139.2483822436,1449400.4442273288,2414825.246076985,2016393.4713609063,2231676.6019950616
2025-09-08,1527024.7535336097,1453666.0329516667,2448443.247602762,2038979.789007408,2240834.7804689705
2025-09-09,1533079.4657116525,1457808.2204223855,2478499.5833560824,2072139.6415728084,2245698.892469138
2025-09-10,1521952.74625169,1442747.686488596,2487303.7243982665,2075086.5411493436,2231414.193054268
2025-09-11,1541690.5735096287,1458977.6860127987,2509320.203164576,2095524.1479806271,2262531.0750193475
2025-09-12,1543337.3399157014,1458470.998009448,2564388.7585867075,2117799.6411752054,2258864.9874810553
2025-09-15,1559130.2601088604,1468019.5722879856,2642114.8375083054,2185705.225731353,2267611.1497943476
2025-09-16,1561126.9656165482,1469636.7941653547,2648949.50233585,2199349.942030169,2268913.9141031425
2025-09-17,1563149.8538092615,1473389.2759849357,2641122.118686462,2192600.166718088,2276655.171672672
2025-09-18,1583609.496552891,1487118.5083594013,2706246.729174417,2245882.151830724,2304535.7994875973
2025-09-19,1586546.2762515564,1488443.619725982,2724993.622947538,2260991.065419971,2306789.335006619
2025-09-22,1592762.6433000318,1492707.9464148157,2757615.059541795,2296187.4129470545,2315540.6305428725
2025-09-23,1589458.6917477972,1489959.4337943925,2758457.9485702133,2293391.1368388496,2308546.6466984446
2025-09-24,1586079.183756873,1489076.5281219995,2751699.0699638235,2272372.335189343,2301697.431935178
2025-09-25,1575802.7549981184,1479499.7199355375,2742227.3282790887,2252443.3841831675,2287410.66415639
2025-09-26,1592815.7886011377,1496113.452887285,2773608.760580679,2275128.6443763836,2305464.457000306
2025-09-29,1608695.9759089104,1508861.0727840313,2825214.374943819,2332129.16002978,2321746.056999192
2025-09-30,1613279.0564145488,1510786.0760192934,2860803.6159203076,2362522.9189153053,2325355.7545352965
2025-10-01,1631136.0004676625,1518321.262965406,3005459.9685418876,2491670.176752769,2337612.1480544447
2025-10-02,1643374.9519284563,1530995.9656705484,3017747.147476394,2504063.0579353734,2350664.8302040813
2025-10-03,1636507.3997455956,1524120.5776421563,2999868.8861203035,2489659.9902227763,2348752.9334335458
2025-10-06,1645736.2079156868,1533463.853094372,2971900.241129059,2458100.2949683513,2359823.2629903853
2025-10-07,1622968.0031872233,1513002.3832788696,2890315.3049814347,2373959.714956042,2342546.133327106
2025-10-08,1640066.616659711,1525648.7756833297,2940698.7366809845,2413956.638594874,2363642.642792008
2025-10-09,1629771.7373620016,1514840.2692286894,2910076.8169519366,2390427.289402123,2351156.344293496
2025-10-10,1572943.422164749,1471001.4503118496,2769491.654694248,2276244.463786688,2283454.3678354584
2025-10-13,1610878.155957288,1499705.792357677,2864085.82379202,2355982.238818552,2323023.47355945
2025-10-14,1604869.6974387525,1502660.3694677579,2813478.635108078,2319549.794485892,2325096.080643597
2025-10-15,1626210.4245306514,1515847.9549499787,2930289.9486738294,2407009.7505689356,2335157.655398749
2025-10-16,1621051.9935002702,1509723.1155112516,2940424.4389997073,2413158.261422,2325238.3624964245
2025-10-17,1627052.930432467,1518108.0437979826,2927873.9582094126,2402799.480780459,2340119.2494239816
2025-10-20,1642767.8808879105,1533454.5709233808,2936983.986297487,2407879.261062293,2366505.302317516
2025-10-21,1637405.9206257265,1528510.0440795752,2945491.6374205393,2428878.2128015356,2376573.831600074
2025-10-22,1621485.9903488012,1517584.0812852823,2889332.0170126013,2383900.8082135534,2355260.1622319734
2025-10-23,1646480.0516948672,1531556.6930600954,2982775.526387134,2460500.163949572,2374955.05260592
2025-10-24,1664571.1808710792,1542914.356009045,3045462.515970291,2500947.1897145244,2387725.6799052833
2025-10-27,1688012.5012018278,1557110.1243841192,3113899.4320120853,2559503.7606184045,2414679.8473099237
2025-10-28,1689762.3286251682,1557609.7873633476,3106548.250228718,2556836.465968038,2407435.032183274
2025-10-29,1703073.947133404,1561484.8657161132,3150906.160405551,2591036.872315583,2392520.6581192235
2025-10-30,1694073.0161988512,1559476.7040892693,3088506.022368058,2541063.2933892817,2378920.285895167
2025-10-31,1701755.6355973058,1564191.1423599026,3108178.2444939334,2557720.3944741474,2387087.7512740805
2025-11-03,1704497.9531136043,1564244.4011968703,3140596.3053423106,2582090.5439155316,2387772.645781985
2025-11-04,1667087.2121787327,1546304.7089870407,3027400.342503847,2487676.471809596,2348952.293642247
2025-11-05,1693161.8461558532,1560359.2215662987,3139556.809468739,2516094.0532499156,2372633.3226019284
2025-11-06,1677167.1010268407,1549048.591007517,3100395.3520171614,2501501.8959747264,2334760.6644989015
2025-11-07,1675417.054684941,1547259.5832825436,3098822.5628488003,2501998.1196204755,2337291.0959969168
2025-11-10,1706676.4332234878,1566319.5380396175,3212386.2722716406,2583412.2510506804,2362735.61429404
2025-11-11,1703252.4083690427,1569626.4837043858,3160167.423438157,2546223.7156472835,2363540.8959399327
2025-11-12,1701203.7013994402,1568923.507555375,3167660.3633870715,2554008.641865309,2363455.4376057577
2025-11-13,1667394.4254993815,1548221.9427728767,3085114.9104333585,2489483.950924699,2326986.079856592
2025-11-14,1666104.3974439926,1547131.2231617295,3103013.203974769,2503776.397795152,2320435.732147259
2025-11-17,1654049.7956799152,1538219.7367696122,3099852.3908121553,2504150.1397225573,2298560.183496673
2025-11-18,1639768.4040620944,1531458.2492854348,3074731.8808713737,2503304.29180541,2286844.6272632172
2025-11-19,1650115.0998124673,1535588.6845268141,3085344.9365605228,2518671.477754808,2287474.7194481944
2025-11-20,1606155.2806509777,1508100.1485459113,2989191.273379058,2462998.995654024,2237582.1164367828
2025-11-21,1623923.054954547,1525995.414050506,3036120.252596978,2509119.9196757847,2267143.259867939
2025-11-24,1660030.5075000408,1547596.3533678085,3122610.999697675,2568765.970152689,2298146.2536341245
2025-11-25,1675982.8138878385,1560039.3134733227,3179909.18816578,2615012.374244188,2320891.570877687
2025-11-26,1687432.8724766832,1568188.6585108319,3196465.8066828586,2623655.2667220626,2335016.0235359687
2025-11-28,1703682.8360553323,1579019.9554286613,3224856.4241750753,2639216.9791536964,2357199.1670632064
2025-12-01,1694196.8756693834,1571060.4340346784,3183855.5761717735,2610289.868700449,2349237.0962843685
2025-12-02,1703603.699708149,1577767.4467056512,3173074.655978776,2604805.375973755,2372772.5102846334
2025-12-03,1718176.046210863,1589444.1067275358,3165536.471271334,2607784.1960653416,2397010.64193837
2025-12-04,1704381.2088359275,1579851.9717978493,3180798.5251173996,2611782.640544362,2391444.0454837433
2025-12-05,1715469.971680593,1584777.2848888955,3240318.64175723,2655230.737760349,2402932.6219802657
2025-12-08,1707829.190333577,1576380.8134419816,3206364.6577447327,2624866.0725132884,2387797.9917820203
2025-12-09,1705268.4900687172,1574188.6793082769,3209636.2832055767,2627372.8203532374,2385715.273717651
2025-12-10,1730250.200516367,1588823.1939295297,3313653.197001249,2698816.074482388,2405134.3310197517
2025-12-11,1731515.5730267987,1588833.052841104,3312307.0009296737,2693291.7799732406,2411509.1174744265
2025-12-12,1707061.166171153,1578249.0479364928,3257903.486472671,2661477.203716725,2382056.6757574673
2025-12-15,1710894.124829602,1584064.2745475003,3268504.4829874686,2676196.9195635486,2374881.81198422
2025-12-16,1699690.399612094,1574659.7559758716,3248709.1065768674,2658814.4563188707,2372832.8563398835
2025-12-17,1674496.7416806654,1559894.3471950148,3231117.981787204,2644239.301568446,2341691.612321795
2025-12-18,1688342.5493027384,1565475.7264327432,3244115.363432502,2651746.103615351,2361810.1650380176
2025-12-19,1708506.869323774,1577492.173751705,3273493.0942634596,2672223.8888567374,2380757.185707501
2025-12-22,1717576.7735437716,1582283.5554715157,3326359.5580011806,2710517.901034678,2392850.137950172
2025-12-23,1715258.267335799,1579769.3762331407,3317356.8871601433,2703953.4061612547,2387898.9942027354
2025-12-24,1719358.9938504212,1583182.137075446,3323944.8489103923,2710706.2157882326,2394790.2060516067
2025-12-26,1718119.079401812,1582793.730356806,3313338.34414087,2706662.250673275,2396018.17595302
2025-12-29,1712739.3733387592,1579086.5800006373,3307450.9612138406,2697093.6488861097,2389593.4917654824
2025-12-30,1706795.363653134,1574710.2566244851,3289027.9794735815,2680005.630470053,2383367.4003922036
2025-12-31,1689216.4952182434,1561729.5171420195,3238741.3083256865,2641891.3017722974,2360772.988755752
2026-01-02,1696968.2281971206,1562292.659374391,3267151.9621749115,2657425.407504815,2362825.8460825444
2026-01-05,1715158.1592744938,1573154.0779357923,3341033.4974947595,2722316.932927764,2385309.6063711783
2026-01-06,1758174.2744774348,1600436.7908463653,3534353.2477672365,2871355.658995831,2426906.5379476864
2026-01-07,1749073.7091093317,1596144.2261659508,3451096.077552039,2824638.89679285,2418103.4813213083
2026-01-08,1745145.0094226862,1598761.4947743667,3364917.993953739,2777037.455393607,2408506.5956503996
2026-01-09,1763661.7218324358,1606504.515423578,3490997.906018281,2857710.1481216983,2427782.4093193
2026-01-12,1766045.8273271585,1605331.8495872805,3493911.1730426354,2851238.201279738,2425914.0555974497
2026-01-13,1758292.2195270022,1599737.5680244684,3463563.3651396185,2819113.982789645,2419026.1485089986
2026-01-14,1745642.705701914,1591638.0924985614,3448095.6406266643,2809586.2480114675,2406840.862708193
2026-01-15,1751907.5929527073,1593719.6988750668,3523971.1946641514,2865602.4387285467,2408708.225898437
2026-01-16,1748284.3207355351,1589462.0241961377,3582371.299667007,2899541.2979212985,2402789.7105879746
2026-01-20,1722820.1556281417,1570754.2814494057,3521362.89279039,2837816.896609912,2367483.747713898
2026-01-21,1757228.6131102026,1592887.6474775882,3687943.3202549526,2947438.037530269,2404132.08227067
2026-01-22,1764618.0081956082,1598264.3903436835,3682074.420608187,2939743.402812287,2420243.2146430993
2026-01-23,1758714.5255662235,1596989.9730255604,3601556.0703370003,2889895.2333083358,2417333.399239524
2026-01-26,1764153.0604933891,1601828.6001317978,3612901.2888159803,2888355.704769966,2432074.841805854
2026-01-27,1776445.8634487772,1604364.8692764032,3731152.505797868,2943697.1845375644,2438544.2105165287
2026-01-28,1791702.3615319773,1605036.2042556203,3856293.9526614733,2991906.318111428,2441063.742583398
2026-01-29,1794355.8243901068,1606400.2927518233,3906411.446209785,3035909.839268254,2419811.087134928
2026-01-30,1758160.6697871743,1591372.1127017797,3657861.017739318,2850636.308093861,2389322.248228181
2026-02-02,1782121.8430418973,1603865.394541717,3787496.630187083,2928149.412380608,2400885.8228501435
2026-02-03,1766566.5031569728,1590550.3884961624,3786179.7223328603,2914398.8057896774,2348631.9980434556
2026-02-04,1758494.4647143579,1589635.422140155,3616695.889400213,2801059.7280462,2335650.6459228294
2026-02-05,1745531.7355666931,1580386.4916708285,3588296.9279508777,2782691.9749578773,2296062.686024266
2026-02-06,1781418.4472651936,1602691.3267612874,3744510.7265198943,2891175.651187445,2346654.5995213217
2026-02-09,1781310.4989739927,1602545.4302408416,3714146.509757641,2869963.6998909023,2358885.0195912933
2026-02-10,1770296.0411725356,1600174.583577603,3596921.6727110497,2800297.8617936056,2358859.5246704835
2026-02-11,1795876.9471348687,1616774.9827959163,3718768.168751623,2878831.3279938963,2359651.012187602
2026-02-12,1777055.3111497182,1605864.3281451066,3700284.7411414096,2853484.1102580843,2313279.0155542637
2026-02-13,1794813.6854871842,1622707.1501341104,3738630.581709199,2886737.6669227392,2341426.603152318
2026-02-17,1787185.5710987523,1617338.1874263443,3717114.327638154,2871546.6268904232,2331282.3868867485
2026-02-18,1797085.1358561667,1623256.706018502,3781013.2096025916,2902118.8971439735,2353979.4135887926
2026-02-19,1788262.2644994329,1618088.8468787924,3733385.4781887787,2877744.678602271,2345496.6700493502
2026-02-20,1801769.7484236467,1632456.7525172478,3767974.6910826857,2902821.453042574,2353678.592693317
2026-02-23,1794771.9942730519,1630723.3960572707,3750500.2664819355,2901391.0289308224,2310698.1450246465
2026-02-24,1808088.9896084121,1641257.1323958521,3743360.583884828,2907660.0470578987,2341192.56603346
2026-02-25,1815605.9065506742,1641454.564925129,3826194.2049776535,2934567.9819607264,2372934.6118023396
2026-02-26,1801128.0265599384,1633192.750674634,3746259.487712549,2899614.4481948004,2379402.574898332
2026-02-27,1808908.2288296157,1643259.5266915557,3728944.083915691,2900067.2940878198,2378714.9205006887
2026-03-02,1798369.7153406516,1634204.2540014489,3674495.44840809,2874419.602901024,2374737.0414491836
2026-03-03,1758537.0347644545,1603322.3414429703,3548747.929252203,2798902.846701986,2354096.7163253753
2026-03-04,1778950.0328196338,1618419.5665108312,3562472.1502999677,2802045.7867542263,2387920.9329423816
2026-03-05,1751082.6703169805,1593569.1503553672,3508432.633707165,2752995.282060433,2382679.94349832
2026-03-06,1716145.96731618,1570119.9456198793,3454008.017451666,2713086.486383348,2357293.506101926
2026-03-09,1738810.2595219521,1584331.3099183037,3449352.4338766974,2711635.318182533,2376903.4972917107
2026-03-10,1744590.6802720502,1585494.9165390183,3427807.9496343206,2696110.725745388,2357364.7673908668
2026-03-11,1742413.9029106507,1581929.344659714,3372719.845032672,2663295.1674908684,2348267.8803300927
2026-03-12,1708041.102409693,1554243.3852608202,3331782.8490597834,2642518.912960501,2299294.3271875605
2026-03-13,1715120.8700785015,1558628.0296852596,3356476.139607364,2662557.947447853,2297582.91637192
2026-03-16,1734975.0946494013,1571530.1262573823,3375557.2179145943,2673260.1033060853,2323932.7089727866
2026-03-17,1750054.4257133484,1578747.1452571496,3424043.4775274345,2691650.6079478585,2340932.9230297813
2026-03-18,1719463.0568179023,1548254.0069576222,3407351.1660947874,2671181.6792003927,2304591.2894777986
2026-03-19,1726633.8221679511,1549032.728000804,3386811.3177770223,2646207.25969518,2304237.7493117503
2026-03-20,1696144.235388014,1522766.4296701346,3303816.615722075,2577730.6995805264,2270501.8480175063
2026-03-23,1712227.1549553133,1536121.949544704,3394902.706424211,2646767.2853834038,2295996.6049451875
2026-03-24,1712683.10551335,1537919.0800347943,3328555.8845786005,2610466.9006513627,2272531.6834840537
2026-03-25,1725643.5782947922,1547915.3609647693,3393121.008534735,2644355.994491192,2288878.804665981
2026-03-26,1707858.3370543793,1540773.8322386076,3315722.3870339678,2599501.925814332,2260569.363342757
2026-03-27,1683056.3977043005,1522476.0460579211,3223602.5628491426,2542797.7575235213,2214488.8581422926
2026-03-30,1663626.4618761316,1518603.7709544958,3160374.9844621914,2514939.5846818434,2209463.877309243
2026-03-31,1702739.0843295816,1540976.9955114576,3279528.7577588717,2578321.55567023,2268928.842194069
2026-04-01,1712087.5968530818,1539559.1172657323,3299931.10398383,2576794.8673808733,2284149.698144219
2026-04-02,1717378.655465176,1549892.804087838,3308974.856197996,2595470.6994074234,2285891.15076542
2026-04-06,1718385.1088547704,1548136.1747028145,3314959.0513607985,2598889.249858821,2302223.6272274125
2026-04-07,1715795.2559243222,1545547.1304553854,3324411.337680429,2595814.3381503182,2294933.658073748
2026-04-08,1746336.9887811656,1558822.1095181818,3383611.191261281,2616220.146085129,2349990.672881336
2026-04-09,1733489.9183729938,1547789.9152818786,3369276.8968043844,2599051.5694042435,2338081.8522590683
2026-04-10,1720040.3352833998,1533859.214735651,3390852.1421595225,2604553.78813072,2320761.8862975673
