date,Benchmark1-SMAcross-20/50,Benchmark2-TopK-Momentum-30d/K10,New1-DualMomentum(abs90+rel30),New2-RiskAdjMomentumScore-30d
2021-04-13,1000000.0,1000000.0,1000000.0,1000000.0
2021-04-14,1000000.0,1000000.0,1000000.0,1000000.0
2021-04-15,1000000.0,1000000.0,1000000.0,1000000.0
2021-04-16,1000000.0,1000000.0,1000000.0,1000000.0
2021-04-19,1000000.0,1000000.0,1000000.0,1000000.0
2021-04-20,1000000.0,1000000.0,1000000.0,1000000.0
2021-04-21,1000000.0,1000000.0,1000000.0,1000000.0
2021-04-22,1000000.0,1000000.0,1000000.0,1000000.0
2021-04-23,1000000.0,1000000.0,1000000.0,1000000.0
2021-04-26,1000000.0,1000000.0,1000000.0,1000000.0
2021-04-27,1000000.0,1000000.0,1000000.0,1000000.0
2021-04-28,1000000.0,1000000.0,1000000.0,1000000.0
2021-04-29,1000000.0,1000000.0,1000000.0,1000000.0
2021-04-30,1000000.0,1000000.0,1000000.0,1000000.0
2021-05-03,1000000.0,1000000.0,1000000.0,1000000.0
2021-05-04,1000000.0,1000000.0,1000000.0,1000000.0
2021-05-05,1000000.0,1000000.0,1000000.0,1000000.0
2021-05-06,1000000.0,1000000.0,1000000.0,1000000.0
2021-05-07,1000000.0,1000000.0,1000000.0,1000000.0
2021-05-10,1000000.0,1000000.0,1000000.0,1000000.0
2021-05-11,1000000.0,1000000.0,1000000.0,1000000.0
2021-05-12,1000000.0,1000000.0,1000000.0,1000000.0
2021-05-13,1000000.0,1000000.0,1000000.0,1000000.0
2021-05-14,1000000.0,1000000.0,1000000.0,1000000.0
2021-05-17,1000000.0,1000000.0,1000000.0,1000000.0
2021-05-18,1000000.0,1000000.0,1000000.0,1000000.0
2021-05-19,1000000.0,1000000.0,1000000.0,1000000.0
2021-05-20,1000000.0,1000000.0,1000000.0,1000000.0
2021-05-21,1000000.0,1000000.0,1000000.0,1000000.0
2021-05-24,1000000.0,1000000.0,1000000.0,1000000.0
2021-05-25,1000000.0,1000000.0,1000000.0,1000000.0
2021-05-26,1000000.0,1002776.8755246265,1000000.0,1002796.7402616969
2021-05-27,1000000.0,1000298.9282516249,1000000.0,1000776.982071519
2021-05-28,1000000.0,1007964.1763561544,1000000.0,1001175.6794536083
2021-06-01,1000000.0,1007779.407028464,1000000.0,999527.3126998711
2021-06-02,1000000.0,1012948.9913528475,1000000.0,1004046.2097133755
2021-06-03,1000000.0,1006142.7170585621,1000000.0,1002970.2559992498
2021-06-04,1000000.0,1021075.2982729797,1000000.0,1010746.2012083158
2021-06-07,1000000.0,1026695.8368470644,1000000.0,1006136.2329862134
2021-06-08,1000000.0,1037316.8973466089,1000000.0,1011745.1473771298
2021-06-09,1000000.0,1033808.165864122,1000000.0,1010580.4543495394
2021-06-10,1000000.0,1041401.0859745049,1000000.0,1017705.3375726286
2021-06-11,1000000.0,1047018.1649504156,1000000.0,1020691.9612099112
2021-06-14,1000000.0,1052221.9929805177,1000000.0,1019067.1439248555
2021-06-15,1000000.0,1043869.5836598173,1000000.0,1015341.2953288087
2021-06-16,1000000.0,1058166.747308997,1000000.0,1026392.2978991136
2021-06-17,1000000.0,1088557.9490540314,1000000.0,1052642.8129160558
2021-06-18,1000000.0,1097557.6701316193,1000000.0,1055923.8032776325
2021-06-21,1000000.0,1087481.5809914477,1000000.0,1043643.6079649349
2021-06-22,1000000.0,1105119.2366559256,1000000.0,1050756.734861984
2021-06-23,998642.8996358246,1110194.2449367293,1000000.0,1057969.279183723
2021-06-24,1007213.9804595708,1116786.8799820389,1000000.0,1058269.9413762141
2021-06-25,1009779.133462637,1119971.088894209,1000000.0,1060559.0209570718
2021-06-28,1015183.5827321057,1132359.307291933,1000000.0,1068857.5350202858
2021-06-29,1018760.3971390371,1133619.4092478212,1000000.0,1065522.341621801
2021-06-30,1014847.6228533486,1107118.907303945,1000000.0,1057083.6665226624
2021-07-01,1012999.2160295168,1101144.892645172,1000000.0,1052644.3592933407
2021-07-02,1020283.9998809384,1106199.9328771296,1000000.0,1066071.8778077613
2021-07-06,1022166.717587537,1113646.4851192457,1000000.0,1075421.1113735973
2021-07-07,1021441.5379088786,1113974.1568228041,1000000.0,1081408.276781925
2021-07-08,1013801.6314161628,1101762.730204004,1000000.0,1076640.5806410217
2021-07-09,1023768.6036203939,1108503.624518246,1000000.0,1079971.7454723043
2021-07-12,1024153.5857402271,1101436.120096703,1000000.0,1082985.0043531302
2021-07-13,1023189.072777056,1101571.3662762495,1000000.0,1084424.2489340839
2021-07-14,1016400.8091205158,1080785.3946911257,1000000.0,1080396.1300019978
2021-07-15,1008175.460662064,1069513.561836046,1000000.0,1076410.963098527
2021-07-16,1002024.8053793,1071560.2906218204,1000000.0,1078293.288273133
2021-07-19,994414.7593718925,1072356.3358092604,1000000.0,1063497.1691328976
2021-07-20,1010892.8971146818,1094830.5649566862,1000000.0,1084888.6282628959
2021-07-21,1021687.2545594415,1101107.3575341948,1000000.0,1087182.5218706317
2021-07-22,1026132.2084730228,1114565.8732604973,1000000.0,1102648.9890192575
2021-07-23,1036917.1021836649,1133882.0122187543,1000000.0,1116015.5979346668
2021-07-26,1037584.1840216962,1121357.5483613322,1000000.0,1107200.5607665835
2021-07-27,1029248.0084603131,1103511.4501351106,1000000.0,1101043.2509212382
2021-07-28,1037147.9011574099,1116856.1119739155,1000000.0,1099277.1046396901
2021-07-29,1040832.129235228,1120988.4048304118,1000000.0,1104144.8561199848
2021-07-30,1044207.3220046731,1118620.3446167253,1000000.0,1104495.6143156502
2021-08-02,1045564.1061574632,1126778.478400411,1000000.0,1105651.7230704941
2021-08-03,1053682.857229947,1144812.8427798129,1000000.0,1118365.648644498
2021-08-04,1055940.4655292986,1164210.6766243116,1000000.0,1130855.1798935505
2021-08-05,1068840.1410635023,1167423.4170774454,1000000.0,1129075.1309996748
2021-08-06,1064679.7861974775,1162506.6592067622,1000000.0,1125236.4960533606
2021-08-09,1064430.8532969477,1158941.3756932444,1000000.0,1123261.936192537
2021-08-10,1059062.8018745242,1147418.9483469927,1000000.0,1114973.9317590431
2021-08-11,1060000.7478352697,1149018.0973735396,1000000.0,1112337.5674693878
2021-08-12,1060249.2106247798,1150477.8533273058,1000000.0,1115435.1743542252
2021-08-13,1065626.0645990116,1160017.7450551968,1000000.0,1121527.8120264732
2021-08-16,1064292.5359197597,1150561.573728701,1000000.0,1120159.3615794291
2021-08-17,1057332.4516044897,1147370.369320979,1000000.0,1111415.9450900157
2021-08-18,1048665.8896207511,1137341.0767626613,1000000.0,1099499.2549056974
2021-08-19,1056260.0877077826,1138298.698245654,1000000.0,1108919.1185757606
2021-08-20,1065699.173172184,1149948.079450543,1010234.0283994375,1122563.2178526155
2021-08-23,1075729.6788311421,1168240.0773343837,1026747.7530899772,1130129.1697931017
2021-08-24,1080470.309761163,1173108.8063456074,1031973.5879098342,1128074.9272938871
2021-08-25,1084490.04242145,1179003.856282093,1037159.4119365191,1128591.7896115843
2021-08-26,1078226.8263715613,1161641.8811644698,1021886.2338149182,1119716.7293894778
2021-08-27,1088372.8527044111,1185007.5835024465,1042440.8384222008,1137486.5774204691
2021-08-30,1096422.6111585132,1193132.4282915203,1049588.1935378017,1147294.5337422555
2021-08-31,1092013.060168641,1186570.9134677718,1043816.0861610948,1135401.8521719635
2021-09-01,1092785.560133554,1190465.350739464,1047241.9886710909,1139140.6642733552
2021-09-02,1096418.7356839317,1202981.4433969043,1058252.286246596,1148223.7902016898
2021-09-03,1099628.2466208267,1213838.3103670026,1067802.9774527203,1151030.3942270197
2021-09-07,1090962.1794919523,1191968.9442081077,1048564.6867347324,1147812.9184123147
2021-09-08,1088366.0142374474,1177040.3502137111,1029817.3748427305,1148112.5722617072
2021-09-09,1087336.5366026666,1175257.3362580985,1028860.2920922816,1139309.7420250115
2021-09-10,1083692.462439033,1164386.5010166543,1020042.6045767873,1139203.0050148717
2021-09-13,1080858.460560521,1149220.1133271789,1008400.2617245651,1132529.0667300224
2021-09-14,1080347.4499943047,1158875.9385352116,1016872.9090042554,1133154.3072652195
2021-09-15,1088401.2441169794,1167760.1783606843,1024668.5172270293,1139918.6758968926
2021-09-16,1090843.3721049968,1178562.9158824713,1037502.4070766207,1142308.7064334578
2021-09-17,1080069.4416553695,1168915.3116806075,1031427.8790784386,1134274.8004592727
2021-09-20,1058907.1013192777,1134725.499560034,1008125.1088314222,1109140.5566480027
2021-09-21,1063070.6716555897,1145201.8329737494,1015128.8365779363,1114597.1468540356
2021-09-22,1075046.4616576105,1155083.563890874,1023888.1921085058,1124025.7159489484
2021-09-23,1089372.7729910824,1174358.9599836115,1040974.272349392,1132483.457871041
2021-09-24,1090591.734102229,1175972.2380356467,1042404.3129107022,1130692.8551022087
2021-09-27,1080225.5423810272,1149470.3852451716,1018912.5630586292,1110917.0347421623
2021-09-28,1044656.7371904374,1115845.7262568872,992798.6213535661,1087607.961972978
2021-09-29,1040354.0817004858,1117362.6926410897,995980.9713028651,1092588.5626961703
2021-09-30,1037748.7196543354,1112196.7972273973,997622.7794025269,1089040.6038160548
2021-10-01,1045519.6538682322,1137931.191675559,1018857.3718462274,1109325.1856940952
2021-10-04,1021290.0320448865,1124731.7426607984,1008959.0521557134,1098547.960508158
2021-10-05,1035324.8408198159,1133876.2224493623,1017162.2576935064,1107479.5565862325
2021-10-06,1044703.0950968188,1142081.4052223903,1024522.851441713,1115493.7225059944
2021-10-07,1056736.8011586478,1147858.7015590393,1029705.4698517333,1122175.2671494042
2021-10-08,1053430.3383205,1154654.6431506705,1034157.3507433566,1129558.4134739994
2021-10-11,1048679.6575159486,1155818.52992899,1037290.0031268903,1129570.9400867561
2021-10-12,1051997.6816226903,1166754.3055839355,1045767.6551647069,1135732.814736653
2021-10-13,1062153.3622964246,1170475.700435558,1054836.655814909,1138173.9940888085
2021-10-14,1076326.9097952156,1175285.3561514928,1059171.1337960663,1142850.91737253
2021-10-15,1081252.426715139,1189268.489344593,1071772.7806732594,1155044.987741037
2021-10-18,1091098.1161021208,1198800.1923294945,1080362.7836071716,1166254.3766184293
2021-10-19,1096071.6367960386,1200602.5103702343,1081987.0387148184,1163878.2653346187
2021-10-20,1093117.7383628318,1194840.6911245626,1076794.4677436717,1154951.11534934
2021-10-21,1105446.1392368097,1196774.7978378283,1078537.4912482614,1174424.7877349444
2021-10-22,1100855.9912694206,1195504.614000172,1077392.797282308,1177671.7157536452
2021-10-25,1110297.3113997257,1220219.263361296,1099665.7227877458,1193699.4895686354
2021-10-26,1111346.3438080058,1223664.1671275354,1102770.2817008714,1195012.3817240833
2021-10-27,1094830.3349404235,1210106.2044330267,1090551.7999134948,1178186.0284649883
2021-10-28,1103437.8597618765,1228225.6192241516,1106881.0777417156,1195597.1695034618
2021-10-29,1114306.0313967536,1235481.6991955356,1113420.2815274002,1204677.0229538437
2021-11-01,1120094.5296705908,1256084.5287808478,1131987.6211586357,1217762.421178135
2021-11-02,1128396.8269829017,1273066.8067069403,1147292.1074021456,1222271.1053296314
2021-11-03,1131546.9852062697,1282903.0584348256,1156156.5706921867,1228487.3211355114
2021-11-04,1147230.9081734614,1317609.7311024624,1187434.3413606163,1244346.7496376012
2021-11-05,1152219.896844363,1312382.780669163,1182723.7959702932,1239599.8345950807
2021-11-08,1157260.1547396965,1340633.1355938881,1208183.1112754229,1262904.86944747
2021-11-09,1159704.2753042935,1331306.7474612473,1199778.138780047,1248975.3462167808
2021-11-10,1137718.267680072,1284064.3510772712,1157203.1315451153,1204984.4450059417
2021-11-11,1147567.6048400213,1331188.9520215946,1199671.981131847,1217231.8500507222
2021-11-12,1160659.6110108092,1333360.6990984099,1201629.1669349622,1229022.3626397476
2021-11-15,1153792.1436975098,1311843.3476384843,1182237.6571005112,1227260.9221013973
2021-11-16,1164074.6016148047,1341358.8207218333,1208837.1011645352,1240488.250769429
2021-11-17,1158131.8030358087,1326958.3300263404,1195859.3302960969,1236870.07679606
2021-11-18,1160855.8441811423,1340952.3644591914,1208470.8014073845,1243383.6039648876
2021-11-19,1158632.7398167069,1346655.231294735,1213610.2442673463,1243947.4996277448
2021-11-22,1140227.2660294576,1310238.4857891921,1180791.3501797246,1219974.237282834
2021-11-23,1136959.3331377944,1300732.014823205,1172224.0864265072,1218047.6623733854
2021-11-24,1140201.4011002653,1317648.916724182,1187469.655575303,1227690.8851744037
2021-11-26,1114164.0895906084,1284149.2470474874,1157279.6400803046,1198679.654279662
2021-11-29,1137598.8243135894,1335398.61372785,1203465.7424843346,1240950.172764604
2021-11-30,1112586.1282859475,1306104.1767677295,1177065.4969213593,1220093.8684078103
2021-12-01,1094998.252734954,1287935.1596451458,1160691.517304441,1207540.4328614855
2021-12-02,1109476.1214945202,1283400.7271641213,1156605.071432457,1202843.6640787143
2021-12-03,1099737.1896694486,1251861.9165853802,1128182.188781515,1189871.7552151051
2021-12-06,1101813.7967806493,1244491.5569327339,1121539.9957609698,1191864.7604026299
2021-12-07,1140163.2406258779,1306837.8998022287,1177726.7305990148,1247272.0819143201
2021-12-08,1143105.5768659685,1294501.8220837412,1166609.4156803028,1242411.2496642633
2021-12-09,1125425.059558016,1264437.3756757397,1139515.2350013345,1226702.5581898608
2021-12-10,1136605.6531861299,1271641.3090701604,1146007.444115677,1246356.9104318235
2021-12-13,1121435.6296928658,1240017.2051235233,1117507.6947934139,1226947.5269359136
2021-12-14,1105563.5487328207,1229737.775443771,1109242.6583468274,1213713.2848721824
2021-12-15,1132939.6991407615,1262741.8487625197,1139926.144211937,1248511.586831236
2021-12-16,1107094.3242705802,1212087.4048242182,1097972.8401167502,1223177.2441386248
2021-12-17,1099098.204321503,1210162.2791080584,1096228.9594842636,1217079.108174761
2021-12-20,1090189.9988632845,1209852.7309133068,1095948.5543672799,1212820.1570697995
2021-12-21,1114238.6985241994,1241509.078354384,1124624.5471787413,1236189.6099779059
2021-12-22,1126351.0946377653,1255847.2987640866,1137612.8651191823,1248336.6361386997
2021-12-23,1136155.7874400355,1267768.3943720383,1148411.6236491948,1258878.6447538263
2021-12-27,1157709.7554447425,1289182.6344940604,1167809.77427112,1278832.3059443738
2021-12-28,1155335.4700933967,1277028.0722465212,1156799.5293183299,1271102.342401039
2021-12-29,1163195.942255647,1287991.4595210287,1166730.7450171157,1283186.165589321
2021-12-30,1153746.6726237712,1273617.406806399,1153709.9682808386,1273692.9163444634
2021-12-31,1152740.3375165805,1268261.7257603412,1148858.5092973567,1268920.2607307371
2022-01-03,1149844.025896603,1279525.9422564446,1159062.2320063722,1273548.4602473094
2022-01-04,1145620.5612001528,1279174.0610538598,1158743.479413244,1275890.5645590615
2022-01-05,1121177.4728229586,1256217.409653262,1137948.1311260138,1261664.3664815163
2022-01-06,1122255.1979702327,1256784.9298979237,1138462.220961759,1253405.4790077158
2022-01-07,1106549.2112289788,1245092.3784688364,1127870.489829409,1246599.8689645987
2022-01-10,1103948.3726845381,1250083.9119127314,1132392.0846666442,1253799.4018128756
2022-01-11,1115606.8236090327,1265197.1299848317,1147462.0593562557,1261089.9410282385
2022-01-12,1118791.4679519094,1260536.2858762618,1143383.4164922459,1260225.322448403
2022-01-13,1107799.705346609,1250390.5680425244,1130970.8667158755,1263238.3206849403
2022-01-14,1115726.8912991637,1255748.1968611435,1142254.3523855133,1271544.3233760407
2022-01-18,1086687.9642816384,1223350.7754633648,1112356.2627900885,1251874.9979302408
2022-01-19,1073457.0817078939,1214765.9003935663,1098828.1346870947,1248761.5482936709
2022-01-20,1058996.067919709,1202044.0502029606,1084051.7782490165,1246417.6231063432
2022-01-21,1042624.3562875565,1196257.4882548891,1077604.1106740828,1242228.8180163908
2022-01-24,1048051.3996176828,1187795.9238609092,1073386.7755664908,1233582.7440714748
2022-01-25,1034235.0263445955,1190258.4246753214,1075100.959712982,1221588.2523771636
2022-01-26,1031408.4949017651,1185038.2974857856,1069780.0461988025,1216230.7216775669
2022-01-27,1026656.3157595223,1185770.7874573069,1069406.072139097,1218006.2659230942
2022-01-28,1041962.3746064205,1200668.6935132756,1082841.983503193,1232599.343371169
2022-01-31,1051186.0570197345,1204262.6385206864,1084530.6278043056,1235312.4461559535
2022-02-01,1054577.9445847506,1216916.8165268828,1089477.2720969585,1245987.0192556314
2022-02-02,1055644.4375459235,1190070.1316811077,1066650.8020178329,1217957.4337777721
2022-02-03,1042870.7304918107,1171484.1038471845,1050236.794051353,1203964.2780345667
2022-02-04,1037676.7971415032,1166744.2703226972,1045987.528057263,1196747.5097511837
2022-02-07,1042699.7770972393,1171872.752605743,1050585.2180930108,1202007.8727605864
2022-02-08,1049744.944449974,1169648.7574310268,1048591.4039604852,1199726.6867674433
2022-02-09,1061284.5636538782,1186008.4511767474,1058655.2876555352,1209273.691354039
2022-02-10,1047790.505019895,1172978.9428119755,1046162.6189635271,1192084.7773584388
2022-02-11,1042773.5445488744,1166018.846587028,1039124.667373247,1185011.3129884652
2022-02-14,1033519.620164654,1159811.473694973,1030943.454874905,1178702.8325358946
2022-02-15,1043329.2490278442,1180581.7243020695,1049405.8984747077,1193551.0530749336
2022-02-16,1046997.8911689495,1195248.2437418618,1067269.561127117,1202355.7886967163
2022-02-17,1034231.8872074387,1172607.506688118,1047338.7273749615,1179580.4184759604
2022-02-18,1028165.1275100455,1148712.8232605925,1034193.1054738775,1155543.6452879752
2022-02-22,1018506.8360800691,1134116.548889708,1024302.5053005202,1144492.4981492886
2022-02-23,1009815.6046922763,1116206.6850422616,1009832.6718899058,1126418.7782689598
2022-02-24,999021.3814843948,1112407.2614981444,1001335.1509228272,1122584.5940770519
2022-02-25,1020014.243178948,1137645.4757844906,1023525.5956347651,1148053.7109378239
2022-02-28,1008761.5188480363,1138884.653017544,1024041.2995611677,1149846.3509648317
2022-03-01,992181.9711494519,1125106.7384392878,1008069.2443569949,1139892.5785970334
2022-03-02,1017678.1581000334,1140399.543940408,1028300.8740249875,1161634.7378493536
2022-03-03,1004448.0712539547,1110041.328360856,1015016.1983393183,1137829.6114428253
2022-03-04,994854.6248272475,1095090.7529462376,1015792.9603398298,1135914.977729871
2022-03-07,955720.247057183,1064210.4464253115,996508.9993204796,1133637.6041711045
2022-03-08,954988.4090606179,1037821.4222279531,979389.3715429201,1105148.5717540188
2022-03-09,977850.653555471,1049612.0086303055,983807.7565997613,1104028.3823076957
2022-03-10,984450.0301259664,1045255.8514323089,991603.5187965081,1109684.306600153
2022-03-11,968044.4538489813,1013636.3306987745,985363.6331219457,1098410.386253174
2022-03-14,957708.1176210851,988250.4736372791,980250.2876944385,1087528.8158390718
2022-03-15,975161.8799916239,1006873.3778061313,992078.6930668775,1099831.8192991982
2022-03-16,993288.3047351743,1022596.967813836,998815.5551722659,1102780.903587835
2022-03-17,1014291.784771103,1038632.1566857446,1008700.0255939115,1117097.376203817
2022-03-18,1022420.7443036693,1056368.3621767496,1011633.6266844632,1130987.2391244906
2022-03-21,1021834.7771072505,1045429.6684533608,1009651.6923362669,1123089.283472264
2022-03-22,1033305.643153581,1070082.0156769108,1014432.9982953912,1129452.2457368958
2022-03-23,1024949.0534627157,1067181.0722112763,1010862.5054615532,1126452.3437867018
2022-03-24,1044653.5191957445,1089249.0486735138,1024351.8853251375,1142588.0729250764
2022-03-25,1043792.4740930275,1090752.244731729,1031235.3751892888,1149969.8003451705
2022-03-28,1055674.806747195,1102012.4064336936,1031262.0576778579,1163272.8224981131
2022-03-29,1070458.7402577188,1119808.7021332327,1036880.5928463402,1173650.075551101
2022-03-30,1065924.0155254698,1102921.05761902,1031400.5507042118,1177816.833682223
2022-03-31,1058103.2750172531,1092448.8386730002,1030926.804990376,1174874.6041207828
2022-04-01,1061063.6524864512,1107040.690773388,1036974.0399234554,1186813.5572474038
2022-04-04,1070746.5507309842,1123024.4417978637,1043784.952851913,1188354.9951110885
2022-04-05,1050174.9315621583,1088237.4695207165,1033655.3417003956,1189411.9495756887
2022-04-06,1036917.8820600793,1053900.6414572743,1041063.8660049561,1204930.8589484245
2022-04-07,1042652.3715163113,1060539.569265109,1052132.7531376397,1211316.8443535662
2022-04-08,1034405.5347057588,1064930.1454358792,1058953.3075842864,1215646.7025712347
2022-04-11,1012693.4900298595,1038176.8703089559,1039096.3908500173,1189255.8346007657
2022-04-12,1011797.600442239,1036293.1474379712,1035756.2885131701,1188401.2362305683
2022-04-13,1034079.9272731456,1056869.908078658,1058126.1969023803,1205564.1057207678
2022-04-14,1016513.37540017,1044701.4700400119,1048084.4013786488,1193410.9644950735
2022-04-18,1012896.1419374011,1036906.2035077813,1036880.7739032211,1186535.4461586194
2022-04-19,1034204.2480834703,1057861.1381554662,1045728.368400029,1203551.210524329
2022-04-20,1032245.3353713128,1036462.2273834867,1053089.5713428645,1207306.964847472
2022-04-21,1010497.3760498427,1002661.3134968369,1023580.7489009951,1201833.3612192357
2022-04-22,980327.2604196098,977084.9756568094,996119.2763809059,1171098.589112643
2022-04-25,991566.4415716134,983954.0208482284,1001793.4795745697,1178782.7965761898
2022-04-26,961730.749336401,949517.0479423883,964341.3705565311,1158393.8068196296
2022-04-27,962545.1963313918,957023.6880903896,971715.8452726385,1156776.3026726956
2022-04-28,977847.6817519524,971133.3184181188,983144.9993696876,1167573.7684167942
2022-04-29,942614.0628356372,943146.8631433544,956867.7053837545,1132150.4091718118
2022-05-02,945798.5176017884,938547.1799569236,945025.0108299407,1121592.1546178558
2022-05-03,942581.1342569739,954408.1935306553,944619.0937472724,1142944.4297267867
2022-05-04,965577.5061399791,978868.3631496042,965813.1645027417,1170500.7051161889
2022-05-05,933467.0397328914,953645.133844791,948285.708521782,1147184.8384280591
2022-05-06,916762.4579249489,944644.692075883,942060.2176755734,1140133.8240599353
2022-05-09,889057.3288230248,933680.4495212983,922407.2526558449,1126900.590552627
2022-05-10,893022.8573800006,927430.4838391229,924631.8389256262,1123239.9467107353
2022-05-11,887375.7217494177,923153.2253537772,923111.8096802091,1120261.788310416
2022-05-12,885261.0635798103,911257.4182687352,922750.8317382591,1105826.0286201676
2022-05-13,902948.3956032853,931545.3873051701,938693.4954555443,1130445.8163755892
2022-05-16,905240.0072149425,931454.6871892492,943378.7357231514,1130335.750276841
2022-05-17,912643.1675736606,939694.9546775605,937377.7004576974,1140335.4518855033
2022-05-18,881775.1014785797,900369.7368869327,910469.9745672771,1093562.0341281665
2022-05-19,878398.21845045,899845.7868877549,909993.0438894724,1092444.7331997023
2022-05-20,862594.6568482355,904333.1935932204,911741.8003337902,1095336.3577837665
2022-05-23,875575.9236277646,910285.3539946262,934991.5362700827,1101438.6461360732
2022-05-24,883564.0615203782,905381.0499060646,944528.734652446,1095504.47392091
2022-05-25,890302.9275985232,913852.3068816476,951419.2884664226,1104465.9396393888
2022-05-26,889202.3051155686,934175.2304316447,951129.8569661513,1118364.2124161941
2022-05-27,902316.918335706,956455.4176222101,969813.205079363,1142699.9933276488
2022-05-31,892475.435751239,949450.8470027203,960381.9748732969,1134422.8513316328
2022-06-01,886328.3627816654,936483.8843578858,953754.0683182513,1119130.8454085472
2022-06-02,893776.1006976299,969747.0583484421,976379.0676526551,1144060.538284119
2022-06-03,884195.9779475995,952604.7896224161,964849.6501746039,1125519.3850346801
2022-06-06,883540.0415324613,959254.2038138355,968274.0069139629,1132934.9377172657
2022-06-07,895744.9669664515,976025.5767514702,975948.4019868844,1150112.246709996
2022-06-08,888098.9134131182,967833.0691036048,967485.08958738,1141461.1003585074
2022-06-09,867193.5734259048,929351.711503803,937456.0465168383,1104723.6737211994
2022-06-10,846429.1820853073,902466.9979466157,909754.3474948427,1076651.2919920015
2022-06-13,802253.810898246,850269.2075800619,862336.4086551445,1021561.6231797029
2022-06-14,806980.6566663039,858822.9338213595,855876.622604189,1029425.1312654099
2022-06-15,816045.20763106,858294.2774366997,860528.7492205815,1028791.4591232941
2022-06-16,779977.1763728082,828222.1557001469,834925.3523769593,992745.6146925497
2022-06-17,783403.3114232587,837965.3673237207,835995.7681902141,994240.2404569258
2022-06-21,807284.2828694232,858556.0598276281,858357.4577680532,1018670.9578404413
2022-06-22,796059.1084929694,855179.0809318281,849879.6714911473,1013150.0843629354
2022-06-23,795524.9358185577,886137.3520380162,861200.8155284993,1038385.6532855299
2022-06-24,818693.8630002098,913874.8473116956,881041.5106972845,1065620.1887141317
2022-06-27,813568.721765476,888617.8394344904,871968.8455699044,1044186.7750362119
2022-06-28,795894.0244214272,854989.2050733026,847849.6983107865,1011671.7228042191
2022-06-29,792897.0741278284,859306.9852896371,852388.8026949462,1019141.0451298209
2022-06-30,787190.4209646959,844292.7057872972,846423.9322386502,1009932.5122439932
2022-07-01,794340.5234693373,865152.7362960306,862582.271608359,1029241.235528543
2022-07-05,795739.4491749716,900491.4609257353,876555.0700197908,1044831.3976654025
2022-07-06,791618.8597874438,888958.3015297302,872074.2047212723,1036831.2631145362
2022-07-07,801505.3640740847,903371.9198343192,877921.0027568459,1044524.6385588838
2022-07-08,799694.5884959202,907918.8915313615,876483.1431891612,1043601.5334835612
2022-07-11,781222.0429083757,866875.128197203,858699.145083986,1010668.3804752799
2022-07-12,769966.2797915075,838092.4309534685,850600.2752661648,983777.5572538985
2022-07-13,768514.2089970054,834848.1489164716,851390.4029719528,979559.3113132506
2022-07-14,762790.8078575056,821547.4192495233,846414.055964105,977533.7275349216
2022-07-15,778919.1211833325,833865.2375742706,854141.6218626638,990280.9330794185
2022-07-18,770954.4403659512,820031.9115917188,842648.8974983089,970357.8279622444
2022-07-19,790563.0299028022,834116.4423101093,857460.9147969459,988361.6331636445
2022-07-20,802517.7656019691,847749.3005366316,855756.1586788164,989514.9057213647
2022-07-21,813124.3121101569,857818.2088787513,856500.0038913887,992786.9822656556
2022-07-22,798609.7175598195,837723.4057699487,850618.886732674,978943.253175942
2022-07-25,792328.2384976305,828669.070224188,845363.5395063178,972513.2392994214
2022-07-26,775119.3274193447,807140.5075950542,843934.1561986157,961180.00049566
2022-07-27,801554.0139386264,839580.2715563782,868627.2487969422,978852.9112203753
2022-07-28,811229.6418445861,851697.1320604444,878716.8406075718,1001648.7760534534
2022-07-29,819385.4105771617,860760.668075582,891394.9153014771,1012449.2877773908
2022-08-01,817706.6958278317,853273.6835539187,891688.4750940914,1013133.244853591
2022-08-02,820438.1412149569,855905.3988278297,887366.4414504857,1007760.0182823768
2022-08-03,849583.5245159686,885272.0308237885,899888.5601871319,1020827.1561907886
2022-08-04,851786.3067278912,906860.7281049928,909957.5327592314,1022766.0260423197
2022-08-05,853267.6996645097,907591.9784518185,917967.4168524585,1019579.7716982196
2022-08-08,851277.8838084409,922408.1614392824,921605.789670839,1017886.3374126564
2022-08-09,834928.1357506176,901200.3359453314,903777.857623573,1010805.3450183377
2022-08-10,863092.3459223022,938416.1530798601,922543.4556609911,1029191.7306227669
2022-08-11,857822.6047326447,924532.5915378563,915806.2102361692,1024992.5214636743
2022-08-12,875301.3844671195,952554.5425025552,933393.0045675959,1048087.1192199896
2022-08-15,880070.538338902,955687.6495189012,938529.740382281,1055440.4232497942
2022-08-16,878361.7163939697,948509.2422515801,929618.677904486,1047671.7961430383
2022-08-17,863174.1576569674,923022.1744593524,908528.1955468054,1034892.373286785
2022-08-18,865596.7875649089,924865.2262100718,914321.9275124951,1035807.105028982
2022-08-19,847742.7330456366,885673.423858215,889724.6289524651,1023450.2355463981
2022-08-22,826218.281713288,858077.400151596,870887.8239430564,1005504.6679072325
2022-08-23,826062.7743364262,855514.7022989572,867062.6964613915,996950.1454761126
2022-08-24,830921.436380248,865381.0053473553,870343.7207074781,997382.4725577993
2022-08-25,844813.4848218308,881967.6650271557,882944.80665178,1007460.1209987281
2022-08-26,811434.4966881949,841140.9989247987,847316.9316730978,971722.650195595
2022-08-29,804294.860029531,837275.3658488251,836199.9514361025,969355.7275292674
2022-08-30,796520.1253631501,827551.24050536,832135.4547058142,953521.3602728975
2022-08-31,792110.7691406928,832648.533057756,838465.1602626055,952084.3030826071
2022-09-01,788820.2553298284,826906.2903377989,834320.2134608506,955377.8978509184
2022-09-02,779113.7657487019,821934.8351198549,826618.5484863127,944877.4681931153
2022-09-06,775778.9654687787,820453.0410892467,825826.7571939798,946094.5463764693
2022-09-07,794678.400363764,842026.1967258708,846530.7212363981,968215.9238864867
2022-09-08,804529.2043564924,858721.0780766561,858466.2423384999,972628.3023011034
2022-09-09,821890.4308914527,879084.905703644,871276.7724455094,985393.0332257933
2022-09-12,828927.0096039992,885635.9226721601,874913.9069967729,987654.7443775004
2022-09-13,790841.561157937,844828.9737488382,838603.2440927665,949684.4627758744
2022-09-14,798142.592736624,858955.9346223072,847051.3266367284,959351.0462047823
2022-09-15,787955.9483080878,853209.0251416162,840943.4347413285,950559.6468740982
2022-09-16,780246.6002602814,831520.2016823749,824947.0901319087,928968.94669212
2022-09-19,787923.1822525837,835333.4731374093,831251.1861560631,933229.108694038
2022-09-20,778385.6102922803,826526.6758840631,822487.4278505513,923858.694286402
2022-09-21,763782.2183695716,809392.0938617748,804266.1902704786,906510.4493896932
2022-09-22,746818.2832083647,791715.0568022114,786417.4847600565,892013.2543067423
2022-09-23,732177.6565337954,769872.3954332682,769481.6278260875,864428.0693772453
2022-09-26,725076.7675682423,766468.5208600007,767549.4960958132,861175.8334029764
2022-09-27,730862.0348474182,764168.5427447257,771528.6898156068,867525.9287361618
2022-09-28,753541.7029721461,783083.8200123876,790565.5765054573,895201.6235952299
2022-09-29,736738.650149022,770287.154688912,777646.6490033658,882845.613618125
2022-09-30,728679.1458689175,764935.288159433,771614.1680568045,876956.0547207014
2022-10-03,748746.3884659226,786567.9726154659,793350.0945586845,907650.2360788342
2022-10-04,770519.5736713494,813900.401685145,817329.5941475384,937615.8681085557
2022-10-05,772073.1914826413,815062.6593893396,817782.8889453021,937286.1481373839
2022-10-06,771133.0715945063,814982.9725638344,817959.6556048983,937928.6458909168
2022-10-07,756499.735519327,796698.9389490846,797402.0882812564,917581.0526136047
2022-10-10,744865.1119088862,781408.4770208644,785666.3832373918,899970.588402931
2022-10-11,730558.135531675,776604.2639026041,774249.516513955,895661.5164537558
2022-10-12,728835.5255469831,772089.301396845,768200.5494831163,890454.3879938647
2022-10-13,746890.8991607816,789193.3337268737,782150.0905533157,910180.5525879196
2022-10-14,728308.0306006207,770049.9851814571,769030.5188108985,887098.0607956405
2022-10-17,749386.3281330041,780285.0957279236,785687.7150709654,898888.9144967282
2022-10-18,751821.1477509328,782105.6885022765,785923.9193357697,903204.768532959
2022-10-19,735731.4855634421,781254.3555317416,783950.4215988285,899025.7189922289
2022-10-20,727823.9770504294,776575.705747163,773321.8997803101,892035.7662403686
2022-10-21,750840.2563242947,802600.0089109244,796074.0585444103,921929.3220672563
2022-10-24,763753.5089184616,811558.8739213049,812998.5531868032,930941.6888972518
2022-10-25,772697.5017797792,819974.7654881482,821429.3742738315,936514.5379646647
2022-10-26,777921.7101675699,828983.877967555,830454.4686281878,945969.1342571863
2022-10-27,779213.7455193908,825556.050204833,827020.5600095794,942465.3027599574
2022-10-28,809556.0183380416,855611.2294338875,857129.0561571561,972372.1113175151
2022-10-31,810372.2076354228,853260.2255518712,854773.8816700848,966892.868467314
2022-11-01,808522.7554989379,849060.1432368162,850566.3485444764,966494.9438439435
2022-11-02,788103.3983355669,825587.4382928527,827052.0037790547,946276.4360047685
2022-11-03,782753.6595642025,827854.9328141679,828842.3740869231,949375.7490805814
2022-11-04,792440.4289973164,843609.5737328478,848933.3759230305,964188.2897561771
2022-11-07,796095.3638899011,853054.1010934181,854050.9869012071,973875.0540902356
2022-11-08,796519.7799077359,843308.3769047474,844293.8737817315,981690.6570461275
2022-11-09,783880.1438825104,842449.7408246899,843434.234292721,981601.6419609973
2022-11-10,823361.1596048377,873767.7747654726,874788.8667370728,1005414.4298793753
2022-11-11,830061.7547842473,891552.5870306886,892594.4624753636,1005401.8706149828
2022-11-14,822149.0792046856,872987.3283001222,874007.5082357753,997971.5989321918
2022-11-15,834323.2524081436,894345.4945894567,895390.6338481198,1010071.9773403715
2022-11-16,822706.0068736546,878838.5704609706,879865.5882047539,1005020.5658828745
2022-11-17,820431.4559823475,871345.9551157578,872364.2169296519,1003542.801793281
2022-11-18,822728.1105915714,860972.7239489157,861978.8635223589,1001603.692174187
2022-11-21,817629.3119532203,853296.1209029241,855854.8479064675,1007492.4382898124
2022-11-22,829526.7878397872,868837.0016050526,867256.1245218726,1016581.434892616
2022-11-23,834130.4912026176,881370.2944865237,875224.6415579077,1021632.9783566663
2022-11-25,831113.7477037308,873128.6237197755,866570.2314179683,1018655.3363844405
2022-11-28,820813.7113004025,863993.227711969,854323.1064537867,1005680.8067996891
2022-11-29,818409.020941911,862646.4627468033,859073.6735617028,999148.0706237826
2022-11-30,849091.7859135407,908120.4409184238,891734.385054108,1029785.7588892427
2022-12-01,851280.3454898951,915091.7354897828,896483.1046489484,1029772.2672017773
2022-12-02,848757.1918734696,912846.7663347111,898328.8904346678,1032790.2344239979
2022-12-05,834183.2197651108,899535.3979346388,885796.9266302219,1017763.2038130767
2022-12-06,821621.6575529289,875512.2095501379,866378.7206792147,1003537.0093240445
2022-12-07,821590.6931280161,876716.8854624578,866218.196962217,1002819.0374081349
2022-12-08,831816.370235853,898248.4675616499,885051.3971217372,1017320.7540344886
2022-12-09,825079.9746827353,886452.7740548439,872631.4052240723,1006667.4518577639
2022-12-12,837301.870356395,896125.9598708333,877490.1253429044,1013985.0340382963
2022-12-13,843445.3454350692,912369.6128258212,891447.5169997751,1025012.4736234641
2022-12-14,836141.0492207075,905318.5125741089,887915.9607625579,1017424.258666962
2022-12-15,808680.5440466007,866835.6672032779,857618.5927882282,986793.8808741991
2022-12-16,804061.3093250997,861060.790653983,853930.5920521972,983687.0957666145
2022-12-19,796334.069184317,849685.9470851177,846917.7372592177,976317.7596462303
2022-12-20,797390.3572905582,851607.0734531826,848179.9564381735,975658.9465303695
2022-12-21,809673.2510090596,862779.1828137712,863719.6971799311,989114.2246107755
2022-12-22,793718.2887101113,835643.7303437924,847157.5020113921,973430.4395459106
2022-12-23,795697.0872422915,834874.8312338567,846100.9033505496,975034.7203407853
2022-12-27,790317.1318106854,831256.1163584539,844103.7307542239,976289.3184380654
2022-12-28,781120.1375243233,821643.7729230865,835659.720170535,965355.4063607324
2022-12-29,798302.3101436936,832458.3026632745,841956.538954433,971240.9806589552
2022-12-30,795930.7384913979,831243.0479557049,839194.0066664851,967817.2735867101
2023-01-03,794398.2470362425,828613.0902526741,839081.6175391601,963505.3228478989
2023-01-04,806543.082452886,844538.4902130443,859957.0687256975,981784.3758885694
2023-01-05,794061.8418153941,841870.7712714633,857455.8678563855,979399.751120133
2023-01-06,816113.6246780735,851795.2043887546,876097.3158012341,996537.3025813285
2023-01-09,817996.6304578546,850897.9574584258,872194.6874017431,989387.9797748832
2023-01-10,824851.2540336867,856846.3608551425,880015.1724778179,991667.8794861408
2023-01-11,830088.59373398,857463.0338445099,881231.6653279819,991713.4576166384
2023-01-12,830723.5400791082,870442.3391523904,888068.5506667279,997088.2790594486
2023-01-13,836187.7185325377,887836.1279286691,906002.2857045196,1007454.2107024088
2023-01-17,833757.6811608041,894351.6506840229,910318.6599044256,1004785.8703525022
2023-01-18,819313.1141990329,871087.3570176174,883416.3685471991,984377.3670201784
2023-01-19,814181.5527052112,865565.7148008229,872801.6576804153,976466.4895066814
2023-01-20,831360.053528762,896073.398315268,890906.3510729877,999178.6964241369
2023-01-23,843631.0549414686,922881.4878719201,912702.0728101195,1018421.6720624424
2023-01-24,842169.9827611903,916081.6319796905,907686.7473746681,1013808.3566995974
2023-01-25,845911.1932252266,924481.8407078695,918323.8246586908,1024843.7239118097
2023-01-26,860131.7884836951,943815.8063603307,937007.0148465207,1046971.7689651903
2023-01-27,861308.3286060955,959959.5451527423,953034.2909234848,1051723.6994780076
2023-01-30,843759.0276528577,924684.8594818817,916122.207965128,1017411.3622219425
2023-01-31,856162.1885645188,937153.1252760853,925017.8121243779,1027336.6590102485
2023-02-01,878616.2460154518,963825.4177905051,949723.916098902,1050369.2108778534
2023-02-02,899992.8695452001,1024748.5369962811,1007629.6866461792,1095385.1013157924
2023-02-03,880346.425120191,994491.9296484544,982233.4317320375,1073406.850587662
2023-02-06,871245.1265822494,983267.6441689377,969365.094151207,1064395.046802723
2023-02-07,885178.070806108,991072.9271871108,976272.9861976517,1075429.5029581194
2023-02-08,869960.2855767901,971645.164442414,955531.4541791889,1055051.5620135637
2023-02-09,867073.5864996392,954026.47126128,945675.1374476313,1039982.322304732
2023-02-10,859720.6175162601,924150.3767784169,926137.1583288567,1004891.1148279809
2023-02-13,872491.0699047664,942778.5181429962,947725.8311482518,1021405.4330708365
2023-02-14,886684.1485535877,973979.715364615,974524.234335021,1054868.3941237363
2023-02-15,901467.4969267602,1024112.2986279093,1016276.8790701019,1088403.018684924
2023-02-16,879075.0481243972,973255.344404094,978003.105421401,1062402.9272296454
2023-02-17,869086.3322906152,950450.47257923,957527.4207995353,1054793.5288726154
2023-02-21,846626.5680035205,909445.3536509989,917952.0908637143,1013898.9037899275
2023-02-22,850936.0244722317,921123.1755120797,933256.220051027,1031778.9375371789
2023-02-23,858056.4161368321,929629.0630625642,949300.0677341983,1055401.6907599478
2023-02-24,843826.6537485097,908068.5967787646,932918.42116723,1036979.9442583264
2023-02-27,848595.8313627891,915709.5784239358,941439.4599196708,1055251.9641146075
2023-02-28,848917.1393966541,917586.4185061865,944626.2384259668,1052463.647812646
2023-03-01,845220.6482961449,906714.3499260278,931369.1490701918,1041850.2557998584
2023-03-02,856367.8301172878,910955.1697558347,942465.7447485321,1045102.7782393771
2023-03-03,869213.9536988746,934323.2622812805,960295.3246256703,1063809.7182304931
2023-03-06,864805.4214128111,925515.4511190924,953520.9842050723,1057413.848012077
2023-03-07,855615.6579401868,916493.3520478876,949568.3787130357,1046183.0083800195
2023-03-08,861093.6916145775,922858.7797808973,959564.1336352993,1053930.0614073055
2023-03-09,839619.3080044242,892152.1768802468,933116.9979806836,1023989.7201618028
2023-03-10,820483.4794146171,879896.0306670645,918711.4843260145,1007614.7356786494
2023-03-13,823731.0282638171,884516.7923311187,918995.8004913494,1012739.9620491511
2023-03-14,841980.0256707094,913597.7203284531,948740.43854677,1039690.0502667677
2023-03-15,836438.8091988211,911709.2125383927,943952.3980684842,1037891.3357319457
2023-03-16,857521.5680436678,943769.8911890374,979656.9830934133,1068566.0237144048
2023-03-17,852355.6099929593,937793.5910578901,972309.5062039642,1063117.6188501678
2023-03-20,858212.4078825826,937662.745855092,972791.3562340381,1061401.9442517417
2023-03-21,871035.7420593565,948277.7512349387,983804.0423256413,1070063.4367616577
2023-03-22,856135.8477832411,930814.2799121048,966953.7155934697,1054527.50736163
2023-03-23,867367.609180545,946443.2809668275,983189.5222060471,1069026.285374318
2023-03-24,864587.3028291366,935734.9268771197,975224.3163988886,1057656.5683048225
2023-03-27,863873.8531278687,928323.3806778218,968138.7732255104,1047909.9691101388
2023-03-28,860750.6564155308,917780.4840044455,958217.6171612793,1040084.3278694554
2023-03-29,875050.2851830317,930625.6025466501,969144.3683761361,1054317.51966863
2023-03-30,883125.5841990681,944809.8031448507,978593.5387203008,1059628.915062152
2023-03-31,899079.3674064254,964835.2270797673,997419.2611862465,1072513.03885713
2023-04-03,898075.5868004643,964117.0692520072,996042.168151273,1073540.2300710706
2023-04-04,893323.4112078585,960293.9801255568,992342.9966242751,1073337.7990619845
2023-04-05,881850.61330345,930000.4670155545,961038.4625961373,1054740.1423041432
2023-04-06,882372.997601169,941021.2145704154,974339.0710558003,1061502.9836582947
2023-04-10,886359.1933055241,940527.8874702795,973948.7759664485,1053185.4465975226
2023-04-11,886581.5140599816,938173.2415288709,971510.4596091977,1044550.0490410776
2023-04-12,881833.0321961683,925805.6458245416,958703.3915165357,1043610.2631367478
2023-04-13,893927.4257823384,943800.4995982777,977730.8297576321,1063202.5348604189
2023-04-14,892324.3054609956,943414.7486561311,976704.99990776,1058455.3137929542
2023-04-17,892293.7597924292,930686.4639610072,960842.2507099101,1050843.7623345903
2023-04-18,894332.5811390084,936416.1785744872,966485.3639822426,1050424.178745793
2023-04-19,892368.7729130738,939343.0604250942,969506.2307030881,1060609.2956292059
2023-04-20,890518.1692446913,924517.9532120378,954205.0756518175,1058823.0918388197
2023-04-21,893057.8240569915,923147.4802698848,952790.5955620556,1063042.2516756167
2023-04-24,891428.8313241955,916821.8504588563,946261.8439554402,1062724.8829878925
2023-04-25,875048.766747012,894984.9560507401,931441.2704599731,1053468.3594790976
2023-04-26,872629.89700108,897318.4342226334,933869.8005244447,1047541.1233312478
2023-04-27,888919.3595805987,918002.9292325,955396.8576895496,1063194.0099777177
2023-04-28,894956.8684110353,928963.6850229953,963274.7058665403,1074277.4134925422
2023-05-01,895042.7574478072,921932.428967668,958242.4480704964,1079169.0487156454
2023-05-02,886555.8749918452,913424.7859720852,949399.7342280886,1080735.172056224
2023-05-03,880804.309780908,901623.9099407623,937134.0844013508,1069146.4443239497
2023-05-04,881220.5935729692,902435.2328908867,939424.2224887994,1067935.8960333944
2023-05-05,896054.8587786932,917327.2144264166,957152.76855251,1076592.2909064249
2023-05-08,897818.2261763136,910788.4573683838,950330.132831513,1075733.722023968
2023-05-09,895335.6375361424,913702.7867700796,953260.8806261997,1075482.1966246602
2023-05-10,901126.0053167115,928547.7393876063,968748.5346094621,1078283.1249194911
2023-05-11,903213.6130619547,941474.011820759,982234.4405531222,1107094.5568475048
2023-05-12,900254.5027943008,935183.9405219028,975672.0452180424,1105982.1518722316
2023-05-15,904449.7397547176,939904.8218565445,980597.313657138,1108841.0861300037
2023-05-16,898035.3855694665,939267.7610105078,985306.9795179395,1109551.0990327406
2023-05-17,907836.2890135895,961523.8923685044,1008654.0190676732,1117720.6182556394
2023-05-18,925301.2589155373,994999.9645320014,1043770.956876817,1133227.1492159762
2023-05-19,923354.3169694516,990549.1882912021,1039102.0210564135,1131412.4643680986
2023-05-22,923622.9329050292,995198.0270785575,1043978.727671902,1124265.5351631334
2023-05-23,910421.8371489797,974134.4760184108,1021882.7240246919,1103739.6458238622
2023-05-24,905201.5215515527,971118.5973591083,1018719.018832476,1093114.0007093525
2023-05-25,918384.6809502468,986565.388201845,1040308.3733046204,1097902.8996034535
2023-05-26,940043.9252494515,1054919.424156678,1112385.9839763108,1164968.9656361989
2023-05-30,939853.2793113434,1063272.2284957804,1121193.80593972,1172714.6155002315
2023-05-31,935178.4915278063,1043141.7074830419,1099966.6781497353,1159641.521153375
2023-06-01,943396.3933495979,1053395.9673301678,1110779.5370930738,1166504.7175561187
2023-06-02,950585.308464693,1059106.6646590452,1116801.3237072055,1164322.152183596
2023-06-05,955391.9764130816,1069556.574467482,1127820.4906108906,1177816.9462222978
2023-06-06,955298.2562220811,1073079.1426123485,1131534.9500683825,1175091.849076248
2023-06-07,937623.7766683442,1028479.5906876834,1084505.8449855163,1134949.229722062
2023-06-08,949010.8376588429,1054775.3940072113,1112234.1078084558,1158818.2443517768
2023-06-09,950777.8115549765,1062504.0803163145,1120383.8130161958,1164706.7010675052
2023-06-12,968573.4090080432,1096144.4151226175,1155856.699454624,1195950.9692603473
2023-06-13,977109.4402625153,1103937.3025199983,1164074.103094226,1204826.0861475752
2023-06-14,980725.3513597079,1113177.6453689947,1173817.8120799395,1208238.2935989625
2023-06-15,990404.4772536234,1116289.5577554049,1177099.2453749727,1222899.460582008
2023-06-16,983955.8964307017,1101884.0798188115,1161909.031428579,1212764.4645564929
2023-06-20,976202.2642704262,1095713.5605016022,1155402.3740999345,1207567.2185153954
2023-06-21,963397.2559892336,1059068.7695953385,1116761.3643162185,1180409.4994510508
2023-06-22,967785.2412749213,1058759.1749804555,1120201.8623618043,1182184.3165914137
2023-06-23,957319.942964914,1041189.0574791044,1104214.322693268,1170175.1461913618
2023-06-26,955371.8354437423,1025805.491207528,1087899.5582524051,1153398.3688661086
2023-06-27,976521.697274078,1060055.8141751182,1124812.6079967564,1187534.6455784724
2023-06-28,977570.7689070384,1060540.059150948,1125326.43457729,1191727.6011552387
2023-06-29,978345.9429912043,1061719.6706450828,1126578.106294381,1191672.6502122614
2023-06-30,989844.8712790954,1075679.3430450622,1141390.5485347167,1201928.9459723942
2023-07-03,993459.5449526118,1088367.7178292815,1154854.0320055222,1206865.4509567148
2023-07-05,988567.6833316386,1083883.2291662327,1150095.5944580229,1210628.2380680467
2023-07-06,977134.9163020465,1065303.9893345202,1130381.3841963983,1194247.793705947
2023-07-07,976192.3360917974,1067995.8205649038,1133237.6542776967,1190816.0477431589
2023-07-10,994054.9412595663,1084634.004780412,1150892.2335267516,1198164.09297437
2023-07-11,1000863.3087196569,1096336.1001437383,1163309.1876424106,1211428.4307694105
2023-07-12,1007461.2846749482,1101780.1548807037,1169085.8093305132,1222170.3182053936
2023-07-13,1023495.8588153585,1128458.0155588419,1197393.3697852439,1251668.5223564638
2023-07-14,1021121.1285518255,1122605.765963688,1189844.649711379,1253403.6261043984
2023-07-17,1032818.357626428,1135996.3633377778,1205020.8543364396,1266083.141179232
2023-07-18,1038833.3865639078,1149351.6592727068,1219187.6339466653,1275154.7702523798
2023-07-19,1036830.9220704272,1144441.8781227863,1213979.528650889,1270821.9394240065
2023-07-20,1018550.8865887966,1114018.076243484,1181707.1403616858,1241187.2775173935
2023-07-21,1021345.9535415261,1112351.1572905292,1179938.9374293303,1242663.7413399166
2023-07-24,1020614.0449321615,1113026.203863085,1180655.0006350153,1238225.6491411056
2023-07-25,1029857.1109779174,1124525.4118251142,1192852.9141581564,1243315.3849716424
2023-07-26,1026202.336936051,1133445.1500029913,1202314.6262432036,1240850.6544447427
2023-07-27,1022581.9560239041,1123055.506532694,1191293.6956708175,1226645.4021971172
2023-07-28,1040125.7258922728,1150188.466608942,1220075.2866925444,1250350.5938533093
2023-07-31,1044973.4722960995,1156251.0630023752,1226506.2536580076,1250112.5501068053
2023-08-01,1042223.5159529288,1147083.356887636,1216781.506809145,1237911.493835632
2023-08-02,1020330.3345194353,1118930.6853393682,1186918.245432788,1222928.0004101254
2023-08-03,1016587.4134600194,1109307.4305740942,1176710.2702552306,1223238.284558396
2023-08-04,1010037.6936399932,1098908.1075861193,1165679.072026153,1217755.202302799
2023-08-07,1018063.1079391703,1094977.2645418616,1158325.0728509256,1223630.732721612
2023-08-08,1006987.4894629311,1085864.1944123537,1149560.556185194,1219381.66056365
2023-08-09,999152.3504131499,1061270.353057855,1126943.0599387193,1217567.459369602
2023-08-10,1006349.7097548351,1068035.0445526612,1134126.3588132546,1222942.036455232
2023-08-11,1000910.4967103598,1070372.647657877,1136608.6156564087,1228346.0803389493
2023-08-14,1010647.11834777,1072655.8687823105,1139033.1252953256,1227885.6582913916
2023-08-15,998508.995754517,1060646.7924721977,1126280.9126617005,1226490.5856081126
2023-08-16,989476.8867799991,1051214.954550773,1117088.7188675022,1218206.2017348327
2023-08-17,976735.7583032164,1041684.0232506532,1106726.5575498103,1207161.2298498235
2023-08-18,977069.2236865327,1037255.6143005532,1100418.1895786114,1209377.8363866324
2023-08-21,986910.770844725,1044945.5832741753,1105789.8511024686,1217233.7044724873
2023-08-22,985791.5382558384,1040636.6750285208,1099838.3621182363,1211244.0850591678
2023-08-23,999063.251748611,1053354.669069432,1112806.3839844384,1216962.5344105086
2023-08-24,980366.8848843502,1035861.6485156792,1097111.4259591056,1201403.9057072585
2023-08-25,988422.9667501474,1040256.1831163081,1101765.8063283674,1205832.5901912877
2023-08-28,997353.333515085,1051145.3026151978,1113500.290149049,1216466.8836835884
2023-08-29,1016235.7235261212,1062410.5368448454,1125433.7893066832,1229120.223050784
2023-08-30,1024029.2411536222,1072369.9249925727,1135983.9782906522,1232657.921231151
2023-08-31,1029108.6228438627,1075805.9292538073,1137781.9022235172,1229680.245716828
2023-09-01,1033570.2747958358,1092301.6863310395,1153831.3866544731,1241401.725940731
2023-09-05,1029565.1470177924,1082820.2131196745,1145213.168197726,1228977.5491058195
2023-09-06,1029369.2071447,1082225.312559508,1142787.0290974148,1228166.8511219732
2023-09-07,1025313.4465483305,1065382.2884963267,1124331.8714678711,1212117.9654045398
2023-09-08,1025699.2414038855,1060631.3308421774,1119318.0344928887,1209145.283633863
2023-09-11,1029762.8880941344,1070316.8641561663,1133128.6838156465,1209535.0822493455
2023-09-12,1021915.6523147231,1062912.449411944,1125062.3497458796,1206582.0217352475
2023-09-13,1021275.2053950399,1053406.719458257,1115880.2318924488,1198649.559446339
2023-09-14,1030052.1822833987,1066745.8279506285,1128486.051126395,1216747.2708013768
2023-09-15,1013100.5088155069,1054704.3769479247,1116787.7318900742,1206494.5901969504
2023-09-18,1017024.6295820386,1061435.1314589537,1122210.5922165962,1213371.581257355
2023-09-19,1009121.4648082196,1038136.2258919879,1099800.6821449867,1200014.464196965
2023-09-20,999775.3371491306,1026346.9304170334,1087311.1120076734,1185545.94424534
2023-09-21,980675.6140312012,1009692.4886792584,1070645.9096312453,1164747.6486761519
2023-09-22,981612.6322565504,1009783.4445396423,1070742.3563424656,1165139.6381595286
2023-09-25,982563.8277666562,1004846.1573794878,1065507.0135406102,1164704.531710902
2023-09-26,970669.4137999081,995665.4658653324,1055772.0992697573,1147910.1775439535
2023-09-27,978388.2343267014,1005588.0544809342,1066293.6977102328,1154714.774204336
2023-09-28,986082.6480378573,1007107.9125604273,1067905.3070410676,1154758.2518106455
2023-09-29,987635.0692178274,1011715.9790712076,1072791.5547020056,1150510.58552908
2023-10-02,990272.8245888369,1016759.7232408131,1078139.7811421945,1157160.7456727785
2023-10-03,970356.797359109,978886.6658501208,1037980.3915902189,1125193.7379273355
2023-10-04,980835.2730374073,993042.290839283,1052990.5676218788,1137626.8863274434
2023-10-05,979634.0836228838,999373.9372963737,1057831.3207463315,1137051.2502529002
2023-10-06,999167.1884691416,1018694.758391216,1080581.0065475395,1156559.3319836634
2023-10-09,1008910.3952666478,1029981.4590818714,1094815.4325217325,1167242.481595743
2023-10-10,1018004.803373474,1041440.8046733654,1106996.1065421668,1181393.7864409352
2023-10-11,1027954.2476763059,1053085.4437040356,1119373.7376194163,1193638.007327199
2023-10-12,1020549.801593343,1044152.2760442838,1109878.2561920919,1188781.0773873494
2023-10-13,1013714.9416193387,1033010.7575378007,1098035.4154350385,1179414.0626771974
2023-10-16,1022212.2048959262,1041682.8817412625,1107253.4215719241,1189517.3945069015
2023-10-17,1021384.4048087008,1047868.776990173,1113828.6987507066,1192297.9703477584
2023-10-18,1009653.912448033,1036316.2286784706,1101548.9552028188,1181736.7331052434
2023-10-19,994022.7928960295,1022702.9527963955,1087078.7680053161,1162532.1075902293
2023-10-20,977451.6772269906,1006246.5696300269,1069586.5091931126,1143825.7239297535
2023-10-23,974880.1878144457,1007691.9154449432,1071122.8348129073,1142235.4917562588
2023-10-24,987828.6218399282,1030475.5506751148,1096285.2267403554,1167159.47330772
2023-10-25,962563.8280806139,1011755.7272412122,1078989.399294338,1154336.6810477872
2023-10-26,947664.0340415093,999178.8339152795,1066570.4925852208,1139858.7466914556
2023-10-27,943497.3299799082,990495.2717550483,1060302.7592660438,1130623.016994214
2023-10-30,954009.9239628525,993383.8269224516,1064986.687370211,1133920.2229993844
2023-10-31,958768.0282117936,995404.4948993622,1069697.8514888508,1136226.7597285807
2023-11-01,971325.1863203621,1010559.1766263283,1083145.495396526,1151130.8388471066
2023-11-02,993202.6292842161,1024283.1263453099,1097855.207267917,1170617.8380697535
2023-11-03,1005632.0527336872,1049481.021780713,1124539.8823414384,1182436.6455544098
2023-11-06,1006854.9855192498,1040221.060562701,1119727.205830012,1184599.529827143
2023-11-07,1015158.1842780832,1052088.2195086617,1131101.7922784959,1192915.1435454136
2023-11-08,1018545.0167588304,1050987.359594136,1126211.294351047,1206653.8639452765
2023-11-09,1011556.8255559356,1037573.9906496283,1111936.2930279789,1198570.3095800406
2023-11-10,1036112.5837888778,1068190.7211998275,1145949.5683715357,1225446.7550972635
2023-11-13,1035456.4246709056,1062473.828387641,1139816.5148628957,1218749.9250992977
2023-11-14,1054555.7860125978,1084260.985842884,1163189.666479336,1240333.3404591328
2023-11-15,1051670.5672355124,1087176.5796161338,1166317.5006382486,1232146.3841576828
2023-11-16,1050772.299976251,1079507.1576264168,1158089.7837667675,1225594.2890988484
2023-11-17,1056157.9971197445,1085703.4020164055,1165744.8946227673,1223083.5921235553
2023-11-20,1070009.8919488415,1108984.537938678,1189516.6935440795,1238837.7725406226
2023-11-21,1063635.7253440842,1093772.659636326,1171656.536158704,1231305.4689612582
2023-11-22,1068884.428700955,1105749.1756605008,1182873.4552472627,1244095.026566105
2023-11-24,1071323.7096110533,1110821.7839258353,1185324.4012009993,1252384.5843490376
2023-11-27,1069782.492264293,1109561.626287295,1191312.1830487987,1248952.5251545329
2023-11-28,1070558.7385136352,1112552.164778659,1193247.2011520609,1248501.8666275553
2023-11-29,1075598.946942504,1125032.576901249,1202440.3377411144,1246872.9684011019
2023-11-30,1076839.1073454618,1125506.86506114,1206929.7670942233,1250899.104767887
2023-12-01,1085386.6377243102,1138479.4487001507,1217099.508643368,1260530.7621343601
2023-12-04,1078884.336679432,1136749.7025257405,1214666.1922492657,1258347.9777103201
2023-12-05,1074774.3413758266,1141506.2978507974,1217300.8621533753,1260018.7762111733
2023-12-06,1071030.649807976,1130076.5311214165,1202456.057272884,1262432.2739771826
2023-12-07,1081753.4534690687,1141334.004157809,1225399.2638413373,1273844.9764286277
2023-12-08,1086014.8111597388,1148794.899473772,1234226.914566434,1273159.197145575
2023-12-11,1102038.922773916,1153431.2922536673,1244849.4486674191,1291648.0277682475
2023-12-12,1110136.4873856914,1159319.4874558956,1251204.327887679,1304606.085154189
2023-12-13,1127972.6199377608,1174779.0993402277,1266519.3114889527,1321139.9443038732
2023-12-14,1132109.4172650247,1189585.6521724318,1282482.1296128875,1323938.1637064393
2023-12-15,1133552.1851212308,1192960.5969841112,1285346.3130288734,1327097.716105324
2023-12-18,1136458.8035617033,1191079.8123769388,1286969.637301048,1324825.4479398055
2023-12-19,1141412.0326091184,1194411.5640387686,1289954.1187556665,1329365.3199875497
2023-12-20,1120167.7997486952,1168523.313333233,1262514.0179876185,1302812.5164958853
2023-12-21,1137133.8945550208,1192288.5435924751,1284227.8933018397,1317873.7043611307
2023-12-22,1140772.409015394,1187923.3427307485,1280069.5977532796,1317957.5981407275
2023-12-26,1148112.5311197527,1206573.7850817,1304850.5376620681,1328228.70855626
2023-12-27,1150846.2969113134,1209956.333440103,1306917.1937392054,1328061.0461205265
2023-12-28,1151974.7732155141,1213560.9081935058,1306427.4783340278,1325919.858621084
2023-12-29,1145361.719769775,1197253.9243952532,1290795.2170454164,1315719.600302345
2024-01-02,1127247.2870341032,1167731.0179354667,1264304.5784155168,1281313.840248201
2024-01-03,1111250.9182150348,1143518.3660865822,1240003.5556332078,1268667.005690763
2024-01-04,1110625.1664969227,1152404.2332046435,1249559.938864651,1267735.8909113698
2024-01-05,1111011.009735693,1146305.2247256762,1245532.0553390486,1271245.060929613
2024-01-08,1133562.4634182951,1167781.2336628435,1269643.41379322,1293314.611068563
2024-01-09,1134696.7437873138,1169194.2586811974,1272921.589082298,1299562.7307779463
2024-01-10,1138838.694007435,1173712.6573571707,1277840.846237405,1302914.6449497927
2024-01-11,1140216.3972213855,1181348.1659136699,1288145.2801093408,1307232.1692780145
2024-01-12,1140654.520532471,1173590.702205066,1282774.1296599994,1305625.407366391
2024-01-16,1139175.279211789,1182764.1305579476,1297498.2936297588,1303376.0915860496
2024-01-17,1133240.8066794795,1167491.5325381057,1284146.2124084525,1291023.16704657
2024-01-18,1148595.5360381224,1186907.4296151192,1308498.1859086533,1305585.6115896613
2024-01-19,1166659.176205351,1227889.6310067866,1346778.4367544742,1344845.5140520767
2024-01-22,1170841.8218066932,1226919.5803036625,1350896.356420769,1339361.6053020433
2024-01-23,1175368.714631847,1227741.1807950009,1354108.370901614,1343981.8202330477
2024-01-24,1174779.7144711271,1241767.5089734232,1366361.4920671105,1354820.5113379313
2024-01-25,1180102.3136480257,1236503.004961017,1360568.7687872662,1347725.8955874953
2024-01-26,1175191.4432160198,1230290.4435332983,1353732.8638045744,1340255.0650048272
2024-01-29,1186938.3516840911,1255241.5588747791,1381187.4742210673,1356161.3265163775
2024-01-30,1178937.7990005438,1234836.8690016617,1358735.4594125561,1350975.674955495
2024-01-31,1160259.027424621,1213583.752076499,1335349.889776458,1313908.2398161222
2024-02-01,1172528.718966023,1231085.3417787198,1354607.518959269,1337308.86564137
2024-02-02,1182944.944464011,1269596.3045417478,1396982.5176297792,1372506.996464759
2024-02-05,1180665.9440951068,1268744.1373023435,1396044.8473393994,1363996.5134322618
2024-02-06,1181340.4197110196,1263846.428709143,1390655.7222634442,1363844.1990041495
2024-02-07,1192944.2290242491,1298494.2589994664,1428779.9772067158,1373768.5247182325
2024-02-08,1205768.400854464,1296087.8039819894,1426132.0681218738,1371915.6794486744
2024-02-09,1214961.444548255,1310285.1205085786,1441753.8865801909,1383454.4924858722
2024-02-12,1214728.3650315811,1339782.6175251773,1474211.044417381,1375405.935880743
2024-02-13,1189731.1024713982,1296579.5334015961,1426673.135703858,1356097.3442466292
2024-02-14,1207161.3621713456,1336918.6078580641,1471059.6714801984,1378057.2602007159
2024-02-15,1217741.5611551208,1354346.8854190293,1490236.632674848,1384829.2055165253
2024-02-16,1205751.3706346434,1329459.612455444,1462852.2703249922,1372612.5215021786
2024-02-20,1196490.050804318,1289749.9188558173,1419158.2649622904,1354661.9204855072
2024-02-21,1186078.8241944427,1230572.8451167138,1354043.6004328793,1297771.0681326168
2024-02-22,1220782.212110962,1296269.0547247212,1426331.5048388818,1348405.6910833996
2024-02-23,1218971.24825843,1282116.0032561051,1410758.3928173343,1345723.311842243
2024-02-26,1229575.6797747489,1310299.088423256,1441769.2559795359,1357812.0753378612
2024-02-27,1235308.826158827,1319885.2471063212,1452317.2514672042,1374366.9757195523
2024-02-28,1234467.8616881438,1330199.1519625054,1463666.0122670294,1396845.7367841671
2024-02-29,1245664.4345135589,1357414.8754446267,1493612.4525434861,1407148.3459629852
2024-03-01,1263857.1765840845,1395591.5531368244,1535619.6253167535,1438243.505081386
2024-03-04,1266220.4588922216,1427604.3663318797,1570844.4760930655,1481542.5297310539
2024-03-05,1242742.1735789909,1379733.5330760635,1518170.4749767159,1446501.8618307288
2024-03-06,1258998.4265978641,1443761.2924951084,1588622.5235778624,1490614.0842952626
2024-03-07,1272018.1634680985,1473725.374924713,1621593.082141424,1512807.5848833832
2024-03-08,1254903.3966086926,1458269.3561627863,1604586.2683019943,1494197.136618476
2024-03-11,1246183.7205614252,1430139.2982693163,1573633.7529579338,1490691.5674103755
2024-03-12,1260728.5978619352,1459003.806824048,1605394.410803807,1517688.9053619069
2024-03-13,1254217.4802683908,1469454.801954486,1616894.016967457,1530424.0735395898
2024-03-14,1245002.2036064954,1449988.742105813,1595474.8105642481,1510609.3232056985
2024-03-15,1238347.8890568998,1446022.7086419603,1591110.8411721534,1520307.632001869
2024-03-18,1240714.298062047,1448301.8843884,1593618.7002931922,1515619.6729927433
2024-03-19,1241708.3414888948,1441031.2612719694,1585618.571945627,1512670.5668700668
2024-03-20,1259260.9823512777,1486244.0782950248,1635367.8621160958,1540558.9900273404
2024-03-21,1273897.4921664782,1505792.7039942865,1656877.918696966,1556827.6175678547
2024-03-22,1269558.286252414,1507030.9634391663,1658240.4201398254,1547667.2814800553
2024-03-25,1271834.0350736221,1565124.8475498843,1722163.2121277687,1585419.0299073241
2024-03-26,1270850.5527997569,1547870.8539742182,1703178.0218761305,1580048.4338254952
2024-03-27,1277429.3708830546,1539720.7443714899,1694210.162887373,1583477.7841757946
2024-03-28,1274498.669058352,1520857.3487416103,1673454.0896191956,1566509.1717321114
2024-04-01,1273258.8820458464,1526926.303535028,1680131.9790525222,1568281.297852766
2024-04-02,1260344.875124201,1512888.208141966,1661532.028948715,1554128.9289969977
2024-04-03,1267902.55460753,1540909.6967921585,1690732.5462637376,1573294.139129599
2024-04-04,1247435.1302575425,1508924.5362947658,1654196.1928811746,1545928.4441774513
2024-04-05,1264542.8906159191,1528529.5642697886,1675688.69423399,1559217.3409504362
2024-04-08,1267481.689260845,1540395.5991200097,1688697.131171486,1570698.5545863456
2024-04-09,1268063.2777676259,1524706.9664031272,1671498.0758923502,1553290.416494808
2024-04-10,1256988.790694582,1542694.3358112313,1691217.1786566917,1549000.6144656856
2024-04-11,1271631.091538263,1562730.6940038768,1713182.5365286395,1569118.8779684433
2024-04-12,1248040.4012709372,1523056.5263851346,1669688.7398197546,1535509.2692658075
2024-04-15,1228022.1973863423,1479302.7317228697,1620616.7379951153,1500230.1486455202
2024-04-16,1228711.7368158372,1473689.2825377276,1616663.6192458807,1501923.4617331522
2024-04-17,1209639.1331092855,1458401.2532717017,1599861.998076953,1490352.4394217182
2024-04-18,1200412.1839973915,1446602.354761709,1583751.5223301433,1482104.2423689011
2024-04-19,1180828.3030033277,1439155.7530525215,1567593.6280240389,1483682.9911701167
2024-04-22,1195592.645485891,1454317.517864553,1585470.5716789346,1496880.6656355811
2024-04-23,1213806.2490524345,1468445.2124457294,1612713.3004438663,1508158.2396629076
2024-04-24,1217578.93869262,1468673.6395480651,1611104.8988466738,1507438.3765090746
2024-04-25,1216053.4737983802,1468550.3992505686,1602834.1181460554,1506327.9152404692
2024-04-26,1235239.7140041178,1514843.1188328103,1653359.827312081,1540902.8108786405
2024-04-29,1236105.103236259,1497083.2900216791,1633976.0461592916,1526118.8407249255
2024-04-30,1212330.2113547758,1472399.2883818287,1611422.5420340216,1509226.958183935
2024-05-01,1199980.9326381837,1446250.1150640717,1582804.3759752095,1487601.1878173887
2024-05-02,1210013.6781856935,1458457.8257402547,1596164.732996198,1498153.7288985006
2024-05-03,1220552.589130301,1474187.630157897,1613379.738205982,1511208.398018872
2024-05-06,1232699.734651288,1473958.3160957347,1621146.254465136,1506788.5634447972
2024-05-07,1230932.4340639957,1466909.6476169308,1622829.6510827462,1515181.0175619
2024-05-08,1229702.1843078937,1470360.0301531604,1624886.0031762298,1513192.688160309
2024-05-09,1240993.3823503463,1478879.7411998997,1637915.546599582,1520081.7450599023
2024-05-10,1243216.2775303116,1478638.0786467202,1639309.0330387768,1522740.2955427906
2024-05-13,1247984.6973472307,1482787.5619514314,1636289.4063031818,1525150.8197292874
2024-05-14,1252674.0072145113,1486402.5929480272,1641104.4536733096,1524110.7816433567
2024-05-15,1265676.7710713653,1511320.2402842087,1667388.4066952385,1546285.9935532666
2024-05-16,1265354.7149756362,1505186.338038319,1656701.513990974,1548785.534825835
2024-05-17,1264143.7263899215,1508568.8123692393,1657621.3251711696,1547670.466734633
2024-05-20,1273177.383803329,1525479.3657884626,1681409.9092413678,1556214.6266746728
2024-05-21,1275453.4554293503,1515881.825307076,1678222.6468694275,1550225.7158798478
2024-05-22,1274697.6470845172,1510055.8998504458,1668006.8887561846,1546606.2105136695
2024-05-23,1265551.6536906562,1495895.7835616565,1642272.943508137,1526537.6002629697
2024-05-24,1274959.344024249,1519653.1378379695,1668355.014576237,1547153.9855768457
2024-05-28,1273495.3618882352,1519374.273067793,1671422.2828090151,1534116.5949793898
2024-05-29,1261905.8213079711,1514044.4254507376,1665559.0625156136,1511697.3194773295
2024-05-30,1257531.3448902857,1496379.9314458533,1647750.1435227972,1514552.042239183
2024-05-31,1259406.0884520675,1485677.3753968359,1631212.6953306936,1516222.2969448739
2024-06-03,1258993.522157128,1496006.6262392483,1648850.9416524628,1518578.073751815
2024-06-04,1260555.330816231,1487620.2430376154,1644514.8651995496,1516031.8854927158
2024-06-05,1287308.8879610253,1539551.0340965907,1704507.3759060013,1558374.4575426683
2024-06-06,1282704.2596197692,1531987.7925270228,1694148.8412236602,1552475.0535115553
2024-06-07,1279267.811050809,1513800.0362857727,1674666.6763795875,1551315.0529632703
2024-06-10,1290462.9408377109,1530928.1735845003,1693614.9655030386,1552202.9461298622
2024-06-11,1294178.0716870131,1539523.9497661921,1703124.1870541333,1554676.586383426
2024-06-12,1310578.1746410015,1576252.7628888136,1743756.052508664,1583001.4486699419
2024-06-13,1309068.7060253462,1573812.422001355,1741056.3844776996,1592799.875202364
2024-06-14,1309457.4617039552,1582783.3143935564,1750980.5846273229,1597207.853811781
2024-06-17,1325537.5821855366,1616093.4017002694,1787830.4273163981,1620290.1807652356
2024-06-18,1331783.1647720933,1643603.6728683328,1818264.1261398965,1651469.8989957822
2024-06-20,1317507.2534642606,1578513.4338279206,1746256.957646222,1599696.5402272237
2024-06-21,1318984.269834472,1557709.730151459,1723242.5115786116,1586417.660920645
2024-06-24,1313787.1279020752,1501986.5608684847,1661597.8210886982,1565834.8719351045
2024-06-25,1331418.53331283,1539667.65231776,1703283.1604116792,1588419.2072562054
2024-06-26,1327339.8364977476,1538054.5896551926,1705151.5351754643,1595181.6445272332
2024-06-27,1331035.593129131,1543047.3571179456,1710686.7256434413,1591186.1060734384
2024-06-28,1326704.9520503376,1524179.1149986533,1689768.604640346,1580766.7708756109
2024-07-01,1328007.9683653417,1528718.955307998,1702146.5256631742,1574021.0243960842
2024-07-02,1338551.6440670863,1548290.1189634386,1723937.9662046973,1587676.466771252
2024-07-03,1343467.9698836647,1574514.0421297809,1753136.8974744768,1610994.426734021
2024-07-05,1357470.0936387044,1621156.9704369998,1805071.2952846312,1638915.2518475146
2024-07-08,1360793.1780421736,1637405.5501013573,1820396.702783353,1647108.8951729948
2024-07-09,1357088.5999192686,1637968.995177751,1821023.1166606012,1652342.8792741378
2024-07-10,1372357.2814645593,1667306.4522633236,1853639.2331403082,1677724.5581805704
2024-07-11,1352916.4757373054,1618996.504245029,1799930.3214545657,1646299.58191619
2024-07-12,1365061.2610701385,1642843.1505015069,1827082.4333932572,1660997.272034747
2024-07-15,1372047.5367178586,1652785.2720720756,1842072.9458438281,1662062.0986922334
2024-07-16,1379153.0259229955,1651395.4543176147,1837678.8953899634,1673447.6131014943
2024-07-17,1335491.748192755,1582198.0207178625,1760675.7384483945,1623183.6052335275
2024-07-18,1325009.4448083348,1570903.8554754558,1745797.245013307,1613731.5082516316
2024-07-19,1312974.5261841132,1548827.8401945932,1733879.3726383387,1586303.0465108915
2024-07-22,1330408.3702009583,1554155.9476986676,1741321.969173334,1593609.262998212
2024-07-23,1323819.3056493949,1559522.1687964308,1746403.259055183,1579163.313178939
2024-07-24,1286095.645125984,1490271.717849999,1665755.1542746637,1540822.3580317597
2024-07-25,1278884.4147833972,1501737.947092815,1652971.6729604932,1550439.5071368504
2024-07-26,1294655.424982991,1528913.204354345,1697519.2140233733,1579545.3295297015
2024-07-29,1296289.0429315302,1543913.0452568827,1715025.0822620841,1591220.1517071975
2024-07-30,1285624.2387138836,1540487.160646225,1693056.849647698,1603108.5985916846
2024-07-31,1306922.0314653928,1545090.029767434,1698950.7725407686,1586989.8084979998
2024-08-01,1283559.8717461305,1544614.4413788528,1716684.1784090158,1603034.4649879606
2024-08-02,1250359.8571263037,1511991.5300718052,1682612.4108412534,1591488.9989213923
2024-08-05,1216351.7197479873,1474830.2206305386,1639347.6697639667,1544577.0309204585
2024-08-06,1226572.4108256758,1470536.1836435264,1642856.708698785,1549032.311615425
2024-08-07,1219688.1331402205,1462902.5297138912,1637052.357217048,1551558.8131089748
2024-08-08,1244088.9234266267,1481182.6266694183,1671691.4183646068,1570607.7262599098
2024-08-09,1247465.3633034746,1483659.1428620485,1672637.8301860765,1568041.77981891
2024-08-12,1237837.8081013733,1472950.7311770057,1658968.264560182,1550359.8483619203
2024-08-13,1255969.0370623346,1494093.0449335668,1681352.1610549157,1570748.656227246
2024-08-14,1255648.1451183606,1490003.2701741627,1676552.1973872052,1571590.2530327402
2024-08-15,1270163.7045341383,1510157.6386613382,1693619.4368561201,1583673.850771803
2024-08-16,1274852.703550298,1519373.9990531118,1704914.4976143404,1591753.6458532563
2024-08-19,1286325.7093885883,1528390.850749437,1714693.674268691,1602339.902396014
2024-08-20,1285695.644721894,1527363.745145048,1716143.5184520844,1597000.3115720928
2024-08-21,1292670.0647900351,1531650.471462782,1717398.2593040953,1599426.3069380515
2024-08-22,1286835.9922328503,1518232.3303786227,1703100.638445983,1599028.4530572563
2024-08-23,1294623.959357675,1528762.553479253,1715468.3146789428,1606121.389347977
2024-08-26,1285965.1005374643,1523301.631360629,1712859.8364983222,1616298.8689178103
2024-08-27,1291247.5766119258,1534277.204531383,1726667.4402860843,1625119.728058268
2024-08-28,1283723.795532979,1516902.343103584,1706670.5800261223,1619096.1433662535
2024-08-29,1287725.8116547419,1530418.2487434896,1724464.1702465208,1618225.1664462953
2024-08-30,1292359.5413628544,1527583.3891298657,1720670.5923630556,1628524.352919825
2024-09-03,1276076.60927093,1475899.2461147103,1658564.3078141983,1610738.3145803018
2024-09-04,1278080.9314043585,1473274.0356225464,1657434.1287000033,1620898.823865452
2024-09-05,1270931.4484313536,1469834.7285695116,1648287.075534604,1610695.8611357317
2024-09-06,1253823.6320946147,1448529.5377640896,1633404.019293023,1586908.0047884674
2024-09-09,1273876.3494829908,1482465.0039645887,1672511.2092583359,1603769.1656030016
2024-09-10,1278809.1868567667,1483103.824942859,1673909.7643239615,1605009.176165384
2024-09-11,1291116.5035116796,1508783.5381997204,1709341.4447626092,1611887.6795724307
2024-09-12,1303539.826564456,1534053.714755597,1740250.4651601003,1630863.4744315888
2024-09-13,1309909.8110153638,1549706.3053713623,1753762.9876536287,1637594.461290835
2024-09-16,1311753.8244976534,1548542.574656553,1744171.7799030668,1640727.3188245671
2024-09-17,1306260.6861810084,1558178.53738791,1745537.9046367735,1642327.6394140236
2024-09-18,1302336.9002805036,1554277.6377574562,1745490.6429710109,1637569.350070547
2024-09-19,1321280.1909772863,1579113.6236576396,1773382.044059608,1651451.2389801804
2024-09-20,1324331.2644543017,1575383.975791519,1769193.5610667733,1656297.8069266777
2024-09-23,1328179.9059009843,1580922.733043587,1786060.6055053456,1663978.1735991477
2024-09-24,1329281.6450450656,1581429.8374203066,1790192.1833369501,1671687.1126494063
2024-09-25,1326769.6980775623,1591684.6322415676,1803034.7055976621,1668717.785928714
2024-09-26,1334475.5277362326,1595001.9577923932,1808197.2597147129,1676914.3331908719
2024-09-27,1329944.7751340799,1600629.2160825178,1810312.409391752,1676048.2907023223
2024-09-30,1332847.9075636067,1592028.6275205414,1804490.2449400893,1680435.1685776184
2024-10-01,1320130.7250627757,1572636.829310154,1786464.6768982837,1666014.902968387
2024-10-02,1320565.7653391662,1574541.545644683,1788968.3172497961,1667640.0776257294
2024-10-03,1318188.3372009941,1582599.6900384717,1798123.8489384882,1673251.909170445
2024-10-04,1333430.4032641202,1620288.3747649216,1828349.8668759337,1687753.86490368
2024-10-07,1320712.1216050081,1612348.780335562,1815011.0739881813,1669895.9009623139
2024-10-08,1337294.437261836,1644675.8506407647,1849796.2639927291,1699747.9668941735
2024-10-09,1348641.531381429,1637147.0997730994,1848793.8387389441,1705051.2317930677
2024-10-10,1346496.3655718772,1627619.3363095145,1834355.8081015435,1692843.1042293294
2024-10-11,1360776.80618205,1668167.9955271748,1856743.7229604262,1739406.8053048924
2024-10-14,1369782.9210899519,1647310.1434105753,1855473.905800525,1721212.4533726776
2024-10-15,1351998.4744396908,1598643.2706934733,1810019.6308353555,1692256.723978169
2024-10-16,1356404.9952726609,1620365.9459097919,1825664.1610525798,1708468.5221973017
2024-10-17,1353149.8741296174,1613958.9398482565,1818719.506393546,1704668.868298556
2024-10-18,1363829.3317820062,1639143.309968084,1846877.4557322778,1716196.0373526695
2024-10-21,1361001.2580753695,1661171.1953090373,1878699.477444664,1734088.6554636639
2024-10-22,1359252.443352199,1659314.3445795793,1877394.415870571,1729488.1098452827
2024-10-23,1339860.880776746,1627963.7281203414,1845787.1589625343,1700551.9663485617
2024-10-24,1349884.036294759,1653269.6106425214,1872266.4806766103,1736944.1284947896
2024-10-25,1355664.0765586994,1663534.7831356751,1876927.0014821638,1735287.9954277368
2024-10-28,1360474.4559924991,1681536.9293212588,1898795.083858914,1758219.284220103
2024-10-29,1370225.030827727,1684590.2297074625,1902634.4871005153,1768931.0364456705
2024-10-30,1358896.4840778084,1650430.8967430296,1874889.0226917623,1749561.302863735
2024-10-31,1336923.5879833573,1618417.9864769361,1834711.7151852958,1733965.1608932617
2024-11-01,1344360.1810814538,1636891.6393765109,1855817.264681871,1752591.2825516292
2024-11-04,1341033.4018527167,1627492.299982062,1847181.1424117053,1746049.640892022
2024-11-05,1360080.6323592502,1660899.9174528725,1889429.7404429805,1782147.7765925666
2024-11-06,1408396.3374036043,1745140.6842292591,1985261.5292416227,1851160.823170648
2024-11-07,1432583.2323519029,1834973.8523344044,2087455.2001019209,1976757.4681857624
2024-11-08,1445587.9862623182,1929958.8883100979,2195509.6048156917,2066136.1175134275
2024-11-11,1459125.0305662975,2010173.4325974376,2286761.1871657046,2086650.0075467282
2024-11-12,1458307.730891414,2005795.64607359,2281781.0435889903,2100562.4854873256
2024-11-13,1459121.6563382158,1998720.834315555,2273732.780353378,2084833.1515407907
2024-11-14,1446733.7944548805,1962956.516910238,2233885.439130949,2067132.8513587527
2024-11-15,1420013.0359630163,1967025.3898435035,2238515.901355147,2043594.915204897
2024-11-18,1429577.315476721,1983952.6135759954,2257779.4348543226,2073498.709571327
2024-11-19,1437676.1392785325,2051547.4000692742,2334703.7110711886,2135401.57397993
2024-11-20,1444417.3401563994,2072580.5643657467,2358639.890531086,2154372.0230476772
2024-11-21,1458051.4273835975,2066346.3149408083,2351545.184716511,2148566.698721583
2024-11-22,1471124.5488471675,2111716.096961533,2403176.942506119,2179194.652458017
2024-11-25,1474814.7407978293,2086648.1296471616,2374649.073095986,2136842.0836974513
2024-11-26,1478065.990893994,2071192.1240371168,2357059.8164914884,2121964.3544268077
2024-11-27,1469380.515989009,2094068.1380688616,2383093.1973690777,2143809.6174243647
2024-11-29,1479201.148290945,2125445.6633254057,2418801.4752563983,2160032.733846741
2024-12-02,1480308.9611846907,2126418.19318438,2419908.234510802,2158141.0332756364
2024-12-03,1480220.3297939627,2160535.327327222,2458734.2444249373,2192899.8507200396
2024-12-04,1504517.3723632547,2220594.2560874643,2527082.557437234,2220900.9401095523
2024-12-05,1492048.3924704185,2208651.363608337,2513491.296815617,2229766.450853169
2024-12-06,1501800.3215967454,2268234.5902240598,2581298.250870213,2284414.6010551695
2024-12-09,1475059.4330616803,2156439.6509948205,2454073.279373737,2198649.1336773015
2024-12-10,1473577.6867330123,2138695.9802850722,2433880.6121935025,2187111.3862068136
2024-12-11,1494225.1485390866,2212832.056808352,2518249.0128345573,2231593.3308264962
2024-12-12,1488493.4238609858,2221702.6793831587,2528343.9662556746,2255513.1339894454
2024-12-13,1480240.7093353805,2264476.940110885,2577021.96670352,2257052.2878031633
2024-12-16,1489287.1924815145,2318699.020322442,2638727.824383263,2274206.3244805387
2024-12-17,1477691.7527700788,2264230.400004731,2576741.398922953,2273923.40349871
2024-12-18,1421624.9783074502,2110331.172587577,2401600.8696962404,2158859.755380731
2024-12-19,1414783.5431939042,2098452.9667977626,2388083.2238756223,2171247.789664227
2024-12-20,1433282.4634276787,2174077.751834622,2474145.805841096,2214523.367938927
2024-12-23,1434145.5759989605,2172655.281773402,2472527.0052563734,2213964.0215887674
2024-12-24,1452847.1914900942,2229764.2858372605,2537518.242465403,2268623.0450126235
2024-12-26,1450972.5234804999,2231211.3886812576,2539165.07567046,2262785.3104128074
2024-12-27,1433401.1033975596,2186411.081305507,2488181.391898999,2221812.7288278514
2024-12-30,1414204.0657934204,2150867.84702283,2447732.450295,2183561.7846462843
2024-12-31,1403925.0585318252,2116959.612707316,2409144.172739419,2158075.264161598
2025-01-02,1404598.732575671,2118377.9201885927,2410758.2362213866,2143517.6731562265
2025-01-03,1428096.5643220083,2172004.529227535,2471786.435292563,2178313.1349310474
2025-01-06,1439945.631083623,2177583.849487284,2478135.8180634663,2206644.9180558566
2025-01-07,1407764.5478604042,2120011.845924898,2407120.3574573086,2159357.532122995
2025-01-08,1409689.5865489023,2109192.7285976037,2400524.3829394877,2152915.7684104117
2025-01-10,1386487.8924363598,2077960.2058698162,2358794.6710124663,2119051.6612593583
2025-01-13,1380330.1709180123,2061312.7090927607,2329137.023970156,2096265.3754846137
2025-01-14,1384648.8939013635,2061781.4502626131,2321252.3275085622,2086492.1609148993
2025-01-15,1411920.9626166676,2115399.3587393155,2399312.7480814946,2144343.383488484
2025-01-16,1413783.934836468,2121824.6836624322,2397854.599909655,2148913.0389356944
2025-01-17,1434125.053305914,2162109.774640556,2443380.411468665,2189712.4310552054
2025-01-21,1448470.1659065287,2177856.2804269516,2452942.1225583577,2203579.3023167085
2025-01-22,1472567.4584804617,2230516.1920893574,2485287.2371742376,2215100.951793621
2025-01-23,1472739.618646513,2213899.092446643,2457363.9673827877,2199330.1592731825
2025-01-24,1463688.5628922652,2198876.8745040726,2447257.5285340333,2194042.968946566
2025-01-27,1406602.3521075873,1980633.0523522233,2226120.656369944,2045788.204627324
2025-01-28,1419425.8408183695,1999009.064946352,2266298.876132192,2036355.5900899356
2025-01-29,1423160.220028482,1994093.5530932776,2263089.811979745,2020255.3546138464
2025-01-30,1452027.8940349517,2031888.9991037291,2291671.2301395475,2043534.6301305573
2025-01-31,1453612.001939083,2010347.4582768644,2272876.652137113,2026980.0071594047
2025-02-03,1452969.021548744,2020568.8971456296,2272226.097920915,2039161.036805763
2025-02-04,1474429.0045220698,2082087.3690929404,2348171.9423100497,2047439.1513501161
2025-02-05,1487548.5638855912,2103961.5815964346,2375350.3897289997,2077251.1553686548
2025-02-06,1488687.8141406262,2109164.796064781,2376326.2774433875,2055267.134389218
2025-02-07,1473936.4698860487,2085022.7531550492,2354946.8800198426,2033673.2284499053
2025-02-10,1490766.7384405483,2111447.149909309,2386948.9812753806,2047244.7392492963
2025-02-11,1482502.0603764942,2090733.7281422815,2357203.1037062593,2039878.6175680826
2025-02-12,1478837.655131516,2104074.3062821724,2365053.4266566406,2054246.4184808522
2025-02-13,1503936.534754971,2139635.611436643,2400073.0539437314,2081129.3148633314
2025-02-14,1502965.4548354847,2154996.2066116133,2421163.1220114357,2089109.7455372068
2025-02-18,1515732.34844253,2167882.572228131,2428288.523916424,2074409.8724285034
2025-02-19,1508700.5512413597,2104258.7493303083,2359114.592248089,2047540.2979401983
2025-02-20,1495178.5687900083,2051780.1824771476,2299698.9224935747,2015336.03227255
2025-02-21,1463559.381426224,2006642.503716797,2252590.9325318807,1992067.6491458798
2025-02-24,1444559.1114539865,1960570.1720088054,2216129.767232349,1993644.9015274046
2025-02-25,1435964.816377499,1924943.7456678126,2168600.9514849465,2008668.6060231961
2025-02-26,1440397.9277343957,1919296.6878022822,2139544.0848527504,1978274.6803680498
2025-02-27,1410657.5870848258,1889246.2449216435,2106681.263877717,1969592.0519972625
2025-02-28,1426058.826665471,1907238.7125318423,2138399.0786329224,1992504.9143930904
2025-03-03,1410213.583092159,1876031.978649704,2103410.038958848,1999107.9287278627
2025-03-04,1399564.0467921193,1855942.0672890127,2087372.986569003,1968931.430448957
2025-03-05,1412316.8957277862,1881127.0297113021,2119011.588365241,1970117.2357206799
2025-03-06,1374224.8867416745,1837141.7087922066,2039262.867285694,1936924.836243925
2025-03-07,1382953.7899766585,1840430.8359102341,2035893.7105024823,1931511.386503857
2025-03-10,1343247.212674384,1842364.5541151192,2018245.1259578087,1938076.2138214593
2025-03-11,1334722.0690624423,1801588.5738712389,1977381.9962027157,1900398.3435277785
2025-03-12,1335470.9894083203,1785931.700883199,1968018.2358547105,1881430.2938004588
2025-03-13,1315481.0280495838,1791963.055063147,1961946.2155958475,1888879.2543762997
2025-03-14,1342177.1910045787,1797208.569996585,1975015.1611925499,1895710.0922204535
2025-03-17,1364634.9721989299,1835123.8180683455,2018817.1088076998,1920663.682247319
2025-03-18,1353112.646705817,1825244.610558111,2000970.5640986413,1921037.3847454065
2025-03-19,1359426.2220541607,1808367.3346538513,1982737.9117885814,1898558.9446124758
2025-03-20,1352958.177574583,1815927.4482681002,1981661.0255921627,1896152.342460803
2025-03-21,1348545.4552571846,1801987.4126945117,1974389.0884394832,1893181.992143169
2025-03-24,1357616.123866744,1806404.8179763586,1977113.3665141098,1892869.597154028
2025-03-25,1358759.9017378588,1798184.8933101832,1970512.4440298323,1886520.649576871
2025-03-26,1365718.7668798696,1799493.4274073602,1960783.9814925792,1894171.8529533073
2025-03-27,1377103.9760131924,1810268.5748206328,1980208.0484611325,1905871.0690191116
2025-03-28,1361120.429509612,1781599.9754168491,1954636.8828282626,1884980.8031475083
2025-03-31,1368042.8085912818,1792625.243661014,1972356.4965156836,1896645.8341738698
2025-04-01,1367837.0365689446,1792839.4979996567,1970990.2082634694,1898514.8451624564
2025-04-02,1371419.2868217758,1791728.4688786832,1967269.8873181283,1892114.3725980776
2025-04-03,1363716.1082380246,1795462.5293733256,1985885.4883662206,1909603.2378832302
2025-04-04,1283672.6680246212,1700818.8883258838,1884333.7026972703,1815665.2255609604
2025-04-07,1265625.1509437342,1675319.1201130564,1856424.2382582254,1772716.0773888582
2025-04-08,1241107.826852828,1650793.7481767253,1833415.8865489052,1727623.8748505667
2025-04-09,1302333.9495588518,1729561.6526209114,1895874.9075084538,1849222.322509688
2025-04-10,1279716.4993461561,1696874.8575998284,1888622.5893466936,1823041.312268097
2025-04-11,1302506.8751376888,1746931.0243913336,1914838.034580442,1879082.6845378813
2025-04-14,1323621.006889292,1778835.7569846208,1948470.6984469565,1905553.5439322891
2025-04-15,1321326.31014796,1802946.5318981975,1958474.8795984653,1906434.8983152169
2025-04-16,1305469.9526605643,1772297.3524469417,1924103.2406003992,1871941.3875334044
2025-04-17,1321419.8393450659,1782215.4891936274,1944732.5004789662,1887660.3645396612
2025-04-21,1300655.068732696,1748250.914645732,1915680.6243257427,1853426.152325367
2025-04-22,1335793.0342303573,1801957.197874144,1964870.8243968072,1910363.419765552
2025-04-23,1330540.7330046943,1827127.0128130515,1982534.8787850034,1929787.3345675196
2025-04-24,1333065.6435356133,1894031.1814072137,2033120.4511220264,1974279.155536296
2025-04-25,1332374.0079474614,1922679.3731251054,2048981.2633235103,1996893.977838894
2025-04-28,1330366.759868419,1924411.9948807976,2053183.9842527607,1996410.2517146298
2025-04-29,1347869.5050246762,1959342.9088053675,2081666.0497649454,2029009.2928113395
2025-04-30,1351596.7493623877,1956659.7041752785,2105109.1216715015,2036755.5188411004
2025-05-01,1349109.4479547963,1952457.4526895261,2099676.0469781538,2029251.195168238
2025-05-02,1363760.6148117294,1982822.3776679216,2128750.2633393104,2050076.8814091014
2025-05-05,1364016.4214693918,1973489.6259772466,2124751.4217422092,2051367.8084630782
2025-05-06,1351763.691118081,1945182.194673549,2092887.295294451,2023772.3082439424
2025-05-07,1356439.4543335023,1949845.4778919814,2097904.679387798,2027139.367052167
2025-05-08,1366077.6592547155,1979301.0694893047,2129042.140238571,2016089.218202332
2025-05-09,1362927.9886580643,1977647.4448385835,2117807.8515972146,2012732.4512063367
2025-05-12,1382242.7437273336,2015199.2964619852,2139676.5562187163,2046925.9556343902
2025-05-13,1396809.7723336748,2086391.2808711098,2205696.28372866,2094169.0930985513
2025-05-14,1402232.9592705073,2095458.93134506,2206801.736335736,2104045.882243971
2025-05-15,1410020.3056288671,2064416.3156417527,2177740.1994918454,2105988.9219364296
2025-05-16,1419035.065160108,2070850.6242965532,2184527.7125081536,2115494.344800827
2025-05-19,1421283.7169991934,2073822.048103458,2195990.3617261974,2126484.98120703
2025-05-20,1417627.9710915282,2062030.5870252745,2186524.3604915547,2116015.3808701043
2025-05-21,1397108.9949283767,2020857.9020226547,2143973.354780349,2092078.8608778329
2025-05-22,1396062.2728489216,2027353.637100847,2145125.3067443985,2101809.796969552
2025-05-23,1383783.624809046,2015320.1103246477,2129544.1281252615,2098502.962829646
2025-05-27,1412125.7965781812,2056728.039554197,2159197.7306176485,2116450.2629329283
2025-05-28,1403626.973273016,2054859.7483916916,2160864.5049105505,2111504.822312408
2025-05-29,1398962.8222582687,2049401.3374757208,2144786.4737980105,2104503.141039236
2025-05-30,1401756.2133507873,2037965.8720976554,2154722.718314473,2122968.278755872
2025-06-02,1410852.9833829184,2083657.25564706,2194973.744839567,2157028.725711294
2025-06-03,1423676.7765258842,2127923.054981311,2222189.5702148196,2189657.833332039
2025-06-04,1427852.4095754684,2135658.914385814,2243793.493202855,2201789.0076371636
2025-06-05,1423919.187144355,2136724.904975897,2229706.406312368,2202753.962251786
2025-06-06,1438812.1572502325,2147477.0477730776,2243569.526452113,2205478.782365418
2025-06-09,1442202.7349339512,2150582.57756028,2239287.9204340316,2193562.676941445
2025-06-10,1452471.7640964016,2142929.4689282435,2238212.029081168,2197282.0746263573
2025-06-11,1449339.3088573297,2156326.004538948,2249669.4477727744,2203356.7327527013
2025-06-12,1449357.909671651,2160260.7106828317,2247867.080569644,2210367.1560166758
2025-06-13,1429576.159414856,2131321.8144220966,2221940.8689970192,2186373.6340811467
2025-06-16,1451713.1508994242,2184999.726407066,2276955.7311472446,2236009.0108664487
2025-06-17,1439431.1753105253,2184126.810048456,2269617.171342594,2236623.0213269363
2025-06-18,1437508.5903626394,2183751.2898259116,2265795.67180475,2238604.243923818
2025-06-20,1432359.8458202395,2185695.392589668,2269349.5578769804,2228216.28514655
2025-06-23,1446660.6338826625,2206192.881093634,2302669.325422432,2257153.214411958
2025-06-24,1472226.5574093654,2270632.260721484,2357246.8770915484,2307428.8395372024
2025-06-25,1467406.9597170423,2283008.501350002,2369233.6462629894,2322343.1556717483
2025-06-26,1480041.707903405,2294110.5548626375,2378079.7787936744,2342594.6276330105
2025-06-27,1483386.5074240502,2296679.5442209793,2387682.615973897,2365001.4206141983
2025-06-30,1493094.8935167564,2304115.63485451,2396173.093218258,2384480.4089923687
2025-07-01,1488864.2318357648,2250669.63594363,2331669.575241692,2344148.5861980263
2025-07-02,1494713.3766759154,2274216.5255938447,2357365.5747739794,2372778.1504795067
2025-07-03,1508083.3449123385,2279091.94689795,2359045.0497911116,2411584.1439263388
2025-07-07,1494259.6728429198,2239441.6169463447,2328536.909316204,2399646.156592023
2025-07-08,1498874.0189836253,2241986.909823694,2331183.4656564444,2385277.133025999
2025-07-09,1502321.771143932,2238547.0917307306,2327606.7957713325,2383881.0525262575
2025-07-10,1499727.8442173386,2238632.8462683633,2327695.962019074,2404621.4915580126
2025-07-11,1492151.4715239475,2258589.392525892,2348446.4715172835,2417745.775766365
2025-07-14,1499505.0254227412,2249444.708180558,2338937.969549194,2397662.372976141
2025-07-15,1492363.796501311,2273288.060586085,2363729.9202292073,2416585.918548743
2025-07-16,1494395.252503628,2267918.2317680055,2358146.45491134,2400474.8219455048
2025-07-17,1505257.450664345,2277114.0631860467,2367708.1388180437,2405769.540492017
2025-07-18,1505893.0299631837,2269506.6206096387,2359798.0371701056,2400281.2856854545
2025-07-21,1510690.7726871916,2286562.268068716,2377532.236767102,2406977.869180108
2025-07-22,1511243.4370369064,2252947.947862914,2342580.584226361,2366806.464155382
2025-07-23,1517696.057209275,2293709.423370073,2384963.7387941643,2372008.951902235
2025-07-24,1519788.640213267,2307281.0061420337,2405129.981152153,2389083.579236079
2025-07-25,1522957.0657658458,2320331.354845388,2418733.779236293,2389898.986445825
2025-07-28,1524127.3919268812,2339087.6853904417,2438285.5428967318,2392033.617349872
2025-07-29,1523989.918889892,2350133.412821469,2449799.7061639186,2418367.6742947046
2025-07-30,1520821.066882509,2363363.854364546,2463591.23460559,2436419.6308779996
2025-07-31,1501192.3303285856,2345067.681856229,2444519.143723316,2444072.3727766676
2025-08-01,1481496.4879358113,2308306.3594122203,2406198.818404674,2405070.3662372287
2025-08-04,1512046.141472892,2358955.2047723667,2458995.61955813,2455934.1834154953
2025-08-05,1498672.8768037418,2316527.9193328335,2414769.044659849,2431863.81904292
2025-08-06,1503381.9323503,2303396.2653480144,2401080.4932363643,2423687.4852266456
2025-08-07,1505799.9098567297,2323256.9995025406,2421783.4969171407,2421020.4177015135
2025-08-08,1512131.9542377212,2341885.04863631,2441201.538908011,2434960.7899639155
2025-08-11,1504577.631280243,2330799.626362951,2429645.9973886153,2420845.44265872
2025-08-12,1524019.2428156715,2345970.2536035785,2445459.9924382805,2437155.6723635197
2025-08-13,1530229.5981366297,2354974.0467074625,2454845.625432526,2430501.589627672
2025-08-14,1522108.10181403,2341860.847285484,2441176.311207397,2429645.398174652
2025-08-15,1509800.681091631,2327960.054837171,2426686.0030957228,2420925.0261455225
2025-08-18,1509523.9457791194,2325345.91281088,2423960.9984926055,2418480.207462223
2025-08-19,1499750.5399225648,2268861.6136838053,2365081.2690910925,2381319.5994475223
2025-08-20,1495176.9362694912,2261432.45124959,2357337.04493382,2373846.512804277
2025-08-21,1491691.7333174392,2265763.2765763467,2361851.535283624,2378082.212520175
2025-08-22,1510863.250441132,2298641.6013493207,2407813.5539548476,2398168.9747978165
2025-08-25,1500642.9806150754,2295948.998778561,2404993.0686032022,2394769.782647443
2025-08-26,1505577.510164961,2311937.2139872764,2421740.6299718358,2397426.2550557945
2025-08-27,1509973.1244004408,2320003.4045731327,2430189.917155191,2404305.8612715667
2025-08-28,1517456.007213862,2339204.033867327,2450302.463378963,2426410.1251033805
2025-08-29,1497316.7628949638,2319722.9888805,2429896.183366911,2407160.552823385
2025-09-02,1491042.004698587,2331361.760800114,2442087.7284790264,2435058.166922832
2025-09-03,1499611.6521837078,2342585.00381169,2453844.0095046284,2497409.553096703
2025-09-04,1517386.0629103885,2392372.713204185,2505996.342180259,2546606.9761664397
2025-09-05,1520139.2483822436,2414825.246076985,2529515.2382708937,2558295.156939429
2025-09-08,1527024.7535336097,2448443.247602762,2564729.897086398,2599638.1622168776
2025-09-09,1533079.4657116525,2478499.5833560824,2596213.7319593863,2633245.7975401366
2025-09-10,1521952.74625169,2487303.7243982665,2605436.0179042057,2618496.203918463
2025-09-11,1541690.5735096287,2509320.203164576,2628498.149883702,2642780.954368562
2025-09-12,1543337.3399157014,2564388.7585867075,2686182.137706896,2662895.4485482182
2025-09-15,1559130.2601088604,2642114.8375083054,2767599.748096149,2747224.0113429227
2025-09-16,1561126.9656165482,2648949.50233585,2774759.0192930335,2770097.4970765077
2025-09-17,1563149.8538092615,2641122.118686462,2766559.8809706704,2770424.08959967
2025-09-18,1583609.496552891,2706246.729174417,2834777.5273131365,2831294.8338022935
2025-09-19,1586546.2762515564,2724993.622947538,2854414.788248019,2850518.0595320896
2025-09-22,1592762.6433000318,2757615.059541795,2888585.551160786,2885765.832369153
2025-09-23,1589458.6917477972,2758457.9485702133,2889468.472459136,2878529.3244477753
2025-09-24,1586079.183756873,2751699.0699638235,2882388.5868830425,2850487.1346205696
2025-09-25,1575802.7549981184,2742227.3282790887,2872466.9931928054,2821619.2580411024
2025-09-26,1592815.7886011377,2773608.760580679,2905338.858904246,2844370.2362722885
2025-09-29,1608695.9759089104,2825214.374943819,2959395.4363414575,2895877.734369062
2025-09-30,1613279.0564145488,2860803.6159203076,2996674.956884309,2921944.680871763
2025-10-01,1631136.0004676625,3005459.9685418876,3148201.635207478,3069752.138473426
2025-10-02,1643374.9519284563,3017747.147476394,3161072.38285296,3078967.422171208
2025-10-03,1636507.3997455956,2999868.8861203035,3142345.009264544,3055311.3789448114
2025-10-06,1645736.2079156868,2971900.241129059,3113048.0181824462,3045901.3447594168
2025-10-07,1622968.0031872233,2890315.3049814347,3027588.2775515113,2919645.270573835
2025-10-08,1640066.616659711,2940698.7366809845,3080364.625839005,2951939.3306799307
2025-10-09,1629771.7373620016,2910076.8169519366,3048288.3450789084,2940950.5998831145
2025-10-10,1572943.422164749,2769491.654694248,2901026.2147101285,2835748.7066089706
2025-10-13,1610878.155957288,2864085.82379202,3000113.050319913,2898453.5395215396
2025-10-14,1604869.6974387525,2813478.635108078,2947102.317907684,2832787.6089100093
2025-10-15,1626210.4245306514,2930289.9486738294,3069461.4816389,2913367.633459723
2025-10-16,1621051.9935002702,2940424.4389997073,3080077.3006316256,2935134.4672852536
2025-10-17,1627052.930432467,2927873.9582094126,3066930.7458412736,2930340.82903723
2025-10-20,1642767.8808879105,2936983.986297487,3076473.446667056,2930770.16679103
2025-10-21,1637405.9206257265,2945491.6374205393,3085385.161165906,2907527.4734885907
2025-10-22,1621485.9903488012,2889332.0170126013,3026558.289189076,2856841.3175530466
2025-10-23,1646480.0516948672,2982775.526387134,3124439.815508374,2916267.512640649
2025-10-24,1664571.1808710792,3045462.515970291,3190104.0682941712,2970631.7885617577
2025-10-27,1688012.5012018278,3113899.4320120853,3261791.3352171974,3015392.740676018
2025-10-28,1689762.3286251682,3106548.250228718,3254091.0155478814,3008889.847849154
2025-10-29,1703073.947133404,3150906.160405551,3300555.6654899144,3054516.4227581853
2025-10-30,1694073.0161988512,3088506.022368058,3235191.888010584,3017782.2833171054
2025-10-31,1701755.6355973058,3108178.2444939334,3255798.424951048,2991753.7211467507
2025-11-03,1704497.9531136043,3140596.3053423106,3289756.152966514,3012011.5894172764
2025-11-04,1667087.2121787327,3027400.342503847,3171184.047852159,2936343.0546488212
2025-11-05,1693161.8461558532,3139556.809468739,3288667.287154551,3004938.275782871
2025-11-06,1677167.1010268407,3100395.3520171614,3247645.8908702484,2980775.2680870458
2025-11-07,1675417.054684941,3098822.5628488003,3245998.4034694848,2961351.152199627
2025-11-10,1706676.4332234878,3212386.2722716406,3364955.7209674334,3047287.6456407276
2025-11-11,1703252.4083690427,3160167.423438157,3310256.784030342,3033036.44157666
2025-11-12,1701203.7013994402,3167660.3633870715,3318105.5945440712,3040738.984413935
2025-11-13,1667394.4254993815,3085114.9104333585,3231639.7182097086,2987678.764529282
2025-11-14,1666104.3974439926,3103013.203974769,3250388.0753943925,2988233.937245462
2025-11-17,1654049.7956799152,3099852.3908121553,3247077.142202375,2984394.3476559897
2025-11-18,1639768.4040620944,3074731.8808713737,3220763.5558293774,2976952.3337990935
2025-11-19,1650115.0998124673,3085344.9365605228,3231880.6692246147,2991405.576496739
2025-11-20,1606155.2806509777,2989191.273379058,3131160.272737039,2933746.5369478995
2025-11-21,1623923.054954547,3036120.252596978,3180318.102373396,3001209.2012700685
2025-11-24,1660030.5075000408,3122610.999697675,3270916.651115615,3039316.5312705687
2025-11-25,1675982.8138878385,3179909.18816578,3330936.1664370014,3080970.7369751376
2025-11-26,1687432.8724766832,3196465.8066828586,3348279.1269270927,3087081.9117485406
2025-11-28,1703682.8360553323,3224856.4241750753,3378018.1317213937,3089277.5032992447
2025-12-01,1694196.8756693834,3183855.5761717735,3335069.9846557346,3062984.8805408296
2025-12-02,1703603.699708149,3173074.655978776,3323777.034180303,3068846.0039700875
2025-12-03,1718176.046210863,3165536.471271334,3315880.830048202,3069273.2028212864
2025-12-04,1704381.2088359275,3180798.5251173996,3331867.741661641,3046972.0383975264
2025-12-05,1715469.971680593,3240318.64175723,3394214.713670775,3060124.17438251
2025-12-08,1707829.190333577,3206364.6577447327,3358648.115177097,3038160.469646623
2025-12-09,1705268.4900687172,3209636.2832055767,3362075.1235995754,3045639.867681699
2025-12-10,1730250.200516367,3313653.197001249,3471032.2288441486,3114342.967553259
2025-12-11,1731515.5730267987,3312307.0009296737,3469622.096379167,3112058.7865986926
2025-12-12,1707061.166171153,3257903.486472671,3412634.73505435,3092243.562078932
2025-12-15,1710894.124829602,3268504.4829874686,3423739.2165354015,3108276.734960793
2025-12-16,1699690.399612094,3248709.1065768674,3390750.8942409055,3086557.585145224
2025-12-17,1674496.7416806654,3231117.981787204,3372390.640935831,3071362.624673414
2025-12-18,1688342.5493027384,3244115.363432502,3385956.301015204,3068250.661194947
2025-12-19,1708506.869323774,3273493.0942634596,3415511.296503849,3089127.2914577434
2025-12-22,1717576.7735437716,3326359.5580011806,3445058.444896895,3118332.1902546724
2025-12-23,1715258.267335799,3317356.8871601433,3438645.392939399,3116253.8118327637
2025-12-24,1719358.9938504212,3323944.8489103923,3444515.996492915,3120987.208544683
2025-12-26,1718119.079401812,3313338.34414087,3434694.0678011375,3119497.309047085
2025-12-29,1712739.3733387592,3307450.9612138406,3432022.844240585,3113972.3916875105
2025-12-30,1706795.363653134,3289027.9794735815,3406215.202362737,3102396.4884363743
2025-12-31,1689216.4952182434,3238741.3083256865,3353357.3890489894,3072578.7036163528
2026-01-02,1696968.2281971206,3267151.9621749115,3375770.1760627585,3080987.4782432974
2026-01-05,1715158.1592744938,3341033.4974947595,3459626.4070631284,3148549.7522611436
2026-01-06,1758174.2744774348,3534353.2477672365,3618727.6195694054,3268634.261279523
2026-01-07,1749073.7091093317,3451096.077552039,3521711.8127571796,3249116.4816164225
2026-01-08,1745145.0094226862,3364917.993953739,3428212.2831449257,3230034.1241960586
2026-01-09,1763661.7218324358,3490997.906018281,3551048.8307476644,3303369.1001595864
2026-01-12,1766045.8273271585,3493911.1730426354,3555585.6802405277,3291376.2826756355
2026-01-13,1758292.2195270022,3463563.3651396185,3565178.97371392,3269299.7477064473
2026-01-14,1745642.705701914,3448095.6406266643,3551949.8341866806,3233477.9334133356
2026-01-15,1751907.5929527073,3523971.1946641514,3630110.706062408,3288394.960071127
2026-01-16,1748284.3207355351,3582371.299667007,3692071.6959883585,3324737.3102048943
2026-01-20,1722820.1556281417,3521362.89279039,3633811.841777501,3270695.814769443
2026-01-21,1757228.6131102026,3687943.3202549526,3805711.7420031824,3366267.4467719793
2026-01-22,1764618.0081956082,3682074.420608187,3799655.4286711244,3366612.4061604682
2026-01-23,1758714.5255662235,3601556.0703370003,3716565.856933184,3293263.097372111
2026-01-26,1764153.0604933891,3612901.2888159803,3728273.366358264,3289968.590157095
2026-01-27,1776445.8634487772,3731152.505797868,3849578.543987402,3351946.875745607
2026-01-28,1791702.3615319773,3856293.9526614733,3978691.9554765043,3361177.481004838
2026-01-29,1794355.8243901068,3906411.446209785,4030400.1682987385,3408292.721865787
2026-01-30,1758160.6697871743,3657861.017739318,3773960.798679838,3209428.635841084
2026-02-02,1782121.8430418973,3787496.630187083,3907711.0196745885,3261126.824322804
2026-02-03,1766566.5031569728,3786179.7223328603,3906352.3134270827,3242770.0974184913
2026-02-04,1758494.4647143579,3616695.889400213,3731489.0973574016,3153095.770744887
2026-02-05,1745531.7355666931,3588296.9279508777,3702188.758521879,3136641.3374924646
2026-02-06,1781418.4472651936,3744510.7265198943,3863360.751977414,3187533.085399656
2026-02-09,1781310.4989739927,3714146.509757641,3832032.781016345,3173137.299798137
2026-02-10,1770296.0411725356,3596921.6727110497,3711087.2509647724,3118548.5047324914
2026-02-11,1795876.9471348687,3718768.168751623,3836801.130547278,3189561.426413759
2026-02-12,1777055.3111497182,3700284.7411414096,3817731.042622152,3147692.387117449
2026-02-13,1794813.6854871842,3738630.581709199,3857293.9725403325,3166787.719309494
2026-02-17,1787185.5710987523,3717114.327638154,3835094.796845914,3137803.255066539
2026-02-18,1797085.1358561667,3781013.2096025916,3901021.816610677,3137494.9167588972
2026-02-19,1788262.2644994329,3733385.4781887787,3851882.3904777314,3123955.518667539
2026-02-20,1801769.7484236467,3767974.6910826857,3887569.4581070733,3150098.9296633434
2026-02-23,1794771.9942730519,3750500.2664819355,3869540.3987461803,3166038.5773880845
2026-02-24,1808088.9896084121,3743360.583884828,3862174.104043941,3183379.864611096
2026-02-25,1815605.9065506742,3826194.2049776535,3947636.8477898003,3185448.077935937
2026-02-26,1801128.0265599384,3746259.487712549,3865165.018502393,3164492.8110987823
2026-02-27,1808908.2288296157,3728944.083915691,3866638.4353154423,3186356.8493930534
2026-03-02,1798369.7153406516,3674495.44840809,3817072.970645383,3182900.0529804262
2026-03-03,1758537.0347644545,3548747.929252203,3676992.1583430716,3124201.258596983
2026-03-04,1778950.0328196338,3562472.1502999677,3698487.7183660986,3128408.4413141604
2026-03-05,1751082.6703169805,3508432.633707165,3627574.8373296717,3079599.499346994
2026-03-06,1716145.96731618,3454008.017451666,3572828.585990572,3068685.38392571
2026-03-09,1738810.2595219521,3449352.4338766974,3593785.8476613336,3060667.7891238565
2026-03-10,1744590.6802720502,3427807.9496343206,3584987.103239791,3052900.6791206766
2026-03-11,1742413.9029106507,3372719.845032672,3564060.212696956,3026934.1939871605
2026-03-12,1708041.102409693,3331782.8490597834,3500631.856510519,3001825.935111907
2026-03-13,1715120.8700785015,3356476.139607364,3519622.8836998446,3024939.3274578154
2026-03-16,1734975.0946494013,3375557.2179145943,3518574.0058602863,3024556.3906979463
2026-03-17,1750054.4257133484,3424043.4775274345,3560005.8153198874,3039569.099371493
2026-03-18,1719463.0568179023,3407351.1660947874,3491344.9201397086,3009498.8938775565
2026-03-19,1726633.8221679511,3386811.3177770223,3498659.302124127,3001527.0486276876
2026-03-20,1696144.235388014,3303816.615722075,3423133.6982108774,2954148.6832318404
2026-03-23,1712227.1549553133,3394902.706424211,3435828.8063472877,3005655.4827319016
2026-03-24,1712683.10551335,3328555.8845786005,3480894.118839238,2951280.209613123
2026-03-25,1725643.5782947922,3393121.008534735,3488925.7203067434,2940949.9182644347
2026-03-26,1707858.3370543793,3315722.3870339678,3418050.0517139854,2904528.8110434106
2026-03-27,1683056.3977043005,3223602.5628491426,3364497.318455494,2843764.516159439
2026-03-30,1663626.4618761316,3160374.9844621914,3281945.003971862,2795416.94184357
2026-03-31,1702739.0843295816,3279528.7577588717,3354213.375887811,2886309.7120108404
2026-04-01,1712087.5968530818,3299931.10398383,3373663.342591871,2901489.9755734107
2026-04-02,1717378.655465176,3308974.856197996,3392548.2731042732,2912070.7164922343
2026-04-06,1718385.1088547704,3314959.0513607985,3434803.3446202725,2918691.137861572
2026-04-07,1715795.2559243222,3324411.337680429,3441240.2590573058,2925008.906658556
2026-04-08,1746336.9887811656,3383611.191261281,3597984.431623721,2933044.5991139053
2026-04-09,1733489.9183729938,3369276.8968043844,3650093.4652243587,2922878.04891854
2026-04-10,1720040.3352833998,3390852.1421595225,3705747.3339476194,2946092.595508534
